"FAJ","FAJTA","ORSZAGKOD","FULSZAM","SZULETESI_EV","IVAR_KOD","APAORSKO","APAFULSZAM","ANYAORSKO","ANYAFULSZA","TENYESZET","TKV","TKO","FTIP","torzsbak_e","torzs_e"
"D","20","HU","7049022198","2011","2","","","","","","B","",11,"nem","nem"
"D","20","HU","7030060808","2012","2","HU","7030048563","HU","7030024239","","b","",11,"nem","nem"
"D","20","HU","7019079449","2013","2","","","HU","7024019120","","E","",11,"nem","nem"
"D","20","HU","7050037202","2011","2","","","","","","B","",11,"nem","nem"
"D","20","HU","7019088106","2013","1","HU","7019060542","HU","7019067073","","B","",11,"nem","nem"
"D","20","HU","7019079816","2013","2","HU","7019066410","HU","7009011208","","B","",11,"nem","nem"
"D","20","HU","7043021218","2012","2","HU","7011014507","HU","7043017192","","B","",11,"nem","nem"
"D","20","HU","7031020317","2006","2","","","","","","B",3,11,"nem","nem"
"D","20","HU","7059004647","2001","2","HU","7059004353","HU","7059004506","","B","",11,"nem","nem"
"D","20","HU","7009011349","2005","2","","","","","","B","",11,"nem","nem"
"D","20","HU","7019066663","2011","2","HU","7019048380","HU","7019045642","","E","",11,"nem","igen"
"D","20","HU","7030059376","2011","2","","","","","","E","",11,"nem","nem"
"D","20","HU","7038020758","2010","2","HU","7021005685","HU","7008077377","","E","",11,"nem","nem"
"D","20","HU","7030066242","2011","2","","","","","","E","",11,"nem","nem"
"D","20","HU","7043020402","2010","2","","","","","","B","",11,"nem","nem"
"D","20","HU","7019060399","2010","2","HU","7019048377","HU","7019048351","","B","",11,"nem","igen"
"D","20","HU","7008076181","2003","2","","","","","","E","",11,"nem","nem"
"D","20","HU","7019083578","2013","1","HU","7030044556","HU","7019056059","","E","",11,"nem","igen"
"D","20","HU","7019076826","2012","1","HU","7019055991","HU","7019053001","","B","",11,"nem","igen"
"D","20","HU","7043023900","2013","1","HU","7011014507","HU","7043021234","","K","",11,"nem","nem"
"D","20","HU","7026031900","2009","2","","","","","","E","",11,"nem","nem"
"D","20","HU","7030049621","2014","2","HU","7019067495","HU","7030049283","","E","",11,"nem","nem"
"D","20","HU","7019091221","2014","2","HU","7019067648","HU","7019066407","","A","",11,"nem","nem"
"D","20","HU","7043029849","2014","2","HU","7019067622","HU","7043023591","","E","",11,"nem","nem"
"D","20","HU","7019091388","2014","2","HU","7019067648","HU","7019045642","","B","",11,"nem","nem"
"D","20","HU","7019091487","2014","2","HU","7025030450","HU","7019079184","","a","",11,"nem","nem"
"D","20","HU","7019091531","2014","2","HU","7025030450","HU","7019066379","","a","",11,"nem","nem"
"D","20","HU","7025037077","2014","2","HU","7038020873","HU","7038021720","","E","",11,"nem","nem"
"D","20","HU","7025037147","2014","2","HU","7038020873","HU","7038022015","","E","",11,"nem","nem"
"D","20","HU","7043024196","2014","2","HU","7019067622","HU","7043020910","","B","",11,"nem","nem"
"D","20","HU","7019091726","2014","2","HU","7019067648","HU","7009011419","","B","",11,"nem","nem"
"D","20","HU","7043025522","2014","2","HU","7036005834","HU","7003051442","","E","",11,"nem","nem"
"D","20","HU","7019083341","2014","2","HU","7019055991","HU","7019066069","","E","",11,"nem","nem"
"D","20","HU","7019082580","2014","2","HU","7019055991","HU","7019076347","","E","",11,"nem","nem"
"D","20","HU","7050053426","2014","2","HU","7050038399","HU","7025030380","","b","",11,"nem","nem"
"D","20","HU","7036023229","2011","2","","","","","","E","",11,"nem","nem"
"D","20","HU","7038021340","2011","2","HU","7038006057","HU","7038005944","","E","",11,"nem","nem"
"D","20","HU","7019077108","2012","1","HU","7019055991","HU","7019053113","","E","",11,"nem","nem"
"D","20","HU","7025026545","2012","2","HU","7038006057","HU","7008076181","","E","",11,"nem","nem"
"D","20","HU","7051033351","2012","2","","","","","","E","",11,"nem","nem"
"D","20","HU","7019067437","2012","2","HU","7019048380","HU","7019046487","","b","",11,"nem","nem"
"D","20","HU","7019067482","2012","2","HU","7019048380","HU","7019046490","","E","",11,"nem","nem"
"D","20","HU","7025026743","2012","2","HU","7038006057","HU","7008077504","","E","",11,"nem","nem"
"D","20","HU","7043021135","2011","2","HU","7011014507","HU","7009039846","","B","",11,"nem","nem"
"D","20","HU","7011014507","2007","1","","","","","","B","",11,"nem","nem"
"D","20","HU","7028018084","2008","2","","","","","","B","",11,"nem","nem"
"D","20","HU","7046022401","2007","1","","","","","","B","",11,"nem","nem"
"D","20","HU","7019053014","2008","2","","","","","","B","",11,"nem","nem"
"D","20","HU","7031019942","2008","2","","","","","","B","",11,"nem","nem"
"D","20","HU","7019056075","2010","2","HU","7019052969","HU","7019053171","","E","",11,"nem","nem"
"D","20","HU","7019045668","2008","2","","","","","","B","",11,"nem","igen"
"D","20","HU","7019045754","2008","2","","","","","","B","",11,"nem","nem"
"D","20","HU","7019046531","2008","2","","","","","","E","",11,"nem","igen"
"D","20","HU","7030024312","2007","2","","","","","","B","",11,"nem","nem"
"D","20","HU","7031019830","2007","2","","","","","","E","",11,"nem","nem"
"D","20","HU","7031019843","2007","2","","","","","","E","",11,"nem","nem"
"D","20","HU","7045030689","2008","2","","","","","","E","",11,"nem","nem"
"D","20","HU","7030050351","2014","2","HU","7019067495","HU","7030037213","","E","",11,"nem","nem"
"D","20","HU","7030049519","2011","1","HU","7030042190","HU","7010044851","","E","",11,"nem","nem"
"D","20","HU","7030049522","2011","2","HU","7030042190","HU","7010044851","","E","",11,"nem","nem"
"D","20","HU","7038021155","2010","1","HU","7021005685","HU","7008075867","","K","",11,"nem","nem"
"D","20","HU","7030049171","2011","2","HU","7030042190","HU","7030042202","","E","",11,"nem","nem"
"D","20","HU","7030066309","2011","2","","","","","","E","",11,"nem","nem"
"D","2011","HU","7043017444","2010","2","HU","7011014268","HU","7009040620","","E","",11,"nem","nem"
"D","20","HU","7043020981","2010","2","HU","7011014507","HU","7059006793","","E","",11,"nem","nem"
"D","20","HU","7019060274","2010","2","HU","7019048364","HU","7019046458","","B","",11,"nem","nem"
"D","20","HU","7019060373","2010","2","HU","7019048377","HU","7019045613","","E","",11,"nem","nem"
"D","20","HU","7019060427","2010","1","HU","7019048377","HU","7019045709","","K","",11,"nem","nem"
"D","20","HU","7049022213","2011","2","","","","","","E","",11,"nem","nem"
"D","20","HU","7030060671","2012","2","HU","7030048563","HU","7030037130","","E","",11,"nem","nem"
"D","20","HU","7019079650","2013","2","HU","7019066410","HU","7019046557","","E","",11,"nem","nem"
"D","20","HU","7051025413","2008","2","","","","","","E","",11,"nem","nem"
"D","20","HU","7019067664","2012","1","HU","7019048380","HU","7030024916","","K","",11,"nem","nem"
"D","20","HU","7019067820","2012","2","HU","7019048377","HU","7009011208","","E","",11,"nem","nem"
"D","20","HU","7043024237","2014","2","HU","7019067622","HU","7043022941","","E","",11,"nem","nem"
"D","20","HU","7043024282","2014","2","HU","7019067622","HU","7050008088","","E","",11,"nem","nem"
"D","20","HU","7039009934","2008","2","","","","","","E","",11,"nem","nem"
"D","20","HU","7030024510","2007","2","","","","","","E","",11,"nem","nem"
"D","20","HU","7030025058","2007","2","","","","","","E","",11,"nem","nem"
"D","20","HU","7043025733","2013","2","HU","7045031242","HU","7031019827","","E","",11,"nem","nem"
"D","20","HU","7025037019","2013","2","HU","7038020873","HU","7038022015","","E","",11,"nem","nem"
"D","20","HU","7008075809","2006","2","","","","","","E","",11,"nem","nem"
"D","20","HU","7008077377","2006","2","","","","","","E","",11,"nem","nem"
"D","20","HU","7059004692","2001","2","HU","7059004353","HU","7059004379","","B","",11,"nem","nem"
"D","20","HU","7019083523","2013","2","HU","7030044556","HU","7019045741","","E","",11,"nem","nem"
"D","20","HU","7019083763","2013","2","HU","7030044556","HU","7019056059",6737115,"A",1,11,"nem","igen"
"D","20","HU","7019082832","2015","2","HU","7019055991","HU","7019053014","","B",3,11,"nem","nem"
"D","20","HU","7019082858","2015","2","HU","7019055991","HU","7019076363","","E","",11,"nem","nem"
"D","20","HU","7049037723","2015","2","HU","7049034506","HU","7049022185","","b","",11,"nem","nem"
"D","20","HU","7049041779","2015","2","HU","7049034506","HU","7049019651","","B","",11,"nem","nem"
"D","20","HU","7043024307","2014","1","HU","7019067622","HU","7059004647","","K","",11,"nem","nem"
"D","20","HU","7049035172","2014","2","","","HU","7049019693","","E","",11,"nem","nem"
"D","20","HU","7049035185","2014","2","","","HU","7049022172","","B","",11,"nem","nem"
"D","20","HU","7024027435","2008","2","","","","","","","",11,"nem","igen"
"D","20","HU","7019082634","2014","1","HU","7030044556","HU","7003077554","","K","",11,"nem","nem"
"D","20","HU","7049037682","2014","2","HU","7043023504","HU","7049019635","","E","",11,"nem","nem"
"D","20","HU","7050062758","2012","2","","","","","","B","",11,"nem","nem"
"D","20","HU","7050063382","2012","2","","","","","","B","",11,"nem","nem"
"D","20","HU","7043025353","2013","2","HU","7045031242","HU","7045030142","","E","",11,"nem","nem"
"D","20","HU","7043017387","2009","1","HU","7012005021","HU","7059004522","","E","",11,"nem","nem"
"D","20","HU","7043017415","2009","2","HU","7012005021","HU","7043015666","","E","",11,"nem","nem"
"D","20","HU","7043015765","2009","1","HU","7012005021","HU","7059004692","","E","",11,"nem","nem"
"D","20","HU","7043017035","2009","1","HU","7012005021","HU","7059004692","","E","",11,"nem","nem"
"D","20","HU","7050075563","2016","2","HU","7050053512","HU","7050037202","","E","",11,"nem","nem"
"D","20","HU","7050075815","2016","2","HU","7050053512","HU","7025030421",8994963,"E","",11,"nem","nem"
"D","20","HU","7050080057","2016","2","HU","7050070948","HU","7050053400","","E","",11,"nem","nem"
"D","20","HU","7025048765","2015","2","HU","7019088106","HU","7050057798","","E","",11,"nem","nem"
"D","20","HU","7051038554","2015","2","HU","7019056327","HU","7051033393","","E","",11,"nem","nem"
"D","20","HU","7049041641","2015","2","HU","7049034506","HU","7049028110","","B","",11,"nem","nem"
"D","20","HU","7019111749","2015","1","HU","7019079197","HU","7019066379","","B","",11,"nem","nem"
"D","20","HU","7043033514","2016","2","HU","7050053497","HU","7043021276","","A","",11,"nem","nem"
"D","20","HU","7043034883","2016","2","HU","7019067622","HU","7043023559",1318221,"B",2,11,"nem","igen"
"D","20","HU","7043034908","2016","2","HU","7050053497","HU","7043021218","","B","",11,"nem","nem"
"D","20","HU","7050063522","2014","1","","","","","","B","",11,"nem","nem"
"D","20","HU","7043029977","2015","2","HU","7019067622","HU","7043021250","","A","",11,"nem","nem"
"D","20","HU","7019111640","2015","1","HU","7019088119","HU","7019067424","","B","",11,"nem","nem"
"D","20","HU","7050062787","2012","2","","","","","","B","",11,"nem","nem"
"D","20","HU","7019111637","2015","2","HU","7019088119","HU","7019045572","","B","",11,"nem","nem"
"D","20","HU","7019111752","2015","2","HU","7019088119","HU","7019067763",6695097,"A","",11,"nem","nem"
"D","20","HU","7019111864","2015","2","HU","7019088119","HU","7019067284","","B","",11,"nem","nem"
"D","20","HU","7019111934","2015","2","HU","7019088119","HU","7019088052","","B","",11,"nem","nem"
"D","20","HU","7019112063","2015","2","HU","7019079197","HU","7019066465","","E","",11,"nem","nem"
"D","20","HU","7019092293","2014","2","","","","","","B","",11,"nem","nem"
"D","20","HU","7049048693","2016","2","HU","7049034506","HU","7049019721","","B",2,11,"nem","nem"
"D","20","HU","7019127391","2016","2","HU","7019055991","HU","7019097566","","E","",11,"nem","nem"
"D","20","HU","7043030636","2015","2","HU","7019067622","HU","7050008088","","B","",11,"nem","nem"
"D","20","HU","7043030719","2015","2","HU","7019067622","HU","7043023690","","A","",11,"nem","nem"
"D","20","HU","7043030818","2015","2","HU","7019067622","HU","7043023731","","B","",11,"nem","nem"
"D","20","HU","7043030917","2015","2","HU","7011014507","HU","7043023434","","E","",11,"nem","nem"
"D","20","HU","7050075477","2016","1","HU","7019082647","HU","7050053583","","K","",11,"nem","nem"
"D","20","HU","7019127586","2016","1","HU","7019055991","HU","7019076488","","A","",11,"nem","nem"
"D","20","HU","7019127726","2016","1","HU","7019055991","HU","7019066069","","K","",11,"nem","nem"
"D","20","HU","7019122651","2016","2","HU","7019091771","HU","7019079506","","A","",11,"nem","nem"
"D","202","HU","7019122680","2016","2","","","HU","7019091276","","E","",11,"nem","nem"
"D","20","HU","7019123003","2016","2","HU","7019088119","HU","7019089305","","b","",11,"nem","nem"
"D","20","HU","7019123058","2016","2","HU","7019088119","HU","7019067677","","a","",11,"nem","nem"
"D","20","HU","7019123199","2016","2","HU","7019091771","HU","7019066618","","A","",11,"nem","nem"
"D","20","HU","7019123269","2016","1","HU","7019091771","HU","7019066423","","B","",11,"nem","nem"
"D","20","HU","7049048549","2016","2","HU","7043024240","HU","7049022198",1145467,"B",2,11,"nem","nem"
"D","20","HU","7049048635","2016","2","HU","7049034506","HU","7049028110",1145467,"B",2,11,"nem","nem"
"D","20","HU","7049048721","2016","2","HU","7049034506","HU","7049019718",9915871,"B","",11,"nem","nem"
"D","20","HU","7019135143","2017","2","HU","7019111749","HU","7019091388","","A","",11,"nem","nem"
"D","20","HU","7019135226","2017","2","HU","7049041782","HU","7019112191","","B","",11,"nem","nem"
"D","20","HU","7019135271","2017","2","HU","7019111749","HU","7019091614","","A","",11,"nem","nem"
"D","20","HU","7019135297","2017","2","HU","7019112133","HU","7019079478","","B","",11,"nem","nem"
"D","20","HU","7019135309","2017","2","HU","7019111749","HU","7019091474",7752955,"A",1,11,"nem","nem"
"D","20","HU","7019135325","2017","2","HU","7019111749","HU","7019067408","","a","",11,"nem","nem"
"D","20","HU","7019135370","2017","2","HU","7019111749","HU","7019091317","","E","",11,"nem","nem"
"D","20","HU","7043034304","2017","1","HU","7043024208","HU","7043030201",9938294,"K","",11,"nem","nem"
"D","20","HU","7049057181","2017","2","HU","7043024240","HU","7049019705",1145467,"B",2,11,"nem","nem"
"D","20","HU","7049057743","2017","2","HU","7019112133","HU","7049034999","","A",2,11,"nem","nem"
"D","20","HU","7049051156","2017","2","HU","7043024240","HU","7049019677","","B","",11,"nem","nem"
"D","20","HU","7019123300","2016","2","HU","7026036103","HU","7019091333",7752955,"A",1,11,"nem","nem"
"D","20","HU","7049057699","2017","1","HU","7043024240","HU","7049022226","","K","",11,"nem","nem"
"D","20","HU","7019128277","2017","1","HU","7019091656","HU","7019076334","","E","",11,"nem","nem"
"D","20","HU","7019128363","2017","1","HU","7019091656","HU","7019076040","","E","",11,"nem","nem"
"D","20","HU","7019128488","2017","1","HU","7019091656","HU","7019082692","","k","",11,"nem","nem"
"D","20","HU","7019128491","2017","1","HU","7019091656","HU","7019097537","","k","",11,"nem","nem"
"D","20","HU","7019127180","2016","2","HU","7019055991","HU","7019097553","","b","",11,"nem","nem"
"D","20","HU","7019082788","2016","1","HU","7019091656","HU","7019097537",8215035,"K","",11,"nem","igen"
"D","20","HU","7043035235","2017","1","HU","7019067622","HU","7043020949","","a","",11,"nem","nem"
"D","20","HU","7043034742","2017","2","HU","7019077137","HU","7043030342","","A",2,11,"nem","nem"
"D","20","HU","7050085502","2017","1","HU","7019083127","HU","7050062774","","K","",11,"nem","nem"
"D","20","HU","7050085627","2017","1","HU","7050063519","HU","7050063449","","B","",11,"nem","nem"
"D","20","HU","7050086011","2017","2","HU","7019083127","HU","7050062758",4665472,"B",2,11,"nem","igen"
"D","20","HU","7050086165","2017","2","HU","7019083127","HU","7050062787","","b","",11,"nem","nem"
"D","20","HU","7050086574","2017","2","HU","7019083127","HU","7050062592","","E","",11,"nem","nem"
"D","20","HU","7043036463","2018","1","HU","7043024208","HU","7043030144","","B","",11,"nem","nem"
"D","20","HU","7043036645","2018","1","HU","7043024208","HU","7043030160",4665472,"B","",11,"nem","nem"
"D","20","HU","7019128532","2017","2","HU","7019091656","HU","7019076011","","E","",11,"nem","nem"
"D","20","HU","7050087546","2017","2","HU","7025048653","HU","7025048538","","E","",11,"nem","nem"
"D","20","HU","7050087645","2017","2","HU","7025048653","HU","7025048752","","b","",11,"nem","nem"
"D","20","HU","7050087661","2017","2","HU","7025048653","HU","7025048567","","E","",11,"nem","nem"
"D","20","HU","7050087744","2017","2","HU","7050053512","HU","7050037202","","x","",11,"nem","nem"
"D","20","HU","7043035561","2017","2","HU","7050053497","HU","7043033457","","B","",11,"nem","nem"
"D","20","HU","7043035574","2017","2","HU","7019067622","HU","7043030678","","A",3,11,"nem","nem"
"D","20","HU","7019136780","2018","2","HU","7049041782","HU","7019091726","","E","",11,"nem","nem"
"D","20","HU","7019137158","2018","2","HU","7049041849","HU","7019092194","","B","",11,"nem","nem"
"D","20","HU","7043040815","2018","1","HU","7019123722","HU","7043033514",9586909,"A","",11,"nem","nem"
"D","20","HU","7043040927","2018","1","HU","7019123722","HU","7043023942","","A","",11,"nem","nem"
"D","2000","HU","7043035590","2018","2","HU","7019123722","HU","7043024419","","b","",11,"nem","nem"
"D","20","HU","7043035701","2018","2","HU","7050053497","HU","7043024349",1318221,"A",2,11,"nem","igen"
"D","20","HU","7043035756","2018","2","HU","7019123722","HU","7043021218",1318221,"E","",11,"nem","igen"
"D","20","HU","7043042015","2018","2","HU","7019123722","HU","7043030681",1318221,"A",3,11,"nem","igen"
"D","20","HU","7050094834","2018","2","HU","7019123579","HU","7050075716","","E","",11,"nem","nem"
"D","20","HU","7050094904","2018","2","HU","7019123269","HU","7025030405","","B",2,11,"nem","nem"
"D","20","HU","7050094959","2018","2","HU","7019123579","HU","7050075844","","E","",11,"nem","nem"
"D","20","HU","7049057842","2018","2","HU","7050075550","HU","7049028110","","b","",11,"nem","nem"
"D","20","HU","7019127771","2018","2","HU","7019091656","HU","7003077554","","b","",11,"nem","nem"
"D","20","HU","7043036898","2018","2","HU","7043024208","HU","7043025647","","E","",11,"nem","nem"
"D","20","HU","7043037109","2018","2","HU","7043024208","HU","7043025973","","b","",11,"nem","nem"
"D","20","HU","7050094962","2018","2","HU","7019123269","HU","7050075592","","E","",11,"nem","nem"
"D","20","HU","7050086983","2018","1","HU","7019083127","HU","7050063155","","K","",11,"nem","nem"
"D","20","HU","7049065991","2019","1","HU","7049048820","HU","7049035060",9721250,"B","",11,"nem","nem"
"D","20","HU","7049066145","2019","1","HU","7019112133","HU","7049044529","","B","",11,"nem","nem"
"D","20","HU","7019135523","2019","1","HU","7049041849","HU","7019091221",4665472,"A","",11,"nem","nem"
"D","20","HU","7019135635","2019","1","HU","7050087728","HU","7019122789","","E","",11,"nem","nem"
"D","20","HU","7025079837","2019","2","HU","7050063519","HU","7050078649","","E","",11,"nem","nem"
"D","20","HU","7025080202","2019","1","HU","7050063519","HU","7050062758",4665472,"K","",11,"nem","igen"
"D","20","HU","7025080512","2019","1","HU","7025048710","HU","7050062787","","k","",11,"nem","nem"
"D","20","HU","7019128095","2018","1","HU","7019091656","HU","7019082663","","k","",11,"nem","nem"
"D","20","HU","7043037141","2019","1","HU","7043024208","HU","7043025973",9915871,"K","",11,"nem","nem"
"D","20","HU","7043043920","2019","1","HU","7043024240","HU","7043034320","","k","",11,"nem","nem"
"D","20","HU","7082000627","2019","1","HU","7043034755","HU","7049019718","","K","",11,"nem","nem"
"D","20","HU","7082000630","2019","1","HU","7043034755","HU","7049019718",9268717,"K","",11,"nem","nem"
"D","20","HU","7043037224","2019","2","HU","7043024208","HU","7043030508","","E","",11,"nem","nem"
"D","20","HU","7043043681","2019","2","HU","7043024240","HU","7043030115",6729882,"B",1,11,"nem","nem"
"D","20","HU","7043037183","2019","2","HU","7043024240","HU","7043030144","","E","",11,"nem","nem"
"D","20","HU","7043042284","2019","2","HU","7050053497","HU","7043030665","","A",2,11,"nem","nem"
"D","20","HU","7043042804","2019","2","HU","7050053497","HU","7043033585","","E","",11,"nem","nem"
"D","20","HU","7043045894","2020","1","HU","7043035628","HU","7043035756","","E","",11,"nem","nem"
"D","20","HU","7043045807","2020","2","HU","7043035628","HU","7043040729",8800725,"E","",11,"nem","nem"
"D","20","HU","7050095215","2018","2","","","","","","E","",11,"nem","nem"
"D","20","HU","7049062563","2019","2","HU","7019112133","HU","7049048651",7114652,"A",2,11,"nem","nem"
"D","20","HU","7049065748","2019","2","HU","7043034755","HU","7049019648",6690319,"B",1,11,"nem","igen"
"D","20","HU","7049065764","2019","2","HU","7019112133","HU","7049051156","","a","",11,"nem","nem"
"D","20","HU","7049066046","2019","2","HU","7049048820","HU","7049057602",1145467,"A",1,11,"nem","nem"
"D","20","HU","7049066244","2019","2","HU","7019112133","HU","7049048734","","a","",11,"nem","nem"
"D","20","HU","7049066286","2019","2","HU","7049048820","HU","7049057743",1145467,"A",1,11,"nem","nem"
"D","20","HU","7067030902","2019","1","HU","7019082973","HU","7019127700","","a","",11,"nem","nem"
"D","20","HU","7067030861","2019","2","HU","7019082973","HU","7019076363",6737115,"A",1,11,"nem","igen"
"D","202","HU","7082002249","2020","2","HU","7043036463","HU","7027008877","","E","",11,"nem","nem"
"D","202","HU","7082002223","2020","1","HU","7043036463","HU","7042041086","","E","",11,"nem","nem"
"D","20","HU","7019140020","2019","2","HU","7049041782","HU","7019091560","","A","",11,"nem","nem"
"D","20","HU","7019140299","2019","2","HU","7050087728","HU","7019111851",7752955,"B",1,11,"nem","nem"
"D","20","HU","7019140385","2019","2","HU","7049041849","HU","7019111880",7752955,"A",1,11,"nem","nem"
"D","20","HU","7019135536","2019","1","HU","7049041849","HU","7019091614","","K","",11,"nem","nem"
"D","20","HU","7049070539","2020","2","HU","7049061702","HU","7049019648","","b","",11,"nem","nem"
"D","20","HU","7049070782","2020","2","HU","7019112133","HU","7049035185","","b","",11,"nem","nem"
"D","20","HU","7049070807","2020","2","HU","7049048820","HU","7049041584","","k","",11,"nem","nem"
"D","20","HU","7049071051","2020","1","HU","7049048820","HU","7049048846","","K","",11,"nem","nem"
"D","20","HU","7049071019","2020","1","HU","7049061702","HU","7049057392",6809003,"A","",11,"nem","nem"
"D","20","HU","7049066778","2020","2","HU","7043035206","HU","7049061632","","A",1,11,"nem","nem"
"D","20","HU","7049070906","2020","1","HU","7019112133","HU","7049062167",4407119,"K","",11,"nem","nem"
"D","20","HU","7043045539","2020","1","HU","7019123722","HU","7043033192","","k","",11,"nem","nem"
"D","20","HU","7043045836","2020","2","HU","7050053497","HU","7043022909",1318221,"B",2,11,"nem","igen"
"D","20","HU","7065021528","2020","1","HU","7019136904","HU","7049048578","","E","",11,"nem","nem"
"D","20","HU","7065021586","2020","1","HU","7019136904","HU","7049048594","","E","",11,"nem","nem"
"D","20","HU","7065021502","2020","2","HU","7019136904","HU","7049048763","","E","",11,"nem","nem"
"D","20","HU","7049070795","2020","2","HU","7019112133","HU","7049048651",1145467,"A",1,11,"nem","nem"
"D","20","HU","7049071118","2020","1","HU","7049061702","HU","7049048888",1189160,"K","",11,"nem","nem"
"D","20","HU","7019112667","2020","1","HU","7019111749","HU","7049062224","","E","",11,"nem","nem"
"D","20","HU","7067030788","2020","1","HU","7019127797","HU","7019127065","","K","",11,"nem","nem"
"D","20","HU","7067031169","2020","2","HU","7019127797","HU","7019127982","","A",2,11,"nem","nem"
"D","20","HU","7019145070","2020","2","HU","7019111749","HU","7019112063","","b","",11,"nem","nem"
"D","20","HU","7019135888","2020","1","HU","7019136751","HU","7019112159","","a","",11,"nem","nem"
"D","20","HU","7082002153","2020","2","HU","7043036463","HU","7019091250","","a","",11,"nem","nem"
"D","20","HU","7043044905","2020","2","HU","7019123722","HU","7043023492",1318221,"B",2,11,"nem","igen"
"D","20","HU","7043044893","2020","1","HU","7019123722","HU","7043023492","","k","",11,"nem","nem"
"D","20","HU","7043044989","2020","1","HU","7019123722","HU","7043024451","","a","",11,"nem","nem"
"D","20","HU","7043044918","2020","1","HU","7050053497","HU","7043030665","","a","",11,"nem","nem"
"D","20","HU","7043044921","2020","2","HU","7050053497","HU","7043030665","","a","",11,"nem","nem"
"D","20","HU","7043044835","2020","2","HU","7019123722","HU","7043035347",1318221,"A",1,11,"nem","igen"
"D","20","HU","7043045076","2020","2","HU","7043035628","HU","7043035462",8800725,"A","",11,"nem","igen"
"D","2000","HU","7043045993","2020","2","HU","7050053497","HU","7043040873","","E","",11,"nem","nem"
"D","20","HU","7083003182","2020","2","HU","7050087702","HU","7025030405","","b","",11,"nem","nem"
"D","20","HU","7083003025","2020","1","HU","7019123579","HU","7025048541","","k","",11,"nem","nem"
"D","20","HU","7083003038","2020","1","HU","7019123579","HU","7025048596",4665472,"B","",11,"igen","igen"
"D","20","HU","7083003335","2020","2","HU","7050063519","HU","7050087546","","E","",11,"nem","nem"
"D","20","HU","7043046134","2020","1","HU","7043035628","HU","7043023559","","E","",11,"nem","nem"
"D","20","HU","7043046093","2020","2","HU","7019123722","HU","7043035503",1318221,"A",1,11,"nem","igen"
"D","20","HU","7043046150","2020","2","HU","7043035628","HU","7043041973",1244991,"A",1,11,"nem","igen"
"D","20","HU","7043046262","2020","1","HU","7019123722","HU","7043035446","","k","",11,"nem","nem"
"D","20","HU","7043046275","2020","2","HU","7019123722","HU","7043035446",6860033,"A","",11,"nem","igen"
"D","20","HU","7049076100","2021","2","HU","7049065991","HU","7049037710",4665472,"A",1,11,"nem","igen"
"D","20","HU","7049076168","2021","1","HU","7049065991","HU","7049041737","","k","",11,"nem","nem"
"D","20","HU","7049071316","2021","2","HU","7049065991","HU","7049048693","","a","",11,"nem","nem"
"D","20","HU","7049076481","2021","1","HU","7049065991","HU","7049048734","","k","",11,"nem","nem"
"D","20","HU","7049076014","2021","1","HU","7019135552","HU","7049062000",9910830,"K","",11,"nem","nem"
"D","20","HU","7049076436","2021","1","HU","7049061702","HU","7049062592","","k","",11,"nem","nem"
"D","20","HU","7049076449","2021","2","HU","7049061702","HU","7049062592","","a","",11,"nem","nem"
"D","20","HU","7049076379","2021","1","HU","7049068978","HU","7049066046","","A","",11,"nem","nem"
"D","20","HU","7083006284","2021","2","HU","7025048822","HU","7050095187","","a","",11,"nem","nem"
"D","20","HU","7083006297","2021","1","HU","7025048822","HU","7050095187",7120888,"B","",11,"nem","nem"
"D","20","HU","7083006383","2021","1","HU","7025048822","HU","7050099826","","k","",11,"nem","nem"
"D","20","HU","7083006916","2021","2","HU","7049061702","HU","7049065920",6690319,"A",2,11,"nem","igen"
"D","20","HU","7083006929","2021","1","HU","7049061702","HU","7049065920","","E","",11,"nem","nem"
"D","20","HU","7034086804","2021","1","HU","7049066075","HU","7043044710",8621137,"K","",11,"nem","nem"
"D","20","HU","7034086817","2021","2","HU","7049066075","HU","7043045498",8800725,"B","",11,"nem","igen"
"D","20","HU","7034086792","2021","1","HU","7049066075","HU","7043045922","","E","",11,"nem","nem"
"D","20","HU","7049076689","2021","2","HU","7049061702","HU","7049028181",4665472,"B",1,11,"nem","igen"
"D","20","HU","7083006239","2021","2","HU","7025048822","HU","7025048538",6880549,"E","",11,"nem","igen"
"D","20","HU","7083006242","2021","1","HU","7025048822","HU","7025048538",4665472,"B","",11,"nem","nem"
"D","20","HU","7083006549","2021","2","HU","7025048822","HU","7025048596","","a","",11,"nem","nem"
"D","20","HU","7065023616","2021","2","HU","7019143177","HU","7019067408","","a","",11,"nem","nem"
"D","20","HU","7067044734","2021","1","HU","7019082973","HU","7019128321",7037085,"K","",11,"nem","nem"
"D","201","HU","7077020245","2021","2","HU","7050087728","HU","7077009985",6858092,"E","",11,"nem","nem"
"D","20","HU","7043047614","2021","2","HU","7043035628","HU","7043020808","","a","",11,"nem","nem"
"D","2000","HU","7043047599","2021","2","HU","7043035628","HU","7043024419","","x","",11,"nem","nem"
"D","20","HU","7043047560","2021","2","HU","7043035628","HU","7043024451",1318221,"a",1,11,"nem","igen"
"D","20","HU","7043047487","2021","2","HU","7043035628","HU","7043030665",1318221,"A",2,11,"nem","igen"
"D","20","HU","7043047630","2021","2","HU","7043035628","HU","7043033811","","a",3,11,"nem","nem"
"D","20","HU","7043047531","2021","2","HU","7019123722","HU","7043042156","","E","",11,"nem","nem"
"D","20","HU","7043049083","2021","1","HU","7043035628","HU","7043035673","","a","",11,"nem","nem"
"D","20","HU","7043049137","2021","2","HU","7043035628","HU","7043042284",1318221,"a",1,11,"nem","igen"
"D","20","HU","7043044132","2021","2","HU","7043036645","HU","7043044455","","b","",11,"nem","nem"
"D","20","HU","7043043793","2021","1","HU","7043036645","HU","7043030272","","x","",11,"nem","nem"
"D","20","HU","7043043991","2021","1","HU","7043036645","HU","7043034148","","E","",11,"nem","nem"
"D","20","HU","7043043850","2021","2","HU","7043036645","HU","7043034151","","x","",11,"nem","nem"
"D","20","HU","7043049319","2021","2","HU","7043035628","HU","7043035772","","b","",11,"nem","nem"
"D","20","HU","7043049179","2021","1","HU","7043035628","HU","7043041775","","E","",11,"nem","nem"
"D","20","HU","7067031200","2021","2","HU","7019082973","HU","7019127304","","E","",11,"nem","nem"
"D","20","HU","7067031028","2021","1","HU","7019082973","HU","7019128350","","A","",11,"nem","nem"
"D","20","HU","7020212673","2021","1","HU","7043036645","HU","7043030342","","E","",11,"nem","nem"
"D","20","HU","7043049393","2021","2","HU","7043042271","HU","7043029753","","a",3,11,"nem","nem"
"D","20","HU","7043049504","2021","2","HU","7019123722","HU","7043035701","","E","",11,"nem","nem"
"D","2000","HU","7043049405","2021","1","HU","7043042271","HU","7043042213","","E","",11,"nem","nem"
"D","20","HU","7043049418","2021","2","HU","7043042271","HU","7043044778","","a","",11,"nem","nem"
"D","20","HU","7043049661","2021","2","HU","7043035628","HU","7043024422","","a","",11,"nem","nem"
"D","20","HU","7025066936","2016","2","","","","","","E","",11,"nem","nem"
"D","20","HU","7019145447","2021","1","HU","7019143177","HU","7019112159","","A","",11,"nem","nem"
"D","20","HU","7019145645","2021","1","HU","7019143177","HU","7019122961","","a","",11,"nem","nem"
"D","20","HU","7019145463","2021","1","HU","7019143177","HU","7019140033","","A","",11,"nem","nem"
"D","20","HU","7019145418","2021","1","HU","7019143177","HU","7019140369","","E","",11,"nem","nem"
"D","20","HU","7025090647","2021","1","HU","7049061900","HU","7050062745","","E","",11,"nem","nem"
"D","20","HU","7025090605","2021","1","HU","7050087070","HU","7050062774","","E","",11,"nem","nem"
"D","20","HU","7025092805","2021","2","HU","7049061900","HU","7050063155",4665472,"B",1,11,"nem","igen"
"D","20","HU","7025092681","2021","2","HU","7050087070","HU","7050067836",4665472,"A",1,11,"nem","igen"
"D","20","HU","7025092652","2021","1","HU","7050079752","HU","7050078821","","E","",11,"nem","nem"
"D","20","HU","7025091031","2021","1","HU","7050079752","HU","7050085531","","E","",11,"nem","nem"
"D","20","HU","7025090775","2021","1","HU","7050087070","HU","7050086011","","E","",11,"nem","nem"
"D","2060","HU","7025090618","2021","2","HU","7050087070","HU","7050086941","","E","",11,"nem","nem"
"D","20","HU","7020219159","2022","2","HU","7019135721","HU","7043037125",6729882,"b",2,11,"nem","nem"
"D","20","HU","7049082455","2022","2","HU","7043045641","HU","7049062563",1412808,"a","",11,"nem","nem"
"D","20","HU","7067043915","2022","2","HU","7067030858","HU","7019127362",6737115,"A",1,11,"nem","igen"
"D","20","HU","7030103026","2022","2","HU","7019088106","HU","7030102942",6857367,"a","",11,"nem","nem"
"D","20","HU","7034090441","2022","1","HU","7049070894","HU","7043046051","","E","",11,"nem","nem"
"D","20","HU","7034090454","2022","2","HU","7049070894","HU","7043046051","","E","",11,"nem","nem"
"D","20","HU","7043049913","2022","1","HU","7043035628","HU","7043030649","","a","",11,"nem","nem"
"D","20","HU","7043049926","2022","2","HU","7043035628","HU","7043030649","","a","",11,"nem","nem"
"D","20","HU","7043049757","2022","1","HU","7043035628","HU","7043033811","","k","",11,"nem","nem"
"D","20","HU","7043049773","2022","2","HU","7043035628","HU","7043040790","","E","",11,"nem","nem"
"D","20","HU","7043049827","2022","1","HU","7043035628","HU","7043045399","","k","",11,"nem","nem"
"D","2001","HU","7043051293","2022","1","HU","7043035628","HU","7043023575","","E","",11,"nem","nem"
"D","20","HU","7043051404","2022","1","HU","7043042271","HU","7043030722","","E","",11,"nem","nem"
"D","20","HU","7043051347","2022","1","HU","7043035628","HU","7043034883","","k","",11,"nem","nem"
"D","20","HU","7043049968","2022","2","HU","7043042271","HU","7043035673","","a","",11,"nem","nem"
"D","2000","HU","7043051321","2022","1","HU","7043042271","HU","7043042213","","k","",11,"nem","nem"
"D","20","HU","7043051529","2022","1","HU","7043042271","HU","7043031033","","a","",11,"nem","nem"
"D","20","HU","7043051602","2022","1","HU","7043035628","HU","7043042804","","E","",11,"nem","nem"
"D","20","HU","7034090285","2022","2","HU","7049071019","HU","7043044710",8800725,"B","",11,"nem","igen"
"D","20","HU","7049081975","2022","2","HU","7049065991","HU","7049037710",4665472,"A",2,11,"nem","igen"
"D","20","HU","7049081649","2022","2","HU","7049070427","HU","7049048549","","a","",11,"nem","nem"
"D","20","HU","7049082385","2022","1","HU","7049061702","HU","7049057181","","k","",11,"nem","nem"
"D","20","HU","7049082020","2022","1","HU","7049070427","HU","7049062000",9471614,"K","",11,"nem","nem"
"D","20","HU","7049081610","2022","2","HU","7043045641","HU","7049065777",4665472,"A",1,11,"nem","igen"
"D","20","HU","7049081777","2022","2","HU","7019135552","HU","7049066851",7752955,"a","",11,"nem","nem"
"D","20","HU","7049081850","2022","2","HU","7049061702","HU","7049070472","","E","",11,"nem","nem"
"D","20","HU","7049082088","2022","2","HU","7049070427","HU","7049070795",1145467,"A",2,11,"nem","nem"
"D","20","HU","7067044648","2022","2","HU","7067030858","HU","7019076699","","E","",11,"nem","nem"
"D","20","HU","7067044482","2022","2","HU","7067030858","HU","7019082845","","E","",11,"nem","nem"
"D","20","HU","7067044606","2022","1","HU","7067030858","HU","7019127304",8215035,"K","",11,"nem","igen"
"D","20","HU","7067044408","2022","2","HU","7067030858","HU","7019127700","","a",3,11,"nem","nem"
"D","20","HU","7067044622","2022","2","HU","7067030858","HU","7019128321",6737115,"a",2,11,"nem","nem"
"D","20","HU","7067044495","2022","1","HU","7067030858","HU","7019128433","","A","",11,"nem","nem"
"D","20","HU","7025097644","2022","2","HU","7049061702","HU","7025079882","","E","",11,"nem","nem"
"D","20","HU","7025097686","2022","2","HU","7049061702","HU","7050086011","","E","",11,"nem","nem"
"D","20","HU","7067044172","2022","1","HU","7067030858","HU","7019076909","","k","",11,"nem","nem"
"D","20","HU","7067044284","2022","1","HU","7067030858","HU","7019126840","","E","",11,"nem","nem"
"D","20","HU","7083011260","2022","1","HU","7019135523","HU","7025048538",9982167,"K","",11,"nem","nem"
"D","20","HU","7083011343","2022","2","HU","7019135523","HU","7050099839",6880549,"A","",11,"nem","igen"
"D","20","HU","7043051772","2022","1","HU","7043042271","HU","7043046118","","x","",11,"nem","nem"
"D","20","HU","7043051938","2022","1","HU","7043035628","HU","7043040732","","E","",11,"nem","nem"
"D","20","HU","7043051941","2022","2","HU","7043042271","HU","7043041775","","a","",11,"nem","nem"
"D","20","HU","7034090397","2022","2","HU","7049071019","HU","7043045076",8800725,"A","",11,"nem","igen"
"D","20","HU","7025093299","2022","2","HU","7049061900","HU","7025079837","","E","",11,"nem","nem"
"D","20","HU","7025092962","2022","1","HU","7049061900","HU","7050078339","","E","",11,"nem","nem"
"D","2001","HU","7025093385","2022","2","HU","7049061900","HU","7050078991","","E","",11,"nem","nem"
"D","2001","HU","7025097491","2022","1","HU","7049061900","HU","7050086516","","E","",11,"nem","nem"
"D","20","HU","7025097516","2022","2","HU","7049061900","HU","7050086558","","E","",11,"nem","nem"
"D","20","HU","7043052179","2022","1","HU","7043042271","HU","7043035318","","E","",11,"nem","nem"
"D","20","HU","7043052111","2022","1","HU","7043035628","HU","7043035503","","a","",11,"nem","nem"
"D","20","HU","7019149610","2022","2","HU","7019136988","HU","7019140020",7752955,"E","",11,"nem","nem"
"D","20","HU","7019149780","2022","2","HU","7049066145","HU","7019140385",7752955,"E","",11,"nem","nem"
"D","20","HU","7019149735","2022","2","HU","7049066145","HU","7049062224","","b","",11,"nem","nem"
"D","20","HU","7019145827","2022","1","HU","7019136988","HU","7019135341","","k","",11,"nem","nem"
"D","20","HU","7019149962","2022","2","HU","7019136988","HU","7019135354","","E","",11,"nem","nem"
"D","20","HU","7019145715","2022","2","HU","7019136988","HU","7019140187",7752955,"E","",11,"nem","nem"
"D","20","HU","7019149863","2022","2","HU","7019135747","HU","7049062310",7752955,"E","",11,"nem","nem"
"D","20","HU","7034090425","2022","1","HU","7049071019","HU","7043045849","","a","",11,"nem","nem"
"D","20","HU","7083009977","2022","2","HU","7050085627","HU","7049065975","","E","",11,"nem","nem"
"D","20","HU","7049088774","2023","1","HU","7049065991","HU","7049057602",8760030,"A","",11,"nem","nem"
"D","20","HU","7049088802","2023","2","HU","7067031028","HU","7049057743","","a","",11,"nem","nem"
"D","20","HU","7049088282","2023","1","HU","7049065991","HU","7049066765","","a","",11,"nem","nem"
"D","20","HU","7083011851","2022","1","HU","7049070849","HU","7049070881","","E","",11,"nem","nem"
"D","201","HU","7083011835","2022","1","HU","7049070849","HU","7077009985","","E","",11,"nem","nem"
"D","201","HU","7083011819","2022","1","HU","7049070849","HU","7077010631","","E","",11,"nem","nem"
"D","20","HU","7025077554","2022","2","HU","7050087702","HU","7025074283","","b","",11,"nem","nem"
"D","20","HU","7049088141","2023","2","HU","7067031028","HU","7049071259",6684875,"a","",11,"nem","nem"
"D","20","HU","7049088477","2023","2","HU","7067031028","HU","7049076069","","a","",11,"nem","nem"
"D","20","HU","7049088633","2023","1","HU","7049065991","HU","7049076270","","E","",11,"nem","nem"
"D","20","HU","7049088646","2023","2","HU","7049065991","HU","7049076270",1145467,"a","",11,"nem","nem"
"D","20","HU","7049088237","2023","2","HU","7067031028","HU","7049076663","","E","",11,"nem","nem"
"D","20","HU","7020219302","2023","1","HU","7019135721","HU","7043036421","","E","",11,"nem","nem"
"D","20","HU","7020223754","2023","2","HU","7019135721","HU","7043036562","","E","",11,"nem","nem"
"D","20","HU","7034087102","2023","2","HU","7049071019","HU","7043045498",8800725,"B","",11,"nem","igen"
"D","20","HU","7067044028","2023","1","HU","7067031367","HU","7019076699",6647500,"K","",11,"nem","nem"
"D","20","HU","7067043999","2023","2","HU","7067031367","HU","7019077070",6737115,"A","",11,"nem","igen"
"D","20","HU","7034090540","2023","2","HU","7049070894","HU","7043046019",6860033,"a","",11,"nem","igen"
"D","20","HU","7034090508","2023","1","HU","7049070894","HU","7043046051",6981817,"A","",11,"igen","igen"
"D","20","HU","7034090524","2023","2","HU","7049070894","HU","7043046051",6860033,"A","",11,"nem","igen"
"D","20","HU","7049088828","2023","1","HU","7049068978","HU","7049062208","","a","",11,"nem","nem"
"D","20","HU","7033114498","2023","2","HU","7030102939","HU","7030103013","","a","",11,"nem","nem"
"D","20","HU","7019123821","2023","2","HU","7067044817","HU","7019140640","","a","",11,"nem","nem"
"D","20","HU","7019123847","2023","1","HU","7049076650","HU","7019145504","","k","",11,"nem","nem"
"D","20","HU","7083014937","2023","1","HU","7049070849","HU","7049070881","","k","",11,"nem","nem"
"D","201","HU","7083014867","2023","1","HU","7049070849","HU","7077009998","","E","",11,"nem","nem"
"D","201","HU","7083015040","2023","2","HU","7049070849","HU","7077010615","","E","",11,"nem","nem"
"D","20","HU","7083015222","2023","2","HU","7050085627","HU","7083006891",6690319,"A","",11,"nem","igen"
"D","20","HU","7033114427","2023","1","HU","7030102939","HU","7049062211",5014826,"K","",11,"nem","nem"
"D","20","HU","7034095491","2023","2","HU","7043035628","HU","7019123131",6809825,"b","",11,"nem","igen"
"D","20","HU","7043054593","2023","2","HU","7043042271","HU","7043023492","","b","",11,"nem","nem"
"D","20","HU","7043054733","2023","2","HU","7043042271","HU","7043030649","","a","",11,"nem","nem"
"D","20","HU","7043054676","2023","1","HU","7049076410","HU","7043031033","","K","",11,"nem","nem"
"D","20","HU","7043054395","2023","1","HU","7049076410","HU","7043035107","","k","",11,"nem","nem"
"D","20","HU","7043054379","2023","1","HU","7049076410","HU","7043035347","","a","",11,"nem","nem"
"D","20","HU","7049088183","2023","2","HU","7049068978","HU","7049062563",6977948,"a","",11,"nem","igen"
"D","20","HU","7049088208","2023","2","HU","7049068978","HU","7049062563",6977948,"a","",11,"nem","igen"
"D","20","HU","7049088659","2023","1","HU","7049068978","HU","7049066046","","a","",11,"nem","nem"
"D","20","HU","7049088675","2023","2","HU","7049068978","HU","7049066046",6977948,"a","",11,"nem","igen"
"D","20","HU","7067056845","2023","1","HU","7049076650","HU","7019091289","","K","",11,"nem","nem"
"D","2002","HU","7067056915","2023","2","HU","7067044817","HU","7019122622",6655815,"B",2,11,"nem","igen"
"D","20","HU","7067056874","2023","2","HU","7067044817","HU","7083003111",6655815,"A",2,11,"nem","igen"
"D","20","HU","7019153190","2023","2","HU","7067044817","HU","7019136847",7752955,"a","",11,"nem","nem"
"D","20","HU","7019153400","2023","2","HU","7049062448","HU","7019122961",7752955,"a","",11,"nem","nem"
"D","20","HU","7019153385","2023","2","HU","7049062448","HU","7019123173",7752955,"a","",11,"nem","nem"
"D","20","HU","7019123553","2023","2","HU","7049062448","HU","7019140286","","a","",11,"nem","nem"
"D","20","HU","7034087061","2023","2","HU","7049071019","HU","7034090243",8800725,"E","",11,"nem","igen"
"D","20","HU","7034087160","2023","2","HU","7049071019","HU","7034090272",8800725,"A","",11,"nem","igen"
"D","20","HU","7034087199","2023","2","HU","7049071019","HU","7034090300",8800725,"E","",11,"nem","igen"
"D","20","HU","7083017703","2024","1","HU","7083003038","HU","7050075422","","k","",11,"nem","nem"
"D","20","HU","7083015701","2023","2","HU","7083006297","HU","7025048538",7109834,"a","",11,"nem","nem"
"D","20","HU","7083015602","2023","2","HU","7083006297","HU","7025048596","","a","",11,"nem","nem"
"D","20","HU","7083015529","2023","2","HU","7083006297","HU","7050053413",6880549,"A","",11,"nem","igen"
"D","20","HU","7083015558","2023","2","HU","7083006297","HU","7050099839","","a","",11,"nem","nem"
"D","20","HU","7083015644","2023","1","HU","7083006297","HU","7050099855","","k","",11,"nem","nem"
"D","20","HU","7083015459","2023","2","HU","7083006297","HU","7083003054","","b","",11,"nem","nem"
"D","20","HU","7025097826","2023","1","HU","7049061702","HU","7025079837","","E","",11,"nem","nem"
"D","20","HU","7025101440","2023","2","","","","","","E","",11,"nem","nem"
"D","20","HU","7025101635","2023","1","","","","","","E","",11,"nem","nem"
"D","20","HU","7025101028","2023","1","HU","7050079752","HU","7049071163","","E","",11,"nem","nem"
"D","20","HU","7025100928","2023","1","","","","","","E","",11,"nem","nem"
"D","20","HU","7025101705","2023","1","HU","7050079752","HU","7049076676","","E","",11,"nem","nem"
"D","20","HU","7025101437","2023","1","","","","","","E","",11,"nem","nem"
"D","20","HU","7025101172","2023","1","HU","7049061702","HU","7050078821","","E","",11,"nem","nem"
"D","2001","HU","7025101549","2023","2","","","","","","E","",11,"nem","nem"
"D","2000","HU","7025101466","2023","2","","","","","","E","",11,"nem","nem"
"D","2001","HU","7025101268","2023","1","","","","","","E","",11,"nem","nem"
"D","20","HU","7025101086","2023","1","HU","7049061702","HU","7050085531","","E","",11,"nem","nem"
"D","20","HU","7025101114","2023","1","","","","","","E","",11,"nem","nem"
"D","20","HU","7049092759","2024","2","HU","7067031028","HU","7049062000",1145467,"a","",11,"nem","nem"
"D","20","HU","7043054436","2023","1","HU","7043042271","HU","7043035657","","E","",11,"nem","nem"
"D","20","HU","7033118827","2024","1","HU","7030102939","HU","7049062211",7071153,"K","",11,"nem","nem"
"D","20","HU","7033118898","2024","2","HU","7030102939","HU","7049066260",1244991,"a","",11,"nem","igen"
"D","20","HU","7049092605","2024","1","HU","7049065991","HU","7049065719","","a","",11,"nem","nem"
"D","20","HU","7049092395","2024","1","HU","7049065991","HU","7049065777","","a","",11,"nem","nem"
"D","20","HU","7049093073","2024","2","HU","7019135552","HU","7049066046","","a","",11,"nem","nem"
"D","20","HU","7049093169","2024","1","HU","7019135552","HU","7049066286",7094204,"K","",11,"nem","nem"
"D","20","HU","7049092452","2024","2","HU","7067031028","HU","7049071259","","a","",11,"nem","nem"
"D","20","HU","7049092634","2024","1","HU","7067031028","HU","7049076478","","a","",11,"nem","nem"
"D","20","HU","7049092436","2024","2","HU","7019135552","HU","7049076663","","a","",11,"nem","nem"
"D","20","HU","7049092506","2024","1","HU","7019135552","HU","7049076717","","k","",11,"nem","nem"
"D","20","HU","7049093226","2024","2","HU","7067031028","HU","7049082145","","a","",11,"nem","nem"
"D","20","HU","7049092973","2024","2","HU","7019135552","HU","7049082202","","a","",11,"nem","nem"
"D","20","HU","7049093271","2024","2","HU","7067031028","HU","7049082215","","x","",11,"nem","nem"
"D","20","HU","7067055633","2023","1","HU","7067030858","HU","7019082887","","K","",11,"nem","nem"
"D","20","HU","7091000182","2023","1","HU","7049076410","HU","7043033585","","a","",11,"nem","nem"
"D","20","HU","7091000070","2023","2","HU","7049076410","HU","7043047755","","E","",11,"nem","nem"
"D","20","HU","7091000012","2023","1","HU","7049076410","HU","7043049559","","E","",11,"nem","nem"
"D","20","HU","7091000335","2023","1","HU","7049076410","HU","7043033316","","k","",11,"nem","nem"
"D","20","HU","7091000223","2023","1","HU","7049076410","HU","7043045584","","E","",11,"nem","nem"
"D","20","HU","7091000236","2023","1","HU","7049076410","HU","7043045584","","E","",11,"nem","nem"
"D","20","HU","7034098861","2024","1","HU","7049071019","HU","7034090339","","E","",11,"nem","nem"
"D","20","HU","7034098957","2024","1","HU","7049071019","HU","7034090438","","a","",11,"nem","nem"
"D","20","HU","7034098944","2024","2","HU","7049071019","HU","7043045810","","a","",11,"nem","nem"
"D","20","HU","7020223879","2024","1","HU","7019135721","HU","7020212660","","E","",11,"nem","nem"
"D","20","HU","7020228577","2024","2","HU","7019135721","HU","7020219175",6729882,"b","",11,"nem","nem"
"D","20","HU","7020228296","2024","2","HU","7019135721","HU","7043034346",6729882,"a","",11,"nem","nem"
"D","2001","HU","7083018139","2024","1","HU","7049081607","HU","7083011880","","E","",11,"nem","nem"
"D","20","HU","7034095574","2024","2","HU","7043035628","HU","7019122578","","a","",11,"nem","nem"
"D","20","HU","7034102711","2024","2","HU","7043035628","HU","7049081751",6809825,"a","",11,"nem","igen"
"D","20","HU","7034095529","2024","1","HU","7043035628","HU","7049081847","","k","",11,"nem","nem"
"D","20","HU","7067055943","2024","1","HU","7067043931","HU","7019128219",8215035,"E","",11,"nem","igen"
"D","20","HU","7067055930","2024","1","HU","7067043931","HU","7067031255",7032950,"A","",11,"nem","nem"
"D","20","HU","7034098762","2024","1","HU","7049071019","HU","7043044710","","k","",11,"nem","nem"
"D","20","HU","7034098791","2024","2","HU","7049071019","HU","7043045076","","a","",11,"nem","nem"
"D","20","HU","7034098720","2024","2","HU","7049071019","HU","7043045555",8800725,"a","",11,"nem","igen"
"D","20","HU","7043054238","2023","1","HU","7049076410","HU","7043033811","","k","",11,"nem","nem"
"D","20","HU","7067055790","2023","1","HU","7067031367","HU","7067044408","","E","",11,"nem","nem"
"D","20","HU","7067055886","2023","1","HU","7067031367","HU","7067044581","","E","",11,"nem","nem"
"D","2002","HU","7067059570","2024","2","HU","7049062448","HU","7019122635",6655815,"b","",11,"nem","igen"
"D","20","HU","7067059596","2024","2","HU","7049062448","HU","7019122648",6655815,"a","",11,"nem","igen"
"D","20","HU","7067059608","2024","2","HU","7049062448","HU","7019122648",6655815,"a","",11,"nem","igen"
"D","20","HU","7067059637","2024","2","HU","7049062448","HU","7067056874",6655815,"a","",11,"nem","igen"
"D","20","HU","7067056212","2024","1","HU","7067031367","HU","7019056330",4481759,"K","",11,"nem","nem"
"D","20","HU","7091004074","2024","1","HU","7030103000","HU","7043042284","","E","",11,"nem","nem"
"D","20","HU","7091004058","2024","2","HU","7043042271","HU","7043047630","","x","",11,"nem","nem"
"D","20","HU","7091004144","2024","2","HU","7049076410","HU","7043024422",1318221,"E","",11,"nem","igen"
"D","20","HU","7091004227","2024","2","HU","7030103000","HU","7043041861",1318221,"E","",11,"nem","igen"
"D","20","HU","7091004256","2024","2","HU","7049076410","HU","7043042015",1318221,"E","",11,"nem","igen"
"D","20","HU","7091004128","2024","2","HU","7030103000","HU","7043045513",1318221,"E","",11,"nem","igen"
"D","2000","HU","7091004201","2024","1","HU","7049076410","HU","7043047937","","E","",11,"nem","nem"
"D","20","HU","7091004115","2024","1","HU","7030103000","HU","7043049348","","E","",11,"nem","nem"
"D","20","HU","7025104795","2025","2","HU","7083003038","HU","7025090689",4665472,"x","",11,"nem","igen"
"D","20","HU","7025104542","2025","2","HU","7050079752","HU","7049082244",4665472,"x","",11,"nem","igen"
"D","20","HU","7025104878","2025","2","HU","7083003038","HU","7050062592",4665472,"x","",11,"nem","igen"
"D","20","HU","7025104696","2025","1","HU","7050079752","HU","7050062646",4665472,"x","",11,"nem","igen"
"D","20","HU","7033121025","2025","1","HU","7049088576","HU","7030103013",7008735,"K","",11,"nem","nem"
"D","20","HU","7049093479","2025","2","HU","7049088857","HU","7049048635",1145467,"a","",11,"nem","igen"
"D","20","HU","7049097332","2025","1","HU","7049088857","HU","7049065719","","a","",11,"nem","nem"
"D","20","HU","7049097291","2025","1","HU","7067031028","HU","7049066046",6963480,"a","",11,"nem","igen"
"D","20","HU","7049093383","2025","2","HU","7067031028","HU","7049070795",1145467,"a","",11,"nem","igen"
"D","20","HU","7049093408","2025","1","HU","7083015011","HU","7049076270","","a","",11,"nem","nem"
"D","20","HU","7049097316","2025","2","HU","7083015011","HU","7049088141",1145467,"b","",11,"nem","igen"
"D","20","HU","7067056283","2024","2","HU","7067031367","HU","7019128602",6737115,"a","",11,"nem","igen"
"D","20","HU","7067056410","2024","2","HU","7067031367","HU","7067031239",6737115,"b","",11,"nem","igen"
"D","20","HU","7067056407","2024","2","HU","7067031367","HU","7067044370",6737115,"a","",11,"nem","igen"
"D","20","HU","7034099101","2025","2","HU","7034087003","HU","7034086817",8800725,"b","",11,"nem","igen"
"D","20","HU","7078008798","2025","2","HU","7034087003","HU","7034090300",8800725,"a","",11,"nem","igen"
"D","20","HU","7078008686","2025","1","HU","7034087003","HU","7034090313","","a","",11,"nem","nem"
"D","20","HU","7034099086","2025","2","HU","7034087003","HU","7034090412",8800725,"b","",11,"nem","igen"
"D","20","HU","7078008871","2025","1","HU","7034087003","HU","7043044848","","a","",11,"nem","nem"
"D","20","HU","7067061339","2025","1","HU","7067031367","HU","7019082535",6737115,"a","",11,"nem","igen"
"D","20","HU","7067061300","2025","1","HU","7067031367","HU","7019082890",6737115,"a","",11,"nem","igen"
"D","20","HU","7067061313","2025","2","HU","7067031367","HU","7019082890",6737115,"a","",11,"nem","igen"
"D","20","HU","7083020550","2025","2","HU","7049081889","HU","7049065748",6690319,"a","",11,"nem","igen"
"D","20","HU","7083020310","2025","2","HU","7049081889","HU","7083006916",6690319,"a","",11,"nem","igen"
"D","20","HU","7083020323","2025","2","HU","7049081889","HU","7083015222",6690319,"a","",11,"nem","igen"
"D","20","HU","7083020691","2025","1","HU","7049081607","HU","7049070571",6963480,"a","",11,"nem","igen"
"D","20","HU","7091004793","2025","1","HU","7030103000","HU","7043024349","","k","",11,"nem","nem"
"D","20","HU","7091004719","2025","2","HU","7049076410","HU","7043035277","","a","",11,"nem","nem"
"D","20","HU","7091004553","2025","1","HU","7049076410","HU","7043035574","","a","",11,"nem","nem"
"D","2000","HU","7091004582","2025","1","HU","7030103000","HU","7043042213","","k","",11,"nem","nem"
"D","20","HU","7091004735","2025","1","HU","7030103000","HU","7043042284",6963480,"a","",11,"nem","igen"
"D","20","HU","7091004681","2025","1","HU","7030103000","HU","7043043582","","E","",11,"nem","nem"
"D","20","HU","7091004694","2025","2","HU","7030103000","HU","7043043582","","b","",11,"nem","nem"
"D","20","HU","7091005088","2025","2","HU","7049076410","HU","7043047908",1318221,"b","",11,"nem","igen"
"D","20","HU","7091004706","2025","1","HU","7049076410","HU","7043049137","","E","",11,"nem","nem"
"D","20","HU","7091004975","2025","2","HU","7030103000","HU","7043052038",1318221,"b","",11,"nem","igen"
"D","20","HU","7091004847","2025","2","HU","7030103000","HU","7043054816",1318221,"b","",11,"nem","igen"
"D","20","HU","7049097431","2025","2","HU","7067031028","HU","7049065777",7066036,"a","",11,"nem","nem"
"D","20","HU","7025101750","2024","1","HU","7067044817","HU","7025079642","","E","",11,"nem","nem"
"D","20","HU","7025101817","2024","1","HU","7049061702","HU","7025079837","","E","",11,"nem","nem"
"D","20","HU","7025101747","2024","2","HU","7067044817","HU","7025080132",4665472,"b","",11,"nem","igen"
"D","20","HU","7025104331","2024","2","HU","7049061702","HU","7025090788",4665472,"a","",11,"nem","igen"
"D","20","HU","7025101833","2024","2","HU","7049061702","HU","7025090803","","b","",11,"nem","nem"
"D","20","HU","7025101846","2024","1","HU","7049061702","HU","7025090803","","k","",11,"nem","nem"
"D","20","HU","7025104047","2024","1","HU","7050079752","HU","7025090902","","k","",11,"nem","nem"
"D","20","HU","7025104287","2024","1","HU","7050079752","HU","7049076209","","a","",11,"nem","nem"
"D","20","HU","7025104360","2024","2","HU","7067044817","HU","7049076324",4665472,"a","",11,"nem","igen"
"D","20","HU","7025103992","2024","2","HU","7050079752","HU","7049081610","","a","",11,"nem","nem"
"D","20","HU","7025104089","2024","2","HU","7067044817","HU","7049081876","","a","",11,"nem","nem"
"D","20","HU","7025102128","2024","2","HU","7050079752","HU","7049081920","","a","",11,"nem","nem"
"D","20","HU","7025104162","2024","2","HU","7049061702","HU","7050062745",4665472,"b","",11,"nem","igen"
"D","20","HU","7025101875","2024","2","HU","7049061702","HU","7050063155","","b","",11,"nem","nem"
"D","20","HU","7025101888","2024","1","HU","7049061702","HU","7050063212","","k","",11,"nem","nem"
"D","20","HU","7025101987","2024","1","HU","7067044817","HU","7050068035","","k","",11,"nem","nem"
"D","20","HU","7025101891","2024","1","HU","7049061702","HU","7050078227","","k","",11,"nem","nem"
"D","20","HU","7025102045","2024","1","HU","7049061702","HU","7050086011","","k","",11,"nem","nem"
"D","2001","HU","7025101859","2024","2","HU","7049061702","HU","7050086545","","b","",11,"nem","nem"
"D","20","HU","7049092816","2024","2","HU","7067031028","HU","7049041597",1145467,"E","",11,"nem","igen"
"D","20","HU","7034105446","2025","2","HU","7049088378","HU","7043046019",6860033,"a","",11,"nem","igen"
"D","202","HU","7067063357","2024","1","","","","",1145467,"B","",11,"nem","igen"
"D","20","HU","7067061850","2024","1","HU","7067031367","HU","7019127362",6737115,"A","",11,"igen","nem"
"D","20","HU","7067061821","2024","1","HU","7067031367","HU","7067031213","","E","",11,"nem","nem"
"D","20","HU","7091000351","2024","1","HU","7049076410","HU","7043035631","","x","",11,"nem","nem"
"D","20","HU","7091003817","2024","1","HU","7049076410","HU","7043035701","","x","",11,"nem","nem"
"D","20","HU","7091003958","2024","1","HU","7049076410","HU","7043042255","","x","",11,"nem","nem"
"D","20","HU","7091000380","2024","1","HU","7030103000","HU","7043045399","","k","",11,"nem","nem"
"D","20","HU","7091000492","2024","1","HU","7030103000","HU","7043046022","","x","",11,"nem","nem"
"D","20","HU","7043055172","2024","2","HU","7030103000","HU","7043046048","","x","",11,"nem","nem"
"D","20","HU","7043054960","2024","2","HU","7030103000","HU","7043046118","","x","",11,"nem","nem"
"D","20","HU","7078009898","2025","1","HU","7043035628","HU","7019123131",6809825,"k","",11,"nem","igen"
"D","20","HU","7078009869","2025","1","HU","7043035628","HU","7049081748",6809825,"a","",11,"nem","igen"
"D","20","HU","7078009872","2025","2","HU","7043035628","HU","7049081748",6809825,"a","",11,"nem","igen"
"D","20","HU","7067061441","2025","1","HU","7067031031","HU","7067044239","","a","",11,"nem","nem"
"D","20","HU","7067061438","2025","1","HU","7067031031","HU","7067044268","","a","",11,"nem","nem"
"D","20","HU","7067061540","2025","2","HU","7067031367","HU","7067044370",6737115,"a","",11,"nem","igen"
"D","20","HU","7083021577","2025","2","HU","7083015334","HU","7025048538",6880549,"a","",11,"nem","igen"
"D","20","HU","7083021311","2025","2","HU","7083015334","HU","7083015392",6880549,"a","",11,"nem","igen"
"D","20","HU","7049097543","2025","2","HU","7049088857","HU","7049071035",1145467,"b","",11,"nem","igen"
"D","201","HU","7083020860","2025","2","HU","7049081607","HU","7077010660",6673952,"E","",11,"nem","igen"
"D","20","HU","7043037646","2017","2","HU","7050053497","HU","7043024451","","a","",11,"nem","nem"
"D","20","HU","7064000061","1995","2","","","","","","E","",11,"nem","nem"
"D","20","HU","7019066775","2011","2","HU","7019048380","HU","7019045668","","E","",11,"nem","nem"
"D","20","HU","7049066679","2019","2","HU","7043034755","HU","7049057376","","b","",11,"nem","nem"
"D","20","HU","7019056372","2011","2","HU","7019055991","HU","7019053126","","B","",11,"nem","nem"
"D","20","HU","7003051330","2010","1","","","HU","7031020320","","E","",11,"nem","nem"
"D","20","HU","7019067804","2012","1","HU","7019048377","HU","7019045655","","E","",11,"nem","nem"
"D","20","HU","7019079717","2013","1","HU","7019066410","HU","7024019485","","E","",11,"nem","nem"
"D","20","HU","7050087054","2018","1","HU","7050038401","HU","7050063494","","k","",11,"nem","nem"
"D","20","HU","7019083495","2013","1","HU","7030044556","HU","7019053171","","E","",11,"nem","nem"
"D","20","HU","7043025478","2014","1","HU","7036005834","HU","7003051244","","E","",11,"nem","nem"
"D","20","HU","7019035067","2010","1","HU","7011014507","HU","7050009399","","E","",11,"nem","nem"
"D","20","HU","7043034739","2016","2","HU","7019077137","HU","7031019942","","b","",11,"nem","nem"
"D","20","HU","7043037774","2017","1","HU","7050053497","HU","7043023690","","E","",11,"nem","nem"
"D","20","HU","7019082775","2016","1","HU","7019091656","HU","7019097537","","K","",11,"nem","nem"
"D","20","HU","7019092590","2018","2","HU","7049041852","HU","7019122677","","x","",11,"nem","nem"
"D","20","HU","7038022086","2011","2","HU","7038006057","HU","7008077504","","E","",11,"nem","nem"
"D","20","HU","7043042309","2019","1","HU","7019123722","HU","7043035347","","E","",11,"nem","nem"
"D","20","HU","7025036964","2013","1","HU","7038020873","HU","7038021283","","E","",11,"nem","nem"
"D","20","HU","7043025960","2014","1","HU","7045031242","HU","7031019827","","E","",11,"nem","nem"
"D","20","HU","7049041708","2015","1","HU","7049034506","HU","7049022226","","E","",11,"nem","nem"
"D","20","HU","7009011422","2006","2","","","","","","B","",11,"nem","nem"
"D","20","HU","7000030086","1998","2","","","HU","7000029819","","E","",11,"nem","nem"
"D","20","HU","7049035044","2014","1","","","HU","7049022198","","E","",11,"nem","nem"
"D","2001","HU","7050086839","2018","1","HU","7050038401","HU","7050078029","","E","",11,"nem","nem"
"D","20","HU","7049034960","2014","1","","","HU","7049019680","","E","",11,"nem","nem"
"D","20","HU","7043037703","2017","1","HU","7019067622","HU","7043023054","","E","",11,"nem","nem"
"D","2011","HU","7059007004","2014","1","HU","7011014507","HU","7050009443","","","",11,"nem","nem"
"D","20","HU","7019083169","2015","1","HU","7019055991","HU","7019045811","","k","",11,"nem","nem"
"D","20","HU","7019088713","2019","1","HU","7049041782","HU","7019134973","","x","",11,"nem","nem"
"D","20","HU","7059006850","2014","1","HU","7011014507","HU","7043020923","","E","",11,"nem","nem"
"D","20","HU","7019137091","2018","2","HU","7019111749","HU","7019112092","","b","",11,"nem","nem"
"D","20","HU","7049062505","2019","2","HU","7043035206","HU","7049041737","","E","",11,"nem","nem"
"D","20","HU","7038021241","2010","1","HU","7021005685","HU","7037003828","","E","",11,"nem","nem"
"D","20","HU","7019083606","2013","1","HU","7030044556","HU","7019053142","","E","",11,"nem","nem"
"D","20","HU","7019067648","2012","1","HU","7019048380","HU","7028010648","","B","",11,"nem","nem"
"D","20","HU","7043037732","2017","2","HU","7050053497","HU","7043030847","","E","",11,"nem","nem"
"D","2013","HU","7019035038","2010","1","HU","7011014507","HU","7059004618","","E","",11,"nem","nem"
"D","20","HU","7030049717","2014","1","HU","7019067495","HU","7030024312","","E","",11,"nem","nem"
"D","20","HU","7019127320","2016","1","HU","7019055991","HU","7003077554","","k","",11,"nem","nem"
"D","20","HU","7050075617","2016","1","HU","7019082647","HU","7050053471","","k","",11,"nem","nem"
"D","20","HU","7043025928","2014","1","HU","7045031242","HU","7031019872","","E","",11,"nem","nem"
"D","20","HU","7043036380","2017","2","HU","7043024208","HU","7043026073","","a","",11,"nem","nem"
"D","20","HU","7043037873","2018","2","HU","7019123722","HU","7043020808","","a","",11,"nem","nem"
"D","20","HU","7033054266","2015","1","HU","7011014507","HU","7043021221","","E","",11,"nem","nem"
"D","20","HU","7059004465","2000","2","","","","","","B","",11,"nem","nem"
"D","20","HU","7043042958","2019","1","HU","7019123722","HU","7043023492","","k","",11,"nem","nem"
"D","20","HU","7038021887","2011","1","HU","7038006057","HU","7008077629","","E","",11,"nem","nem"
"D","20","HU","7031019968","2008","2","","","","","","E","",11,"nem","nem"
"D","20","HU","7043035095","2016","1","HU","7019067622","HU","7043023843","","a","",11,"nem","nem"
"D","20","HU","7043034081","2016","1","HU","7043024208","HU","7045030113","","k","",11,"nem","nem"
"D","20","HU","7019091672","2014","1","HU","7019067648","HU","7028018042","","E","",11,"nem","nem"
"D","20","HU","7059004720","2001","2","HU","7059004353","HU","7059004423","","E","",11,"nem","nem"
"D","20","HU","7019082944","2016","1","HU","7019091656","HU","7019077041","","k","",11,"nem","nem"
"D","20","HU","7049057730","2017","2","HU","7025048710","HU","7049022198","","b","",11,"nem","nem"
"D","20","HU","7038022031","2011","1","HU","7038006057","HU","7008076420","","E","",11,"nem","nem"
"D","20","HU","7019126837","2016","1","HU","7019091656","HU","7019076040","","k","",11,"nem","nem"
"D","20","HU","7019076095","2013","1","HU","7030044556","HU","7019056257","","E","",11,"nem","nem"
"D","20","HU","7019123256","2016","2","HU","7019088119","HU","7019046502","","b","",11,"nem","nem"
"D","20","HU","7019111921","2018","1","HU","7049041852","HU","7019122987","","k","",11,"nem","nem"
"D","20","HU","7043040969","2018","1","HU","7050053497","HU","7043029753","","a","",11,"nem","nem"
"D","20","HU","7019067495","2012","1","HU","7019048380","HU","7019060469","","B","",11,"nem","nem"
"D","20","HU","7019052969","2002","1","","","","","","B","",11,"nem","nem"
"D","202","HU","7019088205","2018","1","HU","7049041852","HU","7019123412","","E","",11,"nem","nem"
"D","20","HU","7043040886","2018","1","HU","7050053497","HU","7043021221","","E","",11,"nem","nem"
"D","20","HU","7043040943","2018","2","HU","7019123722","HU","7043023731","","b","",11,"nem","nem"
"D","20","HU","7043036702","2019","2","HU","7043024240","HU","7003051314","","a","",11,"nem","nem"
"D","20","HU","7019079593","2018","1","HU","7049041782","HU","7019123368","","k","",11,"nem","nem"
"D","20","HU","7043033770","2016","1","HU","7050053497","HU","7043021234","","k","",11,"nem","nem"
"D","20","HU","7049062381","2019","1","HU","7019112133","HU","7049048549","","E","",11,"nem","nem"
"D","20","HU","7064000074","1990","2","","","","","","E","",11,"nem","nem"
"D","20","HU","7051041905","2016","2","HU","7019082647","HU","7051036792","","b","",11,"nem","nem"
"D","20","HU","7019067297","2012","2","HU","7019048380","HU","7019046502","","b","",11,"nem","nem"
"D","20","HU","7003051187","2010","1","","","HU","7031019856","","E","",11,"nem","nem"
"D","20","HU","7043034771","2016","1","HU","7019077137","HU","7055025365","","k","",11,"nem","nem"
"D","20","HU","7019088940","2019","2","HU","7049041849","HU","7019135312","","x","",11,"nem","nem"
"D","20","HU","7067030689","2018","1","HU","7019082973","HU","7019127601","","k","",11,"nem","nem"
"D","20","HU","7019083099","2015","1","HU","7019055991","HU","7019053030","","k","",11,"nem","nem"
"D","20","HU","7019123959","2016","1","HU","7019091771","HU","7019088049","","k","",11,"nem","nem"
"D","20","HU","7019066999","2011","1","HU","7019048377","HU","7024020706","","K","",11,"nem","nem"
"D","20","HU","7050075604","2016","1","HU","7019082647","HU","7050053471","","k","",11,"nem","nem"
"D","20","HU","7019112472","2015","2","HU","7050057785","HU","7028018042","","b","",11,"nem","nem"
"D","20","HU","7025026657","2012","1","HU","7038006057","HU","7008076165","","E","",11,"nem","nem"
"D","20","HU","7050085317","2017","1","HU","7050063519","HU","7050063494","","x","",11,"nem","nem"
"D","20","HU","7049037707","2015","2","HU","7049034506","HU","7049019677","","b","",11,"nem","nem"
"D","20","HU","7043041791","2019","2","HU","7050053497","HU","7043024336","","a","",11,"nem","nem"
"D","20","HU","7043030975","2015","1","HU","7019067622","HU","7043020923","","k","",11,"nem","nem"
"D","20","HU","7043037547","2017","1","HU","7019067622","HU","7043022909","","E","",11,"nem","nem"
"D","20","HU","7019077054","2012","1","HU","7030044556","HU","7019066225","","E","",11,"nem","nem"
"D","20","HU","7043030751","2015","1","HU","7011014507","HU","7043021135","","k","",11,"nem","nem"
"D","20","HU","7019083312","2014","1","HU","7030044556","HU","7019053171","","k","",11,"nem","nem"
"D","20","HU","7050078045","2016","2","HU","7050063522","HU","7050062592","","E","",11,"nem","nem"
"D","20","HU","7043041944","2018","1","HU","7019123722","HU","7043023843","","a","",11,"nem","nem"
"D","20","HU","7043034672","2017","1","HU","7019077137","HU","7031020375","","k","",11,"nem","nem"
"D","20","HU","7059006946","2002","2","HU","7059004366","HU","7059004647","","E","",11,"nem","nem"
"D","20","HU","7019067239","2011","1","HU","7019048380","HU","7024020821","","E","",11,"nem","nem"
"D","20","HU","7043044611","2019","1","HU","7019123722","HU","7043029878","","E","",11,"nem","nem"
"D","20","HU","7019079618","2013","1","","","HU","7030056782","","E","",11,"nem","nem"
"D","20","HU","7064000128","1999","2","","","","","","E","",11,"nem","nem"
"D","20","HU","7019067370","2012","2","HU","7019048380","HU","7019042368","","E","",11,"nem","nem"
"D","20","HU","7043037930","2018","1","HU","7050053497","HU","7043021263","","a","",11,"nem","nem"
"D","20","HU","7019082676","2014","1","HU","7019055991","HU","7019064281","","E","",11,"nem","nem"
"D","20","HU","7043030438","2015","2","HU","7019077137","HU","7031019955","","b","",11,"nem","nem"
"D","20","HU","7019079519","2013","1","HU","7019066410","HU","7019045668","","E","",11,"nem","nem"
"D","20","HU","7025036810","2013","1","HU","7038020873","HU","7008076165","","E","",11,"nem","nem"
"D","20","HU","7043037477","2017","2","HU","7050053497","HU","7043024109","","a","",11,"nem","nem"
"D","20","HU","7019056244","2011","1","HU","7019048418","HU","7003077851","","K","",11,"nem","nem"
"D","20","HU","7043023179","2012","1","HU","7011014507","HU","7043021078","","E","",11,"nem","nem"
"D","20","HU","7049037666","2014","1","HU","7043023504","HU","7049019635","","E","",11,"nem","nem"
"D","20","HU","7019111822","2015","1","HU","7019088119","HU","7019067677","","k","",11,"nem","nem"
"D","20","HU","7025079767","2019","1","HU","7050063519","HU","7050078920","","k","",11,"nem","nem"
"D","20","HU","7019076590","2012","2","HU","7030044556","HU","7019066308","","E","",11,"nem","nem"
"D","20","HU","7003051413","2011","2","HU","7045031242","HU","7031019757","","E","",11,"nem","nem"
"D","20","HU","7019088023","2013","1","HU","7025030450","HU","7019046490","","E","",11,"nem","nem"
"D","2011","HU","7019067143","2011","2","HU","7019048377","HU","7009011240","","E","",11,"nem","nem"
"D","20","HU","7019082577","2014","1","HU","7019055991","HU","7019076347","","E","",11,"nem","nem"
"D","20","HU","7019056369","2011","1","HU","7019048418","HU","7019045754","","E","",11,"nem","nem"
"D","20","HU","7019091599","2014","1","HU","7025030450","HU","7019045655","","K","",11,"nem","nem"
"D","20","HU","7049037637","2014","1","","","HU","7049019664","","E","",11,"nem","nem"
"D","20","HU","7019066142","2011","1","HU","7019052956","HU","7019053085","","E","",11,"nem","nem"
"D","20","HU","7049035101","2014","1","","","HU","7049019705","","E","",11,"nem","nem"
"D","20","HU","7019123946","2016","2","HU","7019091771","HU","7019088049","","a","",11,"nem","nem"
"D","20","HU","7043040662","2018","1","HU","7050053497","HU","7043023559","","E","",11,"nem","nem"
"D","20","HU","7019082551","2014","1","HU","7019055991","HU","7019053030","","k","",11,"nem","nem"
"D","20","HU","7049035015","2014","2","","","HU","7049022213","","E","",11,"nem","nem"
"D","20","HU","7043035488","2017","2","HU","7050053497","HU","7043024295","","b","",11,"nem","nem"
"D","20","HU","7043034601","2016","2","HU","7019077137","HU","7031020375","","b","",11,"nem","nem"
"D","20","HU","7019094352","2018","2","HU","7049041849","HU","7019122929","","x","",11,"nem","nem"
"D","2001","HU","7043040860","2018","1","HU","7019123722","HU","7043023575","","E","",11,"nem","nem"
"D","20","HU","7030070553","2014","1","HU","7019067495","HU","7030049254","","E","",11,"nem","nem"
"D","20","HU","7019123706","2016","1","HU","7019091771","HU","7019079481","","E","",11,"nem","nem"
"D","20","HU","7043042143","2019","2","HU","7019123722","HU","7043035305","","E","",11,"nem","nem"
"D","20","HU","7019123920","2016","1","HU","7019091771","HU","7019088078","","E","",11,"nem","nem"
"D","20","HU","7038020732","2010","1","HU","7021005685","HU","7008077377","","E","",11,"nem","nem"
"D","2011","HU","7043023489","2013","2","HU","7043021010","HU","7050009443","","","",11,"nem","nem"
"D","20","HU","7030049212","2011","1","HU","7030042190","HU","7010044835","","K","",11,"nem","nem"
"D","20","HU","7049057280","2017","1","HU","7025048710","HU","7049035060","","k","",11,"nem","nem"
"D","20","HU","7019055959","2010","1","","","HU","7019052985","","E","",11,"nem","nem"
"D","20","HU","7049061801","2018","1","HU","7050075550","HU","7049035185","","E","",11,"nem","nem"
"D","20","HU","7043037831","2017","1","HU","7050053497","HU","7043023434","","k","",11,"nem","nem"
"D","2001","HU","7043020783","2011","1","HU","7011014507","HU","7050004589","","E","",11,"nem","nem"
"D","20","HU","7043040985","2018","2","HU","7019123722","HU","7043023434","","a","",11,"nem","nem"
"D","20","HU","7043030029","2015","2","HU","7019067622","HU","7043023687","","a","",11,"nem","nem"
"D","20","HU","7019091937","2018","2","HU","7049041782","HU","7019091474","","a","",11,"nem","nem"
"D","20","HU","7019035070","2010","1","HU","7011014507","HU","7059004704","","E","",11,"nem","nem"
"D","20","HU","7067030692","2018","1","HU","7019082973","HU","7019127164","","k","",11,"nem","nem"
"D","20","HU","7043024055","2013","1","HU","7043020879","HU","7009040620","","E","",11,"nem","nem"
"D","20","HU","7003051525","2011","2","HU","7045031242","HU","7064002373","","E","",11,"nem","nem"
"D","20","HU","7049065722","2019","2","HU","7043035206","HU","7049048846","","a","",11,"nem","nem"
"D","20","HU","7043030892","2015","2","HU","7019067622","HU","7043023898","","a","",11,"nem","nem"
"D","20","HU","7028018068","2008","2","","","","","","E","",11,"nem","nem"
"D","20","HU","7050086868","2018","1","HU","7025048710","HU","7050062646","","E","",11,"nem","nem"
"D","20","HU","7019053168","2008","2","","","","","","B","",11,"nem","nem"
"D","20","HU","7043036939","2018","1","HU","7043024208","HU","7043030508","","k","",11,"nem","nem"
"D","20","HU","7043035532","2017","1","HU","7050053497","HU","7043030681","","k","",11,"nem","nem"
"D","201","HU","7019067086","2011","1","HU","7019048380","HU","7019046544","","E","",11,"nem","nem"
"D","20","HU","7025079895","2019","1","HU","7050063519","HU","7050085304","","k","",11,"nem","nem"
"D","20","HU","7010041845","2001","2","","","","","","E","",11,"nem","nem"
"D","20","HU","7019060162","2010","2","HU","7019048377","HU","7019048335","","b","",11,"nem","nem"
"D","201","HU","7050078384","2016","1","HU","7050063522","HU","7050063168","","E","",11,"nem","nem"
"D","20","HU","7043023351","2012","2","HU","7011014507","HU","7009039846","","E","",11,"nem","nem"
"D","20","HU","7019076730","2012","1","HU","7019055991","HU","7019045770","","E","",11,"nem","nem"
"D","20","HU","7024020524","2007","2","","","","","","B","",11,"nem","nem"
"D","20","HU","7043040659","2018","1","HU","7050053497","HU","7043033192","","E","",11,"nem","nem"
"D","20","HU","7043041986","2018","1","HU","7050053497","HU","7043023715","","a","",11,"nem","nem"
"D","20","HU","7019076545","2012","2","HU","7030044556","HU","7019053027","","E","",11,"nem","nem"
"D","20","HU","7043021177","2011","2","HU","7011014507","HU","7043017163","","E","",11,"nem","nem"
"D","2001","HU","7043029881","2014","1","HU","7019067622","HU","7043023492","","E","",11,"nem","nem"
"D","20","HU","7019088982","2019","1","HU","7049041782","HU","7019135367","","E","",11,"nem","nem"
"D","20","HU","7050053468","2014","1","HU","7050038399","HU","7025030421","","E","",11,"nem","nem"
"D","20","HU","7043040956","2018","2","HU","7019123722","HU","7043023731","","b","",11,"nem","nem"
"D","20","HU","7059007075","2014","1","HU","7019067622","HU","7050017998","","E","",11,"nem","nem"
"D","20","HU","7025080129","2019","2","HU","7050038401","HU","7050062745","","E","",11,"nem","nem"
"D","20","HU","7043034432","2017","1","HU","7019077137","HU","7031020317","","k","",11,"nem","nem"
"D","20","HU","7050085739","2017","2","HU","7019083127","HU","7050063353","","x","",11,"nem","nem"
"D","20","HU","7050086954","2018","1","HU","7019083127","HU","7050062592","","E","",11,"nem","nem"
"D","2002","HU","7019088854","2019","2","HU","7019135213","HU","7019135200","","x","",11,"nem","nem"
"D","2000","HU","7043037675","2017","1","HU","7050053497","HU","7043031103","","k","",11,"nem","nem"
"D","20","HU","7019091669","2014","1","HU","7025030450","HU","7019042368","","K","",11,"nem","nem"
"D","20","HU","7043034289","2016","1","HU","7043024208","HU","7043025379","","E","",11,"nem","nem"
"D","20","HU","7030049308","2011","1","HU","7030042190","HU","7030024466","","E","",11,"nem","nem"
"D","20","HU","7019060360","2010","1","HU","7019048377","HU","7019045613","","E","",11,"nem","nem"
"D","20","HU","7019066308","2011","2","HU","7019052956","HU","7019053027","","B","",11,"nem","nem"
"D","20","HU","7019091979","2018","2","HU","7049041849","HU","7019111682","","b","",11,"nem","nem"
"D","20","HU","7025036919","2013","1","HU","7038021270","HU","7038021366","","E","",11,"nem","nem"
"D","20","HU","7049057264","2017","1","HU","7025048710","HU","7049035060","","k","",11,"nem","nem"
"D","20","HU","7043042974","2019","2","HU","7019123722","HU","7043021218","","b","",11,"nem","nem"
"D","20","HU","7019088768","2019","1","HU","7049041849","HU","7019135057","","x","",11,"nem","nem"
"D","20","HU","7043023405","2012","2","HU","7011014507","HU","7004047903","","E","",11,"nem","nem"
"D","20","HU","7025026615","2012","1","HU","7038006057","HU","7008076420","","E","",11,"nem","nem"
"D","20","HU","7019088403","2019","2","HU","7049041849","HU","7019111752","","x","",11,"nem","nem"
"D","2000","HU","7043024000","2013","1","HU","7011014507","HU","7043020837","","E","",11,"nem","nem"
"D","20","HU","7043030579","2015","2","HU","7019077137","HU","7031019939","","b","",11,"nem","nem"
"D","20","HU","7019066580","2011","1","HU","7019048377","HU","7019045626","","E","",11,"nem","nem"
"D","20","HU","7043029865","2014","1","HU","7019067622","HU","7043023559","","E","",11,"nem","nem"
"D","20","HU","7030060572","2012","2","HU","7030048563","HU","7030024507","","E","",11,"nem","nem"
"D","20","HU","7019112469","2018","2","HU","7049041782","HU","7019123160","","x","",11,"nem","nem"
"D","20","HU","7003051608","2011","1","HU","7045031242","HU","7031019942","","K","",11,"nem","nem"
"D","20","HU","7030037341","2010","2","","","HU","7010041788","","E","",11,"nem","nem"
"D","20","HU","7019060456","2010","1","HU","7019048380","HU","7019046445","","E","",11,"nem","nem"
"D","20","HU","7019076884","2012","2","HU","7019055991","HU","7019053043","","b","",11,"nem","nem"
"D","20","HU","7045030407","2009","2","","","","","","E","",11,"nem","nem"
"D","20","HU","7019066928","2011","1","HU","7019048380","HU","7019048322","","E","",11,"nem","nem"
"D","20","HU","7043042888","2019","1","HU","7019123722","HU","7043021276","","k","",11,"nem","nem"
"D","20","HU","7043042354","2019","1","HU","7050053497","HU","7043035082","","k","",11,"nem","nem"
"D","20","HU","7043042312","2019","2","HU","7050053497","HU","7043034883","","b","",11,"nem","nem"
"D","20","HU","7019076798","2012","1","HU","7019055991","HU","7019053155","","K","",11,"nem","nem"
"D","20","HU","7049057318","2017","1","HU","7019112133","HU","7049037710","","k","",11,"nem","nem"
"D","20","HU","7003051190","2010","2","","","HU","7031019856","","E","",11,"nem","nem"
"D","20","HU","7043023476","2015","1","HU","7019067622","HU","7043020808","","K","",11,"nem","nem"
"D","20","HU","7043023377","2012","2","HU","7011014507","HU","7043017163","","E","",11,"nem","nem"
"D","20","HU","7019067200","2011","1","","","HU","7019060175","","E","",11,"nem","nem"
"D","20","HU","7019112584","2018","2","HU","7049041852","HU","7019123272","","x","",11,"nem","nem"
"D","2002","HU","7019092602","2018","1","HU","7049041849","HU","7019122680","","E","",11,"nem","nem"
"D","20","HU","7030070441","2014","1","HU","7019067495","HU","7030066255","","E","",11,"nem","nem"
"D","20","HU","7049061674","2018","1","HU","7050075550","HU","7049041807","","E","",11,"nem","nem"
"D","20","HU","7019076107","2013","2","HU","7030044556","HU","7019066155","","E","",11,"nem","nem"
"D","20","HU","7043033668","2016","1","HU","7011014507","HU","7009039846","","k","",11,"nem","nem"
"D","20","HU","7019077067","2012","1","HU","7030044556","HU","7019056088","","E","",11,"nem","nem"
"D","20","HU","7030037002","2010","1","","","HU","7010044934","","E","",11,"nem","nem"
"D","20","HU","7019067185","2011","1","","","HU","7019060146","","E","",11,"nem","nem"
"D","20","HU","7019088599","2019","1","HU","7049041782","HU","7019122932","","x","",11,"nem","nem"
"D","20","HU","7050086727","2018","1","HU","7019083127","HU","7050063212","","E","",11,"nem","nem"
"D","20","HU","7019035041","2010","1","HU","7011014507","HU","7050008088","","E","",11,"nem","nem"
"D","20","HU","7030049759","2014","1","HU","7019067495","HU","7030060808","","E","",11,"nem","nem"
"D","20","HU","7019127010","2016","1","HU","7019055991","HU","7019076251","","k","",11,"nem","nem"
"D","20","HU","7043033709","2016","1","HU","7050053497","HU","7043023885","","k","",11,"nem","nem"
"D","20","HU","7019067833","2012","1","HU","7019048377","HU","7009011419","","E","",11,"nem","nem"
"D","20","HU","7019091911","2018","2","HU","7019111749","HU","7019091432","","a","",11,"nem","nem"
"D","20","HU","7043044723","2019","2","HU","7019123722","HU","7043023731","","b","",11,"nem","nem"
"D","20","HU","7019035054","2010","1","HU","7011014268","HU","7050009399","","K","",11,"nem","nem"
"D","20","HU","7059006847","2014","1","HU","7011014507","HU","7043020923","","E","",11,"nem","nem"
"D","20","HU","7019067169","2011","2","","","HU","7019060290","","E","",11,"nem","nem"
"D","20","HU","7043023265","2012","1","HU","7011014507","HU","7009040620","","E","",11,"nem","nem"
"D","20","HU","7019088672","2019","2","HU","7050087728","HU","7019123272","","x","",11,"nem","nem"
"D","20","HU","7049066301","2019","1","HU","7049048820","HU","7049057462","","k","",11,"nem","nem"
"D","2011","HU","7043023195","2012","1","HU","7011014507","HU","7050009443","","E","",11,"nem","nem"
"D","20","HU","7064002216","2004","2","HU","7064000524","HU","7064000269","","E","",11,"nem","nem"
"D","20","HU","7043030128","2015","1","HU","7043025449","HU","7045030452","","E","",11,"nem","nem"
"D","20","HU","7019056174","2011","1","HU","7019055920","HU","7019053113","","E","",11,"nem","nem"
"D","20","HU","7049034986","2014","1","","","HU","7049019648","","E","",11,"nem","nem"
"D","20","HU","7049066059","2019","1","HU","7043035206","HU","7049041711","","E","",11,"nem","nem"
"D","20","HU","7043022897","2012","2","HU","7011014507","HU","7004047903","","E","",11,"nem","nem"
"D","20","HU","7050099686","2019","1","HU","7050087702","HU","7050075860","","E","",11,"nem","nem"
"D","20","HU","7043036799","2019","1","HU","7043024240","HU","7043034403","","k","",11,"nem","nem"
"D","201","HU","7050078157","2016","1","HU","7050063522","HU","7050062589","","E","",11,"nem","nem"
"D","20","HU","7043037761","2017","1","HU","7019067622","HU","7043023827","","k","",11,"nem","nem"
"D","20","HU","7019088700","2019","2","HU","7049041782","HU","7019134960","","x","",11,"nem","nem"
"D","20","HU","7019091698","2014","2","HU","7025030450","HU","7024023486","","b","",11,"nem","nem"
"D","20","HU","7019055793","2010","2","","","HU","7024023949","","B","",11,"nem","nem"
"D","20","HU","7043036632","2018","2","HU","7043024208","HU","7003051314","","a","",11,"nem","nem"
"D","20","HU","7019083507","2013","1","HU","7030044556","HU","7019053171","","E","",11,"nem","nem"
"D","2001","HU","7025080752","2019","2","HU","7025048710","HU","7050078003","","b","",11,"nem","nem"
"D","20","HU","7019066311","2011","2","HU","7019052956","HU","7019053014","","E","",11,"nem","nem"
"D","20","HU","7033054224","2015","1","HU","7011014507","HU","7043019293","","k","",11,"nem","nem"
"D","20","HU","7043033428","2016","1","HU","7019067622","HU","7043023760","","E","",11,"nem","nem"
"D","20","HU","7030037226","2010","1","","","HU","7030024255","","E","",11,"nem","nem"
"D","20","HU","7025080343","2019","1","HU","7050063519","HU","7050063171","","k","",11,"nem","nem"
"D","20","HU","7019056343","2011","2","HU","7019048418","HU","7019045217","","E","",11,"nem","nem"
"D","20","HU","7019076350","2012","1","HU","7030044556","HU","7019056020","","E","",11,"nem","nem"
"D","20","HU","7025036935","2013","1","HU","7038021270","HU","7038021340","","E","",11,"nem","nem"
"D","20","HU","7043042862","2019","2","HU","7050053497","HU","7043035433","","a","",11,"nem","nem"
"D","20","HU","7019123917","2016","1","HU","7019091771","HU","7019079689","","k","",11,"nem","nem"
"D","20","HU","7019076909","2012","2","HU","7019055991","HU","7019053030",6737115,"B",1,11,"nem","nem"
"D","20","HU","7019077041","2012","2","HU","7030044556","HU","7019056116","","E","",11,"nem","nem"
"D","20","HU","7043020811","2011","2","HU","7011014507","HU","7009039888","","E","",11,"nem","nem"
"D","20","HU","7049022172","2011","2","","","","","","E","",11,"nem","nem"
"D","20","HU","7049022200","2011","2","","","","","","B","",11,"nem","nem"
"D","20","HU","7019079311","2013","2","HU","7019066410","HU","7019060399","","B","",11,"nem","nem"
"D","20","HU","7050037174","2011","2","","","","","","B","",11,"nem","nem"
"D","20","HU","7019088078","2013","2","","","HU","7019045655","","E","",11,"nem","nem"
"D","20","HU","7019088180","2013","2","","","HU","7019066759","","E","",11,"nem","nem"
"D","20","HU","7019079829","2013","1","HU","7019066410","HU","7028018084","","K","",11,"nem","igen"
"D","20","HU","7008075867","2006","2","","","","","","E","",11,"nem","nem"
"D","20","HU","7009011279","2001","2","","","","","","B","",11,"nem","nem"
"D","20","HU","7003077554","2005","2","","","","","","B","",11,"nem","nem"
"D","20","HU","7050004758","2002","2","HU","7059004366","HU","7059004410","","B","",11,"nem","nem"
"D","20","HU","7003051442","2011","2","HU","7045031242","HU","7055025589","","B","",11,"nem","nem"
"D","20","HU","7019066618","2011","2","HU","7019048380","HU","7019045709","","B","",11,"nem","nem"
"D","20","HU","7019056231","2011","2","HU","7019048418","HU","7019052985","","B","",11,"nem","nem"
"D","20","HU","7019066692","2011","2","HU","7019048377","HU","7024020397","","B","",11,"nem","nem"
"D","20","HU","7019066746","2011","2","HU","7019048377","HU","7019046445","","B","",11,"nem","nem"
"D","20","HU","7019066803","2011","2","HU","7019048377","HU","7029001641","","B","",11,"nem","nem"
"D","20","HU","7019067002","2011","2","HU","7019048380","HU","7019046461","","E","",11,"nem","nem"
"D","20","HU","7030036973","2010","2","","","HU","7030024172","","E","",11,"nem","nem"
"D","20","HU","7030036986","2010","2","","","HU","7010044934","","E","",11,"nem","nem"
"D","20","HU","7030049423","2011","2","HU","7030042190","HU","7030024312","","E","",11,"nem","nem"
"D","20","HU","7030037143","2010","2","","","HU","7030024750","","E","",11,"nem","nem"
"D","20","HU","7019056286","2011","2","HU","7019055991","HU","7019053001","","B",3,11,"nem","nem"
"D","20","HU","7019067057","2011","2","HU","7019048377","HU","7019045572","","B","",11,"nem","igen"
"D","20","HU","7030037213","2010","2","","","HU","7030024255","","E","",11,"nem","nem"
"D","20","HU","7030037255","2010","2","","","HU","7030024466","","E","",11,"nem","nem"
"D","20","HU","7030059347","2011","2","","","","","","E","",11,"nem","nem"
"D","20","HU","7030049126","2011","1","HU","7030042190","HU","7030024411","","B","",11,"nem","nem"
"D","20","HU","7030049283","2011","2","HU","7030042190","HU","7030024325","","E","",11,"nem","nem"
"D","20","HU","7038021283","2010","2","HU","7021005685","HU","7008076615","","b","",11,"nem","nem"
"D","20","HU","7043019293","2010","2","HU","7011014268","HU","7059004465","","B","",11,"nem","nem"
"D","20","HU","7019060401","2010","2","HU","7019048377","HU","7019045697","","B","",11,"nem","nem"
"D","20","HU","7019076363","2012","2","HU","7030044556","HU","7019056059",6737115,"B",2,11,"nem","nem"
"D","20","HU","7019076446","2012","2","HU","7030044556","HU","7019056059","","B",3,11,"nem","nem"
"D","20","HU","7019076657","2012","2","HU","7019055991","HU","7003077554","","E","",11,"nem","nem"
"D","20","HU","7019076699","2012","2","HU","7030044556","HU","7019056385","","A",3,11,"nem","nem"
"D","20","HU","7043022912","2012","2","HU","7011014507","HU","7043015666","","E","",11,"nem","nem"
"D","20","HU","7043023492","2013","2","HU","7043021010","HU","7050009443","","B",3,11,"nem","nem"
"D","20","HU","7030049647","2014","2","HU","7019067495","HU","7030049423","","E","",11,"nem","nem"
"D","20","HU","7043023690","2013","2","HU","7011014507","HU","7043020910","","B","",11,"nem","nem"
"D","20","HU","7043025692","2013","2","HU","7045031242","HU","7031020528","","B","",11,"nem","nem"
"D","20","HU","7019046557","2009","2","","","","","","B","",11,"nem","igen"
"D","20","HU","7026031856","2009","2","","","","","","E","",11,"nem","nem"
"D","20","HU","7026032295","2013","2","HU","7046022401","HU","7046023895","","E","",11,"nem","nem"
"D","20","HU","7026032419","2013","1","HU","7046022401","HU","7026013221","","E","",11,"nem","nem"
"D","20","HU","7019091164","2014","2","HU","7019067648","HU","7019060232","","a","",11,"nem","nem"
"D","20","HU","7019091461","2014","2","HU","7019079197","HU","7019067651","","A","",11,"nem","nem"
"D","20","HU","7043029906","2014","2","HU","7019067622","HU","7043023715","","E","",11,"nem","nem"
"D","20","HU","7043024125","2014","2","HU","7019067622","HU","7043021135","","E","",11,"nem","nem"
"D","20","HU","7019091700","2014","2","HU","7025030450","HU","7024023486","","B","",11,"nem","nem"
"D","20","HU","7019091742","2014","2","HU","7025030450","HU","7019067846","","a","",11,"nem","nem"
"D","20","HU","7043025551","2014","2","HU","7036005834","HU","7045030647","","E","",11,"nem","nem"
"D","20","HU","7043025647","2014","2","HU","7036005834","HU","7031020164","","B","",11,"nem","nem"
"D","20","HU","7050053398","2014","2","HU","7050038399","HU","7050037202","","b","",11,"nem","nem"
"D","20","HU","7050053400","2014","2","HU","7050038399","HU","7050037202","","b","",11,"nem","nem"
"D","20","HU","7019048380","2004","1","","","","","","B","",11,"nem","nem"
"D","20","HU","7019077070","2012","2","HU","7030044556","HU","7019056004","","A",3,11,"nem","nem"
"D","20","HU","7025026673","2012","2","HU","7038006057","HU","7038020802","","E","",11,"nem","nem"
"D","20","HU","7049034506","2008","1","","","","","","B","",11,"nem","nem"
"D","20","HU","7019053030","2008","2","","","","","","B","",11,"nem","nem"
"D","20","HU","7019055991","2010","1","HU","7019052969","HU","7019053155","","B","",11,"nem","nem"
"D","20","HU","7031020164","2008","2","","","","","","E","",11,"nem","nem"
"D","20","HU","7031019885","2008","2","","","","","","E","",11,"nem","nem"
"D","20","HU","7019046560","2008","2","","","","","","B","",11,"nem","igen"
"D","20","HU","7024019430","2007","2","","","","","","B","",11,"nem","nem"
"D","20","HU","7024019485","2007","2","","","","","","B","",11,"nem","nem"
"D","20","HU","7028010648","2007","2","","","","","","B","",11,"nem","nem"
"D","20","HU","7038006060","2008","1","","","","","","B","",11,"nem","igen"
"D","20","HU","7031019827","2007","2","","","","","","E","",11,"nem","nem"
"D","20","HU","7045030647","2008","2","","","","","","E","",11,"nem","nem"
"D","20","HU","7043025845","2013","1","HU","7045031242","HU","7031019942","","K","",11,"nem","igen"
"D","20","HU","7030036957","2010","2","","","HU","7030024408","","E","",11,"nem","nem"
"D","20","HU","7030037156","2010","2","","","HU","7030024213","","E","",11,"nem","nem"
"D","20","HU","7019060133","2010","1","","","HU","7019045655","","E","",11,"nem","nem"
"D","20","HU","7019035012","2010","2","HU","7011014268","HU","7059006764","","E","",11,"nem","nem"
"D","20","HU","7019060203","2010","2","HU","7019048377","HU","7030024198","","E","",11,"nem","nem"
"D","20","HU","7008076433","2004","2","","","","","","E","",11,"nem","nem"
"D","20","HU","7008077773","2003","2","","","","","","E","",11,"nem","nem"
"D","2001","HU","7043020837","2011","2","HU","7011014507","HU","7009039888","","E","",11,"nem","nem"
"D","20","HU","7043021023","2011","2","HU","7011014507","HU","7059004465","","E","",11,"nem","nem"
"D","20","HU","7030060556","2012","1","HU","7030048563","HU","7030036957","","E","",11,"nem","nem"
"D","20","HU","7030060796","2012","1","HU","7030048563","HU","7030037156","","E","",11,"nem","nem"
"D","20","HU","7051024438","2008","2","","","","","","E","",11,"nem","nem"
"D","20","HU","7043021247","2012","1","HU","7011014507","HU","7059004647","","E","",11,"nem","nem"
"D","20","HU","7050038430","2012","2","","","HU","7025020677","","E","",11,"nem","nem"
"D","20","HU","7019077111","2012","1","HU","7019055991","HU","7019053056","","K","",11,"nem","nem"
"D","20","HU","7043024295","2014","2","HU","7019067622","HU","7050008088",6810672,"B","",11,"nem","nem"
"D","20","HU","7043024349","2014","2","HU","7019067622","HU","7009039817","","B",1,11,"nem","nem"
"D","20","HU","7043024352","2014","2","HU","7019067622","HU","7009039817","","E","",11,"nem","nem"
"D","2001","HU","7043024419","2014","2","HU","7019067622","HU","7043023575","","B","",11,"nem","nem"
"D","20","HU","7043025481","2014","2","HU","7036005834","HU","7045030452","","E","",11,"nem","nem"
"D","20","HU","7030024239","2007","2","","","","","","B","",11,"nem","nem"
"D","20","HU","7030024396","2007","2","","","","","","B","",11,"nem","nem"
"D","20","HU","7030024958","2007","2","","","","","","B","",11,"nem","nem"
"D","20","HU","7043025746","2013","2","HU","7045031242","HU","7031019827","","E","",11,"nem","nem"
"D","20","HU","7025036922","2013","2","HU","7038021270","HU","7038021720","","E","",11,"nem","nem"
"D","20","HU","7009011253","2002","2","","","","","","E","",11,"nem","nem"
"D","20","HU","7019076037","2012","2","HU","7030044556","HU","7019052985","","B","",11,"nem","nem"
"D","20","HU","7019076251","2012","2","HU","7030044556","HU","7019053030","","E","",11,"nem","nem"
"D","20","HU","7019083479","2013","2","HU","7030044556","HU","7019045770",6737115,"B",2,11,"nem","nem"
"D","20","HU","7019083552","2013","2","HU","7030044556","HU","7019053113","","E","",11,"nem","nem"
"D","20","HU","7019082816","2015","2","HU","7019055991","HU","7019076714","","b","",11,"nem","nem"
"D","20","HU","7019083028","2015","2","HU","7019055991","HU","7019045725","","E","",11,"nem","nem"
"D","20","HU","7049041597","2015","2","HU","7049034506","HU","7049019648",1145467,"B",2,11,"nem","nem"
"D","205","HU","7050053570","2014","2","HU","7050038399","HU","7032012085","","E","",11,"nem","nem"
"D","20","HU","7019091630","2014","1","HU","7019079197","HU","7019067466","","A","",11,"nem","nem"
"D","20","HU","7019097537","2013","2","","","","","","B","",11,"nem","nem"
"D","20","HU","7019097595","2013","2","","","","","","E","",11,"nem","nem"
"D","20","HU","7049034999","2014","2","","","HU","7049019648","","B","",11,"nem","nem"
"D","20","HU","7049037653","2014","2","","","HU","7049019664","","E","",11,"nem","nem"
"D","20","HU","7049034957","2014","2","","","HU","7049019677","","B",3,11,"nem","nem"
"D","20","HU","7043024336","2014","2","HU","7019067622","HU","7043021164",6810672,"A","",11,"nem","nem"
"D","20","HU","7024025165","2008","2","","","","","","E","",11,"nem","nem"
"D","20","HU","7049019705","2009","2","","","","","","B","",11,"nem","nem"
"D","20","HU","7043030397","2015","1","HU","7019077137","HU","7031020375","","K","",11,"nem","nem"
"D","20","HU","7030050450","2015","1","HU","7050044321","HU","7030060808","","k","",11,"nem","nem"
"D","20","HU","7043024266","2014","1","HU","7019067622","HU","7043023434","","E","",11,"nem","nem"
"D","20","HU","7019092194","2014","2","","","","","","B","",11,"nem","nem"
"D","20","HU","7050062592","2012","2","","","","",4665472,"B",2,11,"nem","igen"
"D","20","HU","7050062675","2012","2","","","","","","B","",11,"nem","nem"
"D","20","HU","7050063212","2012","2","","","","",4665472,"B",1,11,"nem","igen"
"D","20","HU","7043025337","2013","2","HU","7045031242","HU","7045030410","","E","",11,"nem","nem"
"D","20","HU","7043025407","2013","2","HU","7045031242","HU","7003051314","","E","",11,"nem","nem"
"D","20","HU","7043017259","2009","1","HU","7012005021","HU","7043015570","","E","",11,"nem","nem"
"D","20","HU","7043017291","2009","2","HU","7012005021","HU","7059006818","","E","",11,"nem","nem"
"D","20","HU","7043017332","2009","2","HU","7012005021","HU","7059004551","","E","",11,"nem","nem"
"D","2013","HU","7043015880","2009","2","HU","7012005021","HU","7059004618","","E","",11,"nem","nem"
"D","20","HU","7043017189","2009","1","HU","7012005021","HU","7004047903","","E","",11,"nem","nem"
"D","20","HU","7019091643","2014","1","HU","7019067648","HU","7009011349","","K","",11,"nem","nem"
"D","20","HU","7050075688","2016","2","HU","7050070948","HU","7050053567","","E","",11,"nem","nem"
"D","20","HU","7050075745","2016","2","HU","7019082647","HU","7050053413","","E","",11,"nem","nem"
"D","20","HU","7050075828","2016","2","HU","7050053512","HU","7025030421","","B","",11,"nem","nem"
"D","20","HU","7050075844","2016","2","HU","7050070948","HU","7025048596","","a","",11,"nem","nem"
"D","20","HU","7050075886","2016","2","HU","7050070948","HU","7025039178","","E","",11,"nem","nem"
"D","20","HU","7025048752","2015","2","HU","7019088106","HU","7050057798","","B","",11,"nem","nem"
"D","20","HU","7043033134","2016","2","HU","7011014507","HU","7043023434","","a","",11,"nem","nem"
"D","20","HU","7043033569","2016","2","HU","7050053497","HU","7043024422",1318221,"A",2,11,"nem","igen"
"D","2001","HU","7043031103","2015","2","HU","7019067622","HU","7043023575","","B","",11,"nem","nem"
"D","20","HU","7025048707","2015","1","HU","7019088106","HU","7050038443","","B","",11,"nem","nem"
"D","20","HU","7019111835","2015","1","HU","7019088119","HU","7019066816","","B","",11,"nem","nem"
"D","20","HU","7025048608","2015","1","HU","7019088106","HU","7025030405","","B","",11,"nem","nem"
"D","20","HU","7019111666","2015","2","HU","7019088119","HU","7019067424","","A","",11,"nem","nem"
"D","20","HU","7019111806","2015","2","HU","7019088119","HU","7019067789","","E","",11,"nem","nem"
"D","20","HU","7019111905","2015","2","HU","7019088119","HU","7019067705","","E","",11,"nem","nem"
"D","20","HU","7019112021","2015","2","HU","7019079197","HU","7019079580","","E","",11,"nem","nem"
"D","20","HU","7019112117","2015","2","HU","7019088119","HU","7019067073","","A","",11,"nem","nem"
"D","20","HU","7019112188","2015","2","HU","7019079197","HU","7024019485",6879907,"E","",11,"nem","nem"
"D","20","HU","7026035566","2014","1","HU","7026032109","HU","7026031898","","B","",11,"nem","nem"
"D","20","HU","7019126808","2016","2","HU","7019091656","HU","7019056231","","E","",11,"nem","nem"
"D","20","HU","7019126840","2016","2","HU","7019091656","HU","7019077124",6737115,"A",1,11,"nem","igen"
"D","20","HU","7019127362","2016","2","HU","7019055991","HU","7019077096",6737115,"A",1,11,"nem","igen"
"D","20","HU","7043030201","2015","2","HU","7043025449","HU","7043025379","","B","",11,"nem","nem"
"D","20","HU","7043030537","2015","2","HU","7019077137","HU","7045030689","","B","",11,"nem","nem"
"D","20","HU","7043030582","2015","2","HU","7019077137","HU","7031019939","","B","",11,"nem","nem"
"D","20","HU","7050075550","2016","1","HU","7019082647","HU","7032012056","","B","",11,"nem","nem"
"D","20","HU","7050075576","2016","1","HU","7050053512","HU","7050037202","","E","",11,"nem","nem"
"D","20","HU","7019122581","2016","2","HU","7026036103","HU","7019091247","","a","",11,"nem","nem"
"D","20","HU","7019122619","2016","2","HU","7026036103","HU","7019091250","","A","",11,"nem","nem"
"D","202","HU","7019122622","2016","2","","","HU","7019091221","","E","",11,"nem","nem"
"D","20","HU","7019122648","2016","2","HU","7019091771","HU","7019066692",6909981,"A",1,11,"nem","nem"
"D","202","HU","7019122750","2016","2","","","HU","7019092293","","E","",11,"nem","nem"
"D","202","HU","7019122891","2016","2","","","HU","7019091560","","E","",11,"nem","nem"
"D","20","HU","7019122974","2016","2","HU","7019091771","HU","7019067073","","a","",11,"nem","nem"
"D","202","HU","7019123102","2016","2","","","HU","7019067408","","E","",11,"nem","nem"
"D","20","HU","7019123115","2016","2","HU","7019088119","HU","7019042368","","b","",11,"nem","nem"
"D","20","HU","7019123441","2016","2","HU","7019091771","HU","7019067284","","E","",11,"nem","nem"
"D","20","RO","2560530977","2016","1","","","","","","B","",99,"nem","nem"
"D","20","HU","7019082874","2016","1","HU","7019091656","HU","7019097582","","K","",11,"nem","nem"
"D","20","HU","7049048763","2016","2","HU","7043024240","HU","7049035156","","E","",11,"nem","nem"
"D","20","HU","7049048536","2016","2","HU","7043024240","HU","7049022198","","B","",11,"nem","nem"
"D","20","HU","7049048817","2016","2","HU","7043024240","HU","7049019648","","E","",11,"nem","nem"
"D","20","HU","7049048875","2016","2","HU","7043024240","HU","7049035172","","B","",11,"nem","nem"
"D","20","HU","7019135114","2017","2","HU","7019112133","HU","7019079308","","A","",11,"nem","nem"
"D","20","HU","7019135130","2017","2","HU","7049041782","HU","7019111682","","B","",11,"nem","nem"
"D","20","HU","7019135255","2017","2","HU","7019112133","HU","7019079689","","A","",11,"nem","nem"
"D","20","HU","7019135312","2017","2","HU","7049041782","HU","7019112162","","B","",11,"nem","nem"
"D","20","HU","7019135101","2017","1","HU","7019111749","HU","7019091388",9466720,"K","",11,"nem","nem"
"D","20","HU","7019135213","2017","1","HU","7019112133","HU","7019079308","","B","",11,"nem","nem"
"D","20","HU","7019135172","2017","2","HU","7049041782","HU","7019111752","","E","",11,"nem","nem"
"D","20","HU","7019128347","2017","1","HU","7019091656","HU","7019056330",9622995,"K","",11,"nem","nem"
"D","20","HU","7019128545","2017","1","HU","7019091656","HU","7019097524",9036749,"K","",11,"nem","nem"
"D","20","HU","7019127627","2016","2","HU","7019055991","HU","7019053056","","E","",11,"nem","nem"
"D","20","HU","7049057756","2017","2","HU","7025048710","HU","7049041597",1244991,"A",1,11,"nem","igen"
"D","20","HU","7043035277","2017","2","HU","7050053497","HU","7043030649",1318221,"A",3,11,"nem","igen"
"D","20","HU","7049057350","2017","1","HU","7019112133","HU","7049019718","","K","",11,"nem","nem"
"D","20","HU","7050087575","2017","1","HU","7025048653","HU","7025030421","","K","",11,"nem","nem"
"D","20","HU","7050087690","2017","1","HU","7025048653","HU","7025048640","","K","",11,"nem","nem"
"D","20","HU","7019128219","2017","2","HU","7019091656","HU","7019076446",6737115,"A",1,11,"nem","igen"
"D","20","HU","7019128699","2017","2","HU","7019082973","HU","7019056286","","E","",11,"nem","nem"
"D","20","HU","7019128558","2017","1","HU","7019091656","HU","7019082717","","k","",11,"nem","nem"
"D","20","HU","7019127036","2016","2","HU","7019055991","HU","7019076251","","E","",11,"nem","nem"
"D","20","HU","7019127346","2016","1","HU","7019055991","HU","7019076660","","k","",11,"nem","nem"
"D","20","HU","7043035264","2017","1","HU","7019067622","HU","7043021263","","A","",11,"nem","nem"
"D","20","HU","7043034320","2017","2","HU","7043024208","HU","7043030115","","B","",11,"nem","nem"
"D","20","HU","7043034346","2017","2","HU","7043024208","HU","7043030144","","B",2,11,"nem","nem"
"D","20","HU","7043034403","2017","2","HU","7043024208","HU","7043030201","","B",2,11,"nem","nem"
"D","20","HU","7043034416","2017","2","HU","7043024208","HU","7043026060","","b","",11,"nem","nem"
"D","20","HU","7043034627","2017","2","HU","7019077137","HU","7043025647","","b","",11,"nem","nem"
"D","20","HU","7050085304","2017","2","HU","7050063519","HU","7050063494","","E","",11,"nem","nem"
"D","20","HU","7050085630","2017","2","HU","7050063519","HU","7050063449","","E","",11,"nem","nem"
"D","20","HU","7050085726","2017","1","HU","7050063519","HU","7050063212","","K","",11,"nem","nem"
"D","20","HU","7050086558","2017","2","HU","7019083127","HU","7050062592",4665472,"B",1,11,"nem","igen"
"D","20","HU","7050078649","2016","2","HU","7050063522","HU","7050062745","","E","",11,"nem","nem"
"D","20","HU","7019136959","2018","2","HU","7049041849","HU","7019091388","","A","",11,"nem","nem"
"D","20","HU","7019137400","2018","2","HU","7019111749","HU","7019067408","","E","",11,"nem","nem"
"D","20","HU","7049062084","2018","2","HU","7049048820","HU","7049041737","","a","",11,"nem","nem"
"D","20","HU","7049062125","2018","2","HU","7019112133","HU","7049019705","","B","",11,"nem","nem"
"D","20","HU","7043036575","2018","1","HU","7043024208","HU","7043030090",6968944,"K","",11,"nem","nem"
"D","20","HU","7043037013","2018","1","HU","7043024208","HU","7043030355","","k","",11,"nem","nem"
"D","20","HU","7043036418","2018","2","HU","7043024208","HU","7043030272","","b","",11,"nem","nem"
"D","20","HU","7043036447","2018","2","HU","7043024208","HU","7003051442","","a","",11,"nem","nem"
"D","20","HU","7019128628","2017","1","HU","7019091656","HU","7019053030","","k","",11,"nem","nem"
"D","20","HU","7019128321","2017","2","HU","7019091656","HU","7019053171",6737115,"B",2,11,"nem","nem"
"D","20","HU","7019128590","2017","2","HU","7019091656","HU","7019056413","","a","",11,"nem","nem"
"D","20","HU","7050087603","2017","2","HU","7025048653","HU","7050053554","","a","",11,"nem","nem"
"D","20","HU","7019137161","2018","2","HU","7049041849","HU","7019092194","","B","",11,"nem","nem"
"D","20","HU","7026062704","2017","2","RO","2560530977","HU","7026036116","","E","",11,"nem","nem"
"D","20","HU","7049057644","2017","2","HU","7019112133","HU","7049041779","","a","",11,"nem","nem"
"D","20","HU","7049057248","2017","2","HU","7025048710","HU","7049035172","","b","",11,"nem","nem"
"D","20","HU","7019136904","2018","1","HU","7019111749","HU","7019112089","","B","",11,"nem","nem"
"D","20","HU","7019136988","2018","1","HU","7049041849","HU","7019067466","","A","",11,"nem","nem"
"D","20","HU","7050079228","2018","2","HU","7050038401","HU","7050062633","","E","",11,"nem","nem"
"D","20","HU","7043035602","2018","2","HU","7050053497","HU","7043023687","","A","",11,"nem","nem"
"D","20","HU","7043035631","2018","2","HU","7019123722","HU","7043023492","","B",3,11,"nem","nem"
"D","20","HU","7043035798","2018","2","HU","7050053497","HU","7043024109","","a","",11,"nem","nem"
"D","2001","HU","7043040873","2018","2","HU","7019123722","HU","7043023575",1318221,"E","",11,"nem","igen"
"D","20","HU","7050094780","2018","2","HU","7019123579","HU","7050075448","","b","",11,"nem","nem"
"D","20","HU","7050094988","2018","2","HU","7019123579","HU","7025048794",6880549,"B",3,11,"nem","igen"
"D","20","HU","7050095020","2018","2","HU","7019123269","HU","7050038443","","a","",11,"nem","nem"
"D","20","HU","7049061632","2018","2","HU","7019112133","HU","7049048565",9915871,"A","",11,"nem","nem"
"D","20","HU","7049061926","2018","2","HU","7049048820","HU","7049048648","","a","",11,"nem","nem"
"D","20","HU","7049062000","2018","2","HU","7019112133","HU","7049022226",1145467,"B",2,11,"nem","nem"
"D","20","HU","7049062167","2018","2","HU","7049048820","HU","7049041711",1145467,"A",2,11,"nem","nem"
"D","20","HU","7019127908","2018","2","HU","7019091656","HU","7019076631","","E","",11,"nem","nem"
"D","20","HU","7050087070","2018","1","HU","7019083127","HU","7050063142",4494078,"B","",11,"nem","nem"
"D","20","HU","7025079840","2019","2","HU","7050038401","HU","7050062592","","E","",11,"nem","nem"
"D","20","HU","7025079879","2019","2","HU","7050063519","HU","7050063212","","E","",11,"nem","nem"
"D","20","HU","7025079936","2019","1","HU","7050063519","HU","7050062774","","E","",11,"nem","nem"
"D","20","HU","7019127784","2018","1","HU","7019091656","HU","7019076334","","A","",11,"nem","nem"
"D","20","HU","7019128082","2018","1","HU","7019091656","HU","7019097524",6963006,"K","",11,"nem","nem"
"D","20","HU","7019128136","2018","1","HU","7019091656","HU","7019077124","","E","",11,"nem","nem"
"D","20","HU","7043036715","2019","1","HU","7043024240","HU","7043030272",4567561,"K","",11,"nem","nem"
"D","20","HU","7043036744","2019","1","HU","7043024240","HU","7043034148",664389,"K","",11,"nem","nem"
"D","20","HU","7043036827","2019","1","HU","7043024240","HU","7045030113","","k","",11,"nem","nem"
"D","20","HU","7043037282","2019","2","HU","7043024208","HU","7043030582","","b","",11,"nem","nem"
"D","20","HU","7043044413","2019","2","HU","7043024208","HU","7031020375","","E","",11,"nem","nem"
"D","20","HU","7043043818","2019","2","HU","7043024240","HU","7045030113","","E","",11,"nem","nem"
"D","20","HU","7043036786","2019","2","HU","7043024240","HU","7043034151","","A",1,11,"nem","nem"
"D","20","HU","7050099855","2019","2","HU","7050087702","HU","7050075422","","A","",11,"nem","nem"
"D","20","HU","7043041762","2019","2","HU","7019123722","HU","7043035277","","A","",11,"nem","nem"
"D","2000","HU","7043041816","2019","2","HU","7019123722","HU","7043024419",1318221,"B",2,11,"nem","igen"
"D","20","HU","7043042635","2019","2","HU","7050053497","HU","7043023885",8800725,"B","",11,"nem","igen"
"D","20","HU","7043042648","2019","2","HU","7019123722","HU","7043023054","","B","",11,"nem","nem"
"D","20","HU","7043042721","2019","2","HU","7019123722","HU","7043023926","","B","",11,"nem","nem"
"D","20","HU","7043042945","2019","2","HU","7019123722","HU","7043030847","","E","",11,"nem","nem"
"D","20","HU","7043043537","2019","2","HU","7019123722","HU","7043024109",1318221,"A",1,11,"nem","igen"
"D","20","HU","7043043582","2019","2","HU","7019123722","HU","7043029753",1318221,"E","",11,"nem","igen"
"D","20","HU","7043044682","2019","2","HU","7019123722","HU","7043035363","","E","",11,"nem","nem"
"D","20","HU","7043044710","2019","2","HU","7050053497","HU","7043022941",8800725,"B","",11,"nem","igen"
"D","20","HU","7043044794","2019","2","HU","7019123722","HU","7043020402",1318221,"B",2,11,"nem","igen"
"D","20","HU","7043045753","2020","1","HU","7043035628","HU","7043035644","","E","",11,"nem","nem"
"D","20","HU","7043045935","2020","1","HU","7043035628","HU","7043035673","","E","",11,"nem","nem"
"D","20","HU","7043045948","2020","1","HU","7043035628","HU","7043035673","","E","",11,"nem","nem"
"D","20","HU","7043045865","2020","2","HU","7043035628","HU","7043040790","","E","",11,"nem","nem"
"D","20","HU","7050095202","2018","2","","","","","","E","",11,"nem","nem"
"D","20","HU","7049071204","2021","2","HU","7019135552","HU","7049048549",7752955,"a",2,11,"nem","nem"
"D","20","HU","7049065719","2019","2","HU","7043035206","HU","7049048846",2296751,"A",2,11,"nem","nem"
"D","20","HU","7049065777","2019","2","HU","7019112133","HU","7049051156","","A",1,11,"nem","nem"
"D","20","HU","7049071329","2021","2","HU","7049065991","HU","7049048693","","a",2,11,"nem","nem"
"D","20","HU","7049071358","2021","2","HU","7019135552","HU","7049057743","","a","",11,"nem","nem"
"D","20","HU","7082002108","2020","1","HU","7043036463","HU","7027010214","","E","",11,"nem","nem"
"D","202","HU","7082002236","2020","2","HU","7043036463","HU","7042041086","","E","",11,"nem","nem"
"D","20","HU","7019140059","2019","2","HU","7049041782","HU","7019111637","","E","",11,"nem","nem"
"D","20","HU","7019140103","2019","2","HU","7019135213","HU","7019122804","","A","",11,"nem","nem"
"D","20","HU","7019140132","2019","2","HU","7050087728","HU","7019091250","","A",1,11,"nem","nem"
"D","20","HU","7019140202","2019","2","HU","7050087728","HU","7019123342",7752955,"A",2,11,"nem","nem"
"D","20","HU","7019140228","2019","2","HU","7050087728","HU","7019123339","","E","",11,"nem","nem"
"D","20","HU","7019140327","2019","2","HU","7049041782","HU","7019123326","","A",1,11,"nem","nem"
"D","20","HU","7019140398","2019","2","HU","7049041849","HU","7019123173",6810207,"E","",11,"nem","nem"
"D","20","HU","7049070568","2020","1","HU","7043035206","HU","7049041597","","k","",11,"nem","nem"
"D","20","HU","7049070724","2020","2","HU","7049061702","HU","7049044529","","B",1,11,"nem","nem"
"D","20","HU","7049070852","2020","2","HU","7019112133","HU","7049048622","","a","",11,"nem","nem"
"D","20","HU","7049070708","2020","1","HU","7049048820","HU","7049048721","","k","",11,"nem","nem"
"D","20","HU","7049071080","2020","2","HU","7049048820","HU","7049048734","","a","",11,"nem","nem"
"D","20","HU","7049071006","2020","1","HU","7049061702","HU","7049057181","","k","",11,"nem","nem"
"D","20","HU","7049066819","2020","1","HU","7043035206","HU","7049057446","","a","",11,"nem","nem"
"D","20","HU","7049070414","2020","2","HU","7049061702","HU","7049057686","","a","",11,"nem","nem"
"D","20","HU","7049070753","2020","1","HU","7043035206","HU","7049062055","","E","",11,"nem","nem"
"D","20","HU","7049070919","2020","2","HU","7019112133","HU","7049062167","","E","",11,"nem","nem"
"D","20","HU","7043045568","2020","1","HU","7043035628","HU","7043021218","","k","",11,"nem","nem"
"D","20","HU","7043045612","2020","1","HU","7019123722","HU","7043023760","","E","",11,"nem","nem"
"D","20","HU","7043045696","2020","2","HU","7050053497","HU","7043035136","","a","",11,"nem","nem"
"D","20","HU","7043045500","2020","2","HU","7043035628","HU","7043035772","","E","",11,"nem","nem"
"D","20","HU","7043045513","2020","2","HU","7043035628","HU","7043035772",1318221,"B",1,11,"nem","igen"
"D","20","HU","7043045823","2020","1","HU","7050053497","HU","7043022909","","E","",11,"nem","nem"
"D","20","HU","7065021630","2020","2","HU","7019136904","HU","7049048581","","E","",11,"nem","nem"
"D","20","HU","7065021601","2020","1","HU","7019136904","HU","7049048862","","E","",11,"nem","nem"
"D","20","HU","7049071093","2020","2","HU","7043035206","HU","7049057743","","a","",11,"nem","nem"
"D","20","HU","7049071147","2020","1","HU","7049048820","HU","7049035060","","k","",11,"nem","nem"
"D","20","HU","7067030791","2020","2","HU","7019127797","HU","7019127065",6737115,"A",1,11,"nem","igen"
"D","20","HU","7067031101","2020","1","HU","7019127797","HU","7019127953","","k","",11,"nem","nem"
"D","20","HU","7019140062","2019","2","HU","7049041782","HU","7019111637","","A","",11,"nem","nem"
"D","20","HU","7019140525","2020","2","HU","7019137046","HU","7019123131","","E","",11,"nem","nem"
"D","2002","HU","7019135862","2020","1","HU","7019137046","HU","7019123397","","E","",11,"nem","nem"
"D","20","HU","7019092558","2020","1","HU","7019136751","HU","7019136917","","E","",11,"nem","nem"
"D","20","HU","7019092574","2020","2","HU","7019136751","HU","7019136959","","E","",11,"nem","nem"
"D","20","HU","7019135677","2020","1","HU","7019137046","HU","7019092194",8860123,"K","",11,"nem","nem"
"D","20","HU","7043045005","2020","2","HU","7019123722","HU","7043024451","","a","",11,"nem","nem"
"D","20","HU","7043045021","2020","1","HU","7043035628","HU","7043033811","","k","",11,"nem","nem"
"D","20","HU","7043045047","2020","2","HU","7043035628","HU","7043033811","","a","",11,"nem","nem"
"D","20","HU","7043044848","2020","2","HU","7019123722","HU","7043035347",8800725,"A","",11,"nem","igen"
"D","2000","HU","7043045485","2020","2","HU","7043035628","HU","7043024419","","b","",11,"nem","nem"
"D","20","HU","7043045427","2020","2","HU","7043035628","HU","7043024422",8800725,"A","",11,"nem","igen"
"D","20","HU","7043045092","2020","1","HU","7019123722","HU","7043035305","","a","",11,"nem","nem"
"D","20","HU","7043045063","2020","1","HU","7043035628","HU","7043035462","","E","",11,"nem","nem"
"D","20","HU","7043045980","2020","1","HU","7019123722","HU","7043035800","","E","",11,"nem","nem"
"D","20","HU","7067031185","2020","2","HU","7019127797","HU","7019076363","","A",2,11,"nem","nem"
"D","20","HU","7067031130","2020","2","HU","7019127797","HU","7019077124","","A",2,11,"nem","nem"
"D","20","HU","7083003223","2020","1","HU","7050063519","HU","7050075422","","E","",11,"nem","nem"
"D","20","HU","7083003306","2020","1","HU","7050063519","HU","7050075828","","E","",11,"nem","nem"
"D","20","HU","7083003393","2020","1","HU","7050063519","HU","7050094764","","E","",11,"nem","nem"
"D","20","HU","7043046121","2020","2","HU","7043035628","HU","7043023827","","E","",11,"nem","nem"
"D","20","HU","7043046105","2020","2","HU","7019123722","HU","7043024109","","a","",11,"nem","nem"
"D","20","HU","7043046064","2020","2","HU","7043035628","HU","7043041915","","E","",11,"nem","nem"
"D","20","HU","7043046259","2020","1","HU","7019123722","HU","7043023843","","a","",11,"nem","nem"
"D","20","HU","7043046329","2020","2","HU","7043035628","HU","7043023926","","E","",11,"nem","nem"
"D","20","HU","7067040884","2020","2","","","","","","","",11,"nem","nem"
"D","20","HU","7068009798","2018","2","","","","","","","",11,"nem","nem"
"D","20","HU","7049076043","2021","1","HU","7049065991","HU","7049041625","","k","",11,"nem","nem"
"D","20","HU","7049075985","2021","1","HU","7049065991","HU","7049048635","","k","",11,"nem","nem"
"D","20","HU","7049076577","2021","2","HU","7019135552","HU","7049057462","","a","",11,"nem","nem"
"D","20","HU","7049071332","2021","1","HU","7019135552","HU","7049057743","","A","",11,"nem","nem"
"D","20","HU","7049076267","2021","2","HU","7019135552","HU","7049061632","","A",1,11,"nem","nem"
"D","20","HU","7049076139","2021","1","HU","7019135552","HU","7049062055","","k","",11,"nem","nem"
"D","20","HU","7049076647","2021","1","HU","7019135552","HU","7049062208","","A","",11,"nem","nem"
"D","20","HU","7049076072","2021","1","HU","7049068978","HU","7049062464","","E","",11,"nem","nem"
"D","20","HU","7049076069","2021","2","HU","7049068978","HU","7049062563","","A",2,11,"nem","nem"
"D","20","HU","7049075927","2021","2","HU","7049061702","HU","7049065719",7114652,"A",1,11,"nem","nem"
"D","20","HU","7049076382","2021","2","HU","7049068978","HU","7049066046","","E","",11,"nem","nem"
"D","20","HU","7049076353","2021","2","HU","7049068978","HU","7049066158",6706311,"a",1,11,"nem","nem"
"D","20","HU","7083006437","2021","1","HU","7025048822","HU","7050094751","","E","",11,"nem","nem"
"D","20","HU","7083006453","2021","2","HU","7025048822","HU","7050094764",8586429,"E","",11,"nem","nem"
"D","20","HU","7083006510","2021","1","HU","7025048822","HU","7050099839","","E","",11,"nem","nem"
"D","20","HU","7083006903","2021","1","HU","7049068978","HU","7049065975","","k","",11,"nem","nem"
"D","202","HU","7081009151","2020","2","","","","","","","",11,"nem","nem"
"D","20","HU","7034086820","2021","2","HU","7049066075","HU","7043045555",8800725,"A","",11,"nem","igen"
"D","20","HU","7030102939","2021","1","HU","7019143177","HU","7019112120","","A","",11,"nem","nem"
"D","20","HU","7030102955","2021","1","HU","7025048822","HU","7050053525","","E","",11,"nem","nem"
"D","20","HU","7049076650","2021","1","HU","7049068978","HU","7049065777",6636306,"A","",11,"nem","nem"
"D","20","HU","7083006466","2021","2","HU","7025048822","HU","7025030405",6880549,"B",1,11,"nem","igen"
"D","20","HU","7083006226","2021","1","HU","7025048822","HU","7050075422","","k","",11,"nem","nem"
"D","20","HU","7083006255","2021","1","HU","7025048822","HU","7050087546","","E","",11,"nem","nem"
"D","20","HU","7065023661","2021","2","HU","7019136904","HU","7049048664","","a","",11,"nem","nem"
"D","20","HU","7065023632","2021","1","HU","7019136904","HU","7049048862","","E","",11,"nem","nem"
"D","20","HU","7067044776","2021","2","HU","7019082973","HU","7019076446",6737115,"A",2,11,"nem","igen"
"D","201","HU","7077020274","2021","1","HU","7050087728","HU","7077010615","","E","",11,"nem","nem"
"D","201","HU","7077020290","2021","2","HU","7050087728","HU","7077010628",6858092,"E","",11,"nem","nem"
"D","20","HU","7043047573","2021","2","HU","7043035628","HU","7043024451","","a","",11,"nem","nem"
"D","20","HU","7043047502","2021","1","HU","7043035628","HU","7043035602","","a","",11,"nem","nem"
"D","20","HU","7043047883","2021","2","HU","7043035628","HU","7043022909",1318221,"B",2,11,"nem","igen"
"D","20","HU","7043047739","2021","1","HU","7019123722","HU","7043040729","","k","",11,"nem","nem"
"D","20","HU","7043049041","2021","1","HU","7019123722","HU","7043031033","","a","",11,"nem","nem"
"D","20","HU","7043049140","2021","1","HU","7019123722","HU","7043034883","","k","",11,"nem","nem"
"D","20","HU","7043049111","2021","2","HU","7043035628","HU","7043035615","","b","",11,"nem","nem"
"D","20","HU","7043049096","2021","2","HU","7043035628","HU","7043035673","","a","",11,"nem","nem"
"D","20","HU","7034086903","2021","1","HU","7049066075","HU","7043045430","","E","",11,"nem","nem"
"D","20","HU","7043044596","2021","1","HU","7043036645","HU","7043030537","","k","",11,"nem","nem"
"D","20","HU","7043043678","2021","1","HU","7043036645","HU","7043030115","","x","",11,"nem","nem"
"D","20","HU","7043043863","2021","2","HU","7043036645","HU","7043030201","","E","",11,"nem","nem"
"D","20","HU","7043044091","2021","1","HU","7043036645","HU","7043034320","","x","",11,"nem","nem"
"D","20","HU","7067031057","2021","2","HU","7019082973","HU","7019076334","","E","",11,"nem","nem"
"D","20","HU","7067031044","2021","1","HU","7019082973","HU","7019076334","","A","",11,"nem","nem"
"D","20","HU","7067044833","2021","2","HU","7019082973","HU","7019077070","","E","",11,"nem","nem"
"D","20","HU","7067031271","2021","1","HU","7019082973","HU","7019077124",8215035,"k","",11,"nem","igen"
"D","20","HU","7067031255","2021","2","HU","7019082973","HU","7019127065",6737115,"A","",11,"nem","igen"
"D","20","HU","7067044862","2021","1","HU","7019082973","HU","7019127700","","E","",11,"nem","nem"
"D","20","HU","7083006718","2021","2","HU","7019135523","HU","7050099756",6880549,"B",2,11,"nem","igen"
"D","20","HU","7020212657","2021","2","HU","7043036645","HU","7043036731","","b",2,11,"nem","nem"
"D","20","HU","7043049629","2021","1","HU","7043042271","HU","7043033514","","a","",11,"nem","nem"
"D","20","HU","7043049687","2021","2","HU","7043042271","HU","7043042185","","b","",11,"nem","nem"
"D","20","HU","7019145393","2021","1","HU","7019143177","HU","7019123160","","E","",11,"nem","nem"
"D","20","HU","7019145562","2021","2","HU","7049062448","HU","7019140046","","b",3,11,"nem","nem"
"D","20","HU","7019145674","2021","2","HU","7019143177","HU","7019140132","","a",1,11,"nem","nem"
"D","20","HU","7019145492","2021","2","HU","7049062448","HU","7019140442","","a",1,11,"nem","nem"
"D","20","HU","7025090999","2021","2","HU","7050079752","HU","7050062592",4665472,"B",1,11,"nem","igen"
"D","20","HU","7025090663","2021","2","HU","7050079752","HU","7050063212","","E","",11,"nem","nem"
"D","20","HU","7025090689","2021","2","HU","7050087070","HU","7050077987",4665472,"A",2,11,"nem","igen"
"D","20","HU","7025090845","2021","2","HU","7050079752","HU","7050078339","","E","",11,"nem","nem"
"D","20","HU","7025092649","2021","1","HU","7050079752","HU","7050078821","","E","",11,"nem","nem"
"D","20","HU","7025090733","2021","1","HU","7050087070","HU","7050086660","","E","",11,"nem","nem"
"D","20","HU","7025090791","2021","2","HU","7050087070","HU","7050087153",4665472,"B",1,11,"nem","igen"
"D","20","HU","7020219188","2022","2","HU","7019135721","HU","7043025634","","x","",11,"nem","nem"
"D","20","HU","7020219357","2022","1","HU","7019135721","HU","7043034148",6729882,"E","",11,"nem","nem"
"D","20","HU","7020219344","2022","1","HU","7019135721","HU","7043036786","","k","",11,"nem","nem"
"D","20","HU","7020219216","2022","1","HU","7019135721","HU","7043037084","","E","",11,"nem","nem"
"D","20","HU","7020212772","2022","1","HU","7019135721","HU","7043037211","","k","",11,"nem","nem"
"D","20","HU","7049082468","2022","2","HU","7043045641","HU","7049062563",1412808,"a","",11,"nem","nem"
"D","20","HU","7067043944","2022","1","HU","7067030858","HU","7019128280",4892931,"A","",11,"nem","nem"
"D","20","HU","7033109805","2022","1","HU","7019088106","HU","7030102942","","K","",11,"nem","nem"
"D","20","HU","7033109892","2022","2","HU","7019088106","HU","7043046217",6857367,"b","",11,"nem","nem"
"D","20","HU","7034090371","2022","2","HU","7049071019","HU","7043045810",8800725,"A","",11,"nem","igen"
"D","20","HU","7043049869","2022","2","HU","7043042271","HU","7043035602","","a","",11,"nem","nem"
"D","20","HU","7043049799","2022","1","HU","7043035628","HU","7043043582","","E","",11,"nem","nem"
"D","20","HU","7043051389","2022","2","HU","7043042271","HU","7043030722","","b","",11,"nem","nem"
"D","20","HU","7043049939","2022","1","HU","7043035628","HU","7043035657","","E","",11,"nem","nem"
"D","20","HU","7043051446","2022","2","HU","7043035628","HU","7043044707","","b","",11,"nem","nem"
"D","20","HU","7034090256","2022","2","HU","7049071019","HU","7043042635",8800725,"A","",11,"nem","igen"
"D","20","HU","7049081904","2022","2","HU","7049065991","HU","7049041597","","a","",11,"nem","nem"
"D","20","HU","7049081920","2022","2","HU","7049065991","HU","7049041597",4665472,"A",2,11,"nem","igen"
"D","20","HU","7049081793","2022","2","HU","7049065991","HU","7049048635","","a","",11,"nem","nem"
"D","20","HU","7049081751","2022","2","HU","7049065991","HU","7049048693",6809825,"A","",11,"nem","igen"
"D","20","HU","7049081681","2022","1","HU","7049065991","HU","7049057446","","a","",11,"nem","nem"
"D","20","HU","7049081694","2022","1","HU","7049065991","HU","7049057446","","a","",11,"nem","nem"
"D","20","HU","7049082190","2022","1","HU","7049070427","HU","7049057602","","a","",11,"nem","nem"
"D","20","HU","7049082215","2022","2","HU","7043045641","HU","7049062464",1145467,"A",2,11,"nem","nem"
"D","20","HU","7049081607","2022","1","HU","7043045641","HU","7049065777",6673952,"A","",11,"igen","igen"
"D","20","HU","7049082369","2022","1","HU","7043045641","HU","7049066158","","k","",11,"nem","nem"
"D","20","HU","7049082372","2022","2","HU","7043045641","HU","7049066158","","a","",11,"nem","nem"
"D","20","HU","7049081988","2022","1","HU","7019135552","HU","7049066765","","E","",11,"nem","nem"
"D","20","HU","7067044424","2022","2","HU","7067030858","HU","7019082845",6737115,"A",2,11,"nem","igen"
"D","20","HU","7067043957","2022","2","HU","7067030858","HU","7019076334","","E","",11,"nem","nem"
"D","20","HU","7067043928","2022","2","HU","7067030858","HU","7019076334",6737115,"A",2,11,"nem","igen"
"D","20","HU","7025081993","2018","2","","","","","","E","",11,"nem","nem"
"D","20","HU","7025093877","2021","2","","","","","","E","",11,"nem","nem"
"D","20","HU","7025097657","2022","1","HU","7049061702","HU","7025079882","","E","",11,"nem","nem"
"D","20","HU","7025097673","2022","1","HU","7049061702","HU","7050068035","","k","",11,"nem","nem"
"D","2001","HU","7025097714","2022","1","HU","7049061702","HU","7050086545","","E","",11,"nem","nem"
"D","20","HU","7067044565","2022","1","HU","7067030858","HU","7019076488","","a","",11,"nem","nem"
"D","20","HU","7067044367","2022","1","HU","7067030858","HU","7067031130","","E","",11,"nem","nem"
"D","20","HU","7032036616","2022","2","HU","7019144631","HU","7019122578","","a","",11,"nem","nem"
"D","20","HU","7032036562","2022","1","HU","7019144631","HU","7019123326","","k","",11,"nem","nem"
"D","20","HU","7032036559","2022","2","HU","7019144631","HU","7019137215","","E","",11,"nem","nem"
"D","20","HU","7083011538","2022","1","HU","7019135523","HU","7050075422","","k","",11,"nem","nem"
"D","20","HU","7083011400","2022","1","HU","7019135523","HU","7050075521","","E","",11,"nem","nem"
"D","20","HU","7083011509","2022","2","HU","7019135523","HU","7050095187",6880549,"A","",11,"nem","igen"
"D","20","HU","7083011426","2022","1","HU","7019135523","HU","7050099813","","k","",11,"nem","nem"
"D","20","HU","7083011372","2022","1","HU","7019135523","HU","7050099855","","E","",11,"nem","nem"
"D","20","HU","7043051714","2022","1","HU","7043035628","HU","7043029753","","a","",11,"nem","nem"
"D","20","HU","7043051769","2022","1","HU","7043035628","HU","7043041762","","x","",11,"nem","nem"
"D","20","HU","7043051839","2022","1","HU","7043042271","HU","7043045836","","x","",11,"nem","nem"
"D","20","HU","7043051701","2022","2","HU","7043042271","HU","7043046048","","a","",11,"nem","nem"
"D","20","HU","7043051954","2022","2","HU","7043042271","HU","7043041775","","a","",11,"nem","nem"
"D","20","HU","7025093343","2022","1","HU","7049061900","HU","7025079949","","E","",11,"nem","nem"
"D","20","HU","7025093525","2022","2","HU","7049061900","HU","7050062745","","b","",11,"nem","nem"
"D","20","HU","7025093541","2022","1","HU","7049061900","HU","7050085544","","E","",11,"nem","nem"
"D","2001","HU","7025097488","2022","1","HU","7049061900","HU","7050086516","","E","",11,"nem","nem"
"D","20","HU","7043051967","2022","1","HU","7043042271","HU","7043045852","","x","",11,"nem","nem"
"D","20","HU","7043052108","2022","1","HU","7043042271","HU","7043041915","","k","",11,"nem","nem"
"D","20","HU","7019149470","2022","2","HU","7019144628","HU","7019123173","","a","",11,"nem","nem"
"D","20","HU","7019149553","2022","2","HU","7019136988","HU","7019123300","","a","",11,"nem","nem"
"D","20","HU","7019145814","2022","1","HU","7019136988","HU","7019140314","","K","",11,"nem","nem"
"D","20","HU","7019149681","2022","2","HU","7049066145","HU","7019140567","","E","",11,"nem","nem"
"D","20","HU","7019145830","2022","1","HU","7019136988","HU","7019135309","","a","",11,"nem","nem"
"D","2000","HU","7019149818","2022","2","HU","7019144628","HU","7019140554",7752955,"E","",11,"nem","nem"
"D","20","HU","7019149834","2022","2","HU","7019136988","HU","7019140116","","a","",11,"nem","nem"
"D","20","HU","7043052252","2022","2","HU","7043042271","HU","7043046022","","a","",11,"nem","nem"
"D","20","HU","7049088518","2023","1","HU","7067031028","HU","7049037710","","x","",11,"nem","nem"
"D","20","HU","7049088732","2023","2","HU","7049065991","HU","7049057446","","a","",11,"nem","nem"
"D","20","HU","7049088745","2023","2","HU","7049065991","HU","7049057446",4455950,"a","",11,"nem","nem"
"D","20","HU","7049088815","2023","2","HU","7067031028","HU","7049057743",1145467,"a","",11,"nem","nem"
"D","201","HU","7083011806","2022","1","HU","7049070849","HU","7077010615","","E","",11,"nem","nem"
"D","20","HU","7025077525","2022","1","HU","7050087702","HU","7025073097","","E","",11,"nem","nem"
"D","20","HU","7025077509","2022","2","HU","7050087702","HU","7025074270","","b","",11,"nem","nem"
"D","20","HU","7049082538","2023","1","HU","7049065991","HU","7049070724","","k","",11,"nem","nem"
"D","20","HU","7049088154","2023","2","HU","7067031028","HU","7049071259","","E","",11,"nem","nem"
"D","20","HU","7049088563","2023","2","HU","7067031028","HU","7049071262","","E","",11,"nem","nem"
"D","20","HU","7049088464","2023","1","HU","7067031028","HU","7049076069","","k","",11,"nem","nem"
"D","20","HU","7049082554","2023","2","HU","7067031028","HU","7049076506","","E","",11,"nem","nem"
"D","20","HU","7020219261","2023","1","HU","7019135721","HU","7020212657","","k","",11,"nem","nem"
"D","20","HU","7020219315","2023","1","HU","7019135721","HU","7043030355","","k","",11,"nem","nem"
"D","20","HU","7020223910","2023","2","HU","7019135721","HU","7043037125",6729882,"E","",11,"nem","nem"
"D","20","HU","7034087157","2023","1","","","","","","k","",11,"nem","nem"
"D","20","HU","7034086961","2023","1","HU","7049071019","HU","7043045555","","k","",11,"nem","nem"
"D","20","HU","7067043986","2023","2","HU","7067031367","HU","7019127218","","a","",11,"nem","nem"
"D","20","HU","7034090553","2023","1","HU","7049070894","HU","7043046275",4441700,"A","",11,"nem","nem"
"D","20","HU","7049088857","2023","1","HU","7049065991","HU","7049066286",6961468,"A","",11,"nem","nem"
"D","20","HU","7019123818","2023","1","HU","7067044817","HU","7019140132","","a","",11,"nem","nem"
"D","20","HU","7019123991","2023","2","HU","7049076650","HU","7019145489","","b","",11,"nem","nem"
"D","20","HU","7019124020","2023","1","HU","7049062448","HU","7049071361","","k","",11,"nem","nem"
"D","20","HU","7019135440","2023","1","HU","7049062448","HU","7049075956","","E","",11,"nem","nem"
"D","20","HU","7019135594","2023","2","HU","7067044817","HU","7049076212","","b","",11,"nem","nem"
"D","20","HU","7019135466","2023","2","HU","7049076650","HU","7049076423","","b","",11,"nem","nem"
"D","201","HU","7083015037","2023","1","HU","7049070849","HU","7077010631","","E","",11,"nem","nem"
"D","20","HU","7083015082","2023","1","HU","7050085627","HU","7049065748","","k","",11,"nem","nem"
"D","20","HU","7083015107","2023","1","HU","7050085627","HU","7049065920","","E","",11,"nem","nem"
"D","20","HU","7033114386","2023","2","HU","7030102939","HU","7049057756","","a","",11,"nem","nem"
"D","20","HU","7033114430","2023","1","HU","7030102939","HU","7049062211",4455950,"K","",11,"nem","nem"
"D","20","HU","7033114456","2023","2","HU","7030102939","HU","7049062211",8852407,"b","",11,"nem","nem"
"D","20","HU","7034095462","2023","2","HU","7043035628","HU","7049061939",6809825,"a","",11,"nem","igen"
"D","20","HU","7043054647","2023","1","HU","7049076410","HU","7043024422","","K","",11,"nem","nem"
"D","20","HU","7043054382","2023","1","HU","7049076410","HU","7043035347","","a","",11,"nem","nem"
"D","20","HU","7043054465","2023","2","HU","7043042271","HU","7043040703","","a","",11,"nem","nem"
"D","20","HU","7043054791","2023","2","HU","7043042271","HU","7043040729",6962278,"b","",11,"nem","nem"
"D","20","HU","7043054353","2023","2","HU","7049076410","HU","7043043537","","E","",11,"nem","nem"
"D","20","HU","7043054494","2023","2","HU","7049076410","HU","7043046204",1318221,"b","",11,"nem","igen"
"D","20","HU","7049088307","2023","1","HU","7049068978","HU","7049048635","","k","",11,"nem","nem"
"D","20","HU","7049088310","2023","1","HU","7049068978","HU","7049048635","","k","",11,"nem","nem"
"D","20","HU","7049088378","2023","1","HU","7049068978","HU","7049057686",6860033,"B","",11,"igen","igen"
"D","20","HU","7049088703","2023","1","HU","7049068978","HU","7049062167","","a","",11,"nem","nem"
"D","20","HU","7049088196","2023","2","HU","7049068978","HU","7049062563",6977948,"a","",11,"nem","igen"
"D","20","HU","7049088071","2023","2","HU","7049068978","HU","7049066132","","a","",11,"nem","nem"
"D","202","HU","7067056858","2023","2","","","HU","7019122664",6909981,"E","",11,"nem","nem"
"D","20","HU","7067056928","2023","2","HU","7067044817","HU","7083003195",6655815,"B",2,11,"nem","igen"
"D","20","HU","7019153202","2023","2","HU","7049076650","HU","7019123201",7752955,"b","",11,"nem","nem"
"D","20","HU","7019153215","2023","2","HU","7049076650","HU","7019123201",7752955,"b","",11,"nem","nem"
"D","20","HU","7019153273","2023","2","HU","7049062448","HU","7019135367",7752955,"a","",11,"nem","nem"
"D","20","HU","7019153187","2023","2","HU","7067044817","HU","7019136847",7752955,"a","",11,"nem","nem"
"D","20","HU","7019153327","2023","2","HU","7067044817","HU","7019140400",7752955,"a","",11,"nem","nem"
"D","20","HU","7019123496","2023","2","HU","7049062448","HU","7019140679","","a","",11,"nem","nem"
"D","20","HU","7034087214","2023","2","HU","7049071019","HU","7043045427",8800725,"A","",11,"nem","igen"
"D","20","HU","7083017873","2024","2","HU","7083003038","HU","7083003041",7109834,"a","",11,"nem","nem"
"D","20","HU","7083015417","2023","2","HU","7083006297","HU","7050094904",6880549,"B","",11,"nem","igen"
"D","20","HU","7083015516","2023","1","HU","7083006297","HU","7050094988","","E","",11,"nem","nem"
"D","20","HU","7083015475","2023","2","HU","7083006297","HU","7083006495",7109834,"a","",11,"nem","nem"
"D","20","HU","7025101271","2023","1","","","","","","E","",11,"nem","nem"
"D","20","HU","7025101031","2023","2","","","","","","E","",11,"nem","nem"
"D","20","HU","7025101338","2023","1","","","","","","k","",11,"nem","nem"
"D","20","HU","7025101479","2023","1","HU","7050079752","HU","7049076689","","E","",11,"nem","nem"
"D","20","HU","7025101482","2023","2","","","","","","E","",11,"nem","nem"
"D","20","HU","7025100931","2023","1","","","","","","E","",11,"nem","nem"
"D","20","HU","7025101127","2023","1","","","","","","E","",11,"nem","nem"
"D","20","HU","7043054283","2023","1","HU","7049076410","HU","7043041816","","k","",11,"nem","nem"
"D","20","HU","7033118900","2024","1","HU","7030102939","HU","7033109917","","A","",11,"nem","nem"
"D","20","HU","7033118869","2024","1","HU","7030102939","HU","7049057756",6690319,"A","",11,"igen","igen"
"D","20","HU","7033118872","2024","2","HU","7030102939","HU","7049057756",1244991,"a","",11,"nem","igen"
"D","20","HU","7033118885","2024","1","HU","7030102939","HU","7049066260",6673952,"A","",11,"igen","igen"
"D","20","HU","7049093015","2024","1","HU","7049065991","HU","7049066116","","k","",11,"nem","nem"
"D","20","HU","7049092858","2024","2","HU","7067031028","HU","7049071262","","a","",11,"nem","nem"
"D","20","HU","7049092689","2024","2","HU","7019135552","HU","7049076270","","a","",11,"nem","nem"
"D","20","HU","7049092791","2024","2","HU","7049065991","HU","7049076337","","a","",11,"nem","nem"
"D","20","HU","7067044242","2023","1","HU","7067030858","HU","7067030973","","K","",11,"nem","nem"
"D","20","HU","7067044185","2023","2","HU","7067030858","HU","7067031143",6737115,"A","",11,"nem","igen"
"D","20","HU","7091000140","2023","2","HU","7049076410","HU","7043047630","","E","",11,"nem","nem"
"D","20","HU","7091000207","2023","2","HU","7049076410","HU","7043049207","","E","",11,"nem","nem"
"D","20","HU","7091000249","2023","1","HU","7049076410","HU","7043024451","","a","",11,"nem","nem"
"D","20","HU","7083017394","2024","1","HU","7049081889","HU","7049065920","","a","",11,"nem","nem"
"D","20","HU","7083017662","2024","2","HU","7083003038","HU","7083011343",9930672,"a","",11,"nem","nem"
"D","20","HU","7083017675","2024","1","HU","7083003038","HU","7083011369","","a","",11,"nem","nem"
"D","20","HU","7083017886","2024","1","HU","7083003038","HU","7083011509","","a","",11,"nem","nem"
"D","20","HU","7034098928","2024","2","HU","7049071019","HU","7034086817","","b","",11,"nem","nem"
"D","20","HU","7034098986","2024","1","HU","7049071019","HU","7034090355","","E","",11,"nem","nem"
"D","20","HU","7034095532","2024","1","HU","7043035628","HU","7049081847","","k","",11,"nem","nem"
"D","20","HU","7034102753","2024","2","HU","7043035628","HU","7049082046","","b","",11,"nem","nem"
"D","20","HU","7034098788","2024","1","HU","7049071019","HU","7043042635","","E","",11,"nem","nem"
"D","20","HU","7043054478","2023","1","HU","7043042271","HU","7043024349","","k","",11,"nem","nem"
"D","20","HU","7043054267","2023","1","HU","7049076410","HU","7043030665","","a","",11,"nem","nem"
"D","20","HU","7067055758","2023","1","HU","7067031367","HU","7067043928","","E","",11,"nem","nem"
"D","20","HU","7067055774","2023","2","HU","7067031367","HU","7067044370","","E","",11,"nem","nem"
"D","20","HU","7067055802","2023","1","HU","7067031367","HU","7067044411","","E","",11,"nem","nem"
"D","20","HU","7067055901","2023","1","HU","7067031367","HU","7067044549","","E","",11,"nem","nem"
"D","20","HU","7067055691","2023","1","HU","7067031367","HU","7067044705","","E","",11,"nem","nem"
"D","20","HU","7067059736","2024","1","HU","7049062448","HU","7019149511","","k","",11,"nem","nem"
"D","20","HU","7067055998","2024","1","HU","7067031367","HU","7019097582","","K","",11,"nem","nem"
"D","20","HU","7067056043","2024","2","HU","7067031367","HU","7067044581",6737115,"a","",11,"nem","igen"
"D","20","HU","7091004131","2024","2","HU","7030103000","HU","7043045513",1318221,"E","",11,"nem","igen"
"D","20","HU","7091004467","2024","2","HU","7030103000","HU","7043054548","","E","",11,"nem","nem"
"D","20","HU","7025104807","2025","2","HU","7050079752","HU","7025090902",4665472,"x","",11,"nem","igen"
"D","20","HU","7025104612","2025","1","HU","7050079752","HU","7049076689",4665472,"x","",11,"nem","igen"
"D","20","HU","7025104724","2025","2","HU","7050079752","HU","7049081920",4665472,"x","",11,"nem","igen"
"D","20","HU","7025104865","2025","2","HU","7083003038","HU","7050068035",4665472,"x","",11,"nem","igen"
"D","20","HU","7033121252","2025","1","HU","7049088576","HU","7019112120",1244991,"k","",11,"nem","igen"
"D","20","HU","7033121054","2025","1","HU","7049088576","HU","7049057756",1244991,"K","",11,"nem","igen"
"D","20","HU","7033121179","2025","1","HU","7049088576","HU","7049062211",6963480,"k","",11,"nem","igen"
"D","20","HU","7033121096","2025","1","HU","7049088576","HU","7049066260",6963480,"a","",11,"nem","igen"
"D","20","HU","7049097147","2025","1","HU","7067031028","HU","7049057686",6963480,"k","",11,"nem","igen"
"D","20","HU","7049093437","2025","2","HU","7049088857","HU","7049066132","","a","",11,"nem","nem"
"D","20","HU","7049097204","2025","2","HU","7067031028","HU","7049071262",1145467,"a","",11,"nem","igen"
"D","20","HU","7049097387","2025","1","HU","7067031028","HU","7049082088",6963480,"a","",11,"nem","igen"
"D","20","HU","7049097390","2025","2","HU","7067031028","HU","7049082088","","x","",11,"nem","nem"
"D","20","HU","7049093578","2025","1","HU","7049088857","HU","7049082202","","a","",11,"nem","nem"
"D","20","HU","7049097150","2025","1","HU","7083015011","HU","7049088787","","k","",11,"nem","nem"
"D","20","HU","7067056519","2024","2","HU","7067031367","HU","7019082887",6737115,"a","",11,"nem","igen"
"D","20","HU","7067056126","2024","1","HU","7067031367","HU","7019128066","","E","",11,"nem","nem"
"D","20","HU","7067056337","2024","2","HU","7067031367","HU","7019128602",6737115,"a","",11,"nem","nem"
"D","20","HU","7067056311","2024","2","HU","7067031367","HU","7067031239",6737115,"b","",11,"nem","igen"
"D","20","HU","7067056155","2024","1","HU","7067031367","HU","7067044594",4806275,"K","",11,"nem","nem"
"D","20","HU","7078008785","2025","1","HU","7034087003","HU","7034090300","","a","",11,"nem","nem"
"D","20","HU","7034099031","2025","2","HU","7034087003","HU","7034090397",8800725,"a","",11,"nem","igen"
"D","20","HU","7034099127","2025","1","HU","7034087003","HU","7043045076",8800725,"a","",11,"nem","igen"
"D","20","HU","7078008842","2025","1","HU","7034087003","HU","7043045795","","a","",11,"nem","nem"
"D","20","HU","7078008925","2025","2","HU","7034087003","HU","7043045810",8800725,"a","",11,"nem","igen"
"D","20","HU","7083020365","2025","2","HU","7049081889","HU","7083010003",6690319,"a","",11,"nem","igen"
"D","2001","HU","7083020930","2025","1","HU","7049081607","HU","7083011880","","E","",11,"nem","nem"
"D","20","HU","7091004959","2025","1","HU","7030103000","HU","7043029753","","a","",11,"nem","nem"
"D","20","HU","7091004780","2025","2","HU","7030103000","HU","7043033374","","a","",11,"nem","nem"
"D","20","HU","7091004610","2025","1","HU","7049076410","HU","7043033811","","k","",11,"nem","nem"
"D","20","HU","7091004496","2025","2","HU","7030103000","HU","7043041816","","a","",11,"nem","nem"
"D","20","HU","7091004751","2025","1","HU","7030103000","HU","7043045852","","a","",11,"nem","nem"
"D","20","HU","7091004946","2025","1","HU","7049076410","HU","7043045881","","k","",11,"nem","nem"
"D","20","HU","7091005059","2025","1","HU","7049076410","HU","7043047560",1318221,"k","",11,"nem","igen"
"D","20","HU","7091005075","2025","2","HU","7049076410","HU","7043047908",1318221,"b","",11,"nem","igen"
"D","20","HU","7049097501","2025","1","HU","7067031028","HU","7049048549","","k","",11,"nem","nem"
"D","20","HU","7049097457","2025","2","HU","7067031028","HU","7049066765","","a","",11,"nem","nem"
"D","20","HU","7025101945","2024","1","HU","7049061702","HU","7025090689","","a","",11,"nem","nem"
"D","20","HU","7025104315","2024","1","HU","7049061702","HU","7025092681","","a","",11,"nem","nem"
"D","20","HU","7025104258","2024","2","HU","7049061702","HU","7025093484","","b","",11,"nem","nem"
"D","20","HU","7025104021","2024","1","HU","7050079752","HU","7049081722","","a","",11,"nem","nem"
"D","20","HU","7025104076","2024","2","HU","7050079752","HU","7049082244","","a","",11,"nem","nem"
"D","2001","HU","7025103976","2024","2","HU","7067044817","HU","7050078991",4665472,"b","",11,"nem","igen"
"D","20","HU","7025104133","2024","2","HU","7049061702","HU","7050079228","","b","",11,"nem","nem"
"D","20","HU","7049092803","2024","1","HU","7067031028","HU","7049041597","","k","",11,"nem","nem"
"D","20","HU","7049092829","2024","2","HU","7067031028","HU","7049041597","","x","",11,"nem","nem"
"D","20","HU","7034105462","2025","2","HU","7049088378","HU","7034090511",6860033,"a","",11,"nem","igen"
"D","20","HU","7034105475","2025","1","HU","7049088378","HU","7034090524",6963480,"a","",11,"nem","igen"
"D","20","HU","7067056580","2024","1","HU","7067031367","HU","7067044859",8215035,"k","",11,"nem","igen"
"D","20","HU","7043054874","2024","2","HU","7049076410","HU","7043029753","","x","",11,"nem","nem"
"D","20","HU","7043054999","2024","1","HU","7030103000","HU","7043033811","","k","",11,"nem","nem"
"D","20","HU","7043055213","2024","2","HU","7049076410","HU","7043035347","","x","",11,"nem","nem"
"D","20","HU","7043054928","2024","1","HU","7049076410","HU","7043035462","","x","",11,"nem","nem"
"D","20","HU","7043054902","2024","2","HU","7030103000","HU","7043041816","","x","",11,"nem","nem"
"D","20","HU","7043055031","2024","1","HU","7049076410","HU","7043044794","","k","",11,"nem","nem"
"D","20","HU","7091000450","2024","1","HU","7049076410","HU","7043044905","","k","",11,"nem","nem"
"D","20","HU","7091000463","2024","2","HU","7049076410","HU","7043044905","","x","",11,"nem","nem"
"D","20","HU","7043054973","2024","2","HU","7030103000","HU","7043046118","","x","",11,"nem","nem"
"D","20","HU","7043054986","2024","2","HU","7030103000","HU","7043046118","","x","",11,"nem","nem"
"D","20","HU","7043055114","2024","2","HU","7030103000","HU","7043049463","","x","",11,"nem","nem"
"D","20","HU","7083017899","2024","1","HU","7083003038","HU","7083011327","","k","",11,"nem","nem"
"D","20","HU","7083021212","2025","2","HU","7025097574","HU","7049088422","","E","",11,"nem","nem"
"D","20","HU","7083021605","2025","2","HU","7083015334","HU","7050053413",6880549,"a","",11,"nem","igen"
"D","20","HU","7067061397","2025","1","HU","7067031367","HU","7067043960",6737115,"k","",11,"nem","igen"
"D","20","HU","7083021353","2025","2","HU","7083015334","HU","7083006466",6880549,"b","",11,"nem","igen"
"D","20","HU","7083021452","2025","2","HU","7083015334","HU","7083015417",6706311,"a","",11,"nem","nem"
"D","20","HU","7083020662","2025","2","HU","7049081607","HU","7049066822",6673952,"a","",11,"nem","igen"
"D","20","HU","7067030803","2019","2","HU","7019082973","HU","7019128446","","x","",11,"nem","nem"
"D","20","HU","7050085614","2017","1","HU","7019083127","HU","7050063171","","x","",11,"nem","nem"
"D","20","HU","7043034867","2016","1","HU","7019067622","HU","7043023559","","E","",11,"nem","nem"
"D","20","HU","7030060853","2012","2","HU","7030048563","HU","7030024172","","E","",11,"nem","nem"
"D","20","HU","7019137088","2018","2","HU","7019111749","HU","7019112092","","b","",11,"nem","nem"
"D","20","HU","7043020952","2011","1","HU","7011014507","HU","7050008088","","E","",11,"nem","nem"
"D","20","HU","7019079452","2013","1","HU","7019066410","HU","7019046531","","E","",11,"nem","nem"
"D","20","HU","7043036843","2017","2","HU","7019077137","HU","7043025692","","b","",11,"nem","nem"
"D","20","HU","7043035293","2017","1","HU","7050053497","HU","7043017163","","k","",11,"nem","nem"
"D","20","HU","7043023393","2012","2","HU","7011014507","HU","7004047903","","E","",11,"nem","nem"
"D","20","HU","7043038100","2018","2","HU","7019123722","HU","7043020402","","b","",11,"nem","nem"
"D","20","HU","7043029667","2014","1","HU","7019067622","HU","7043015666","","K","",11,"nem","nem"
"D","20","HU","7043037956","2018","1","HU","7019123722","HU","7043019280","","k","",11,"nem","nem"
"D","20","HU","7019083635","2013","2","HU","7030044556","HU","7019045994","","E","",11,"nem","nem"
"D","20","HU","7019123610","2016","1","HU","7026036103","HU","7019092264","","k","",11,"nem","nem"
"D","20","HU","7049066190","2019","2","HU","7049048820","HU","7049037682","","b","",11,"nem","nem"
"D","20","HU","7043034007","2016","2","HU","7019077137","HU","7043025647","","x","",11,"nem","nem"
"D","2002","HU","7019092475","2018","1","HU","7049041852","HU","7019122750","","E","",11,"nem","nem"
"D","20","HU","7043041085","2019","1","HU","7019123722","HU","7043023687","","k","",11,"nem","nem"
"D","20","HU","7019089008","2018","1","HU","7049041849","HU","7019079478","","E","",11,"nem","nem"
"D","20","HU","7003051273","2010","2","","","HU","7031020362","","E","",11,"nem","nem"
"D","20","HU","7038021308","2011","1","HU","7038006057","HU","7037003381","","E","",11,"nem","nem"
"D","20","HU","7030049663","2014","1","HU","7019067495","HU","7030036973","","E","",11,"nem","nem"
"D","20","HU","7050099631","2019","1","HU","7019123579","HU","7025048541","","k","",11,"nem","nem"
"D","20","HU","7049065863","2019","1","HU","7019112133","HU","7049048721","","k","",11,"nem","nem"
"D","20","HU","7043023869","2013","2","HU","7011014507","HU","7043017316","","E","",11,"nem","nem"
"D","20","HU","7019094323","2018","2","HU","7049041852","HU","7019122862","","x","",11,"nem","nem"
"D","20","HU","7026013317","2008","2","","","","","","E","",11,"nem","nem"
"D","20","HU","7043033879","2016","2","HU","7019077137","HU","7043025634","","x","",11,"nem","nem"
"D","20","HU","7043040802","2018","1","HU","7019123722","HU","7043033514","","E","",11,"nem","nem"
"D","20","HU","7019066829","2011","1","HU","7019048377","HU","7019045585","","E","",11,"nem","nem"
"D","20","HU","7043042086","2018","2","HU","7019123722","HU","7043031033","","a","",11,"nem","nem"
"D","20","HU","7019088937","2019","1","HU","7050087728","HU","7019135309","","E","",11,"nem","nem"
"D","20","HU","7043034700","2016","1","HU","7019077137","HU","7055025365","","k","",11,"nem","nem"
"D","20","HU","7019092024","2018","2","HU","7019111749","HU","7019111950","","b","",11,"nem","nem"
"D","20","HU","7025036993","2013","1","HU","7038020873","HU","7008075867","","E","",11,"nem","nem"
"D","20","HU","7049066666","2019","2","HU","7043034755","HU","7049057376","","b","",11,"nem","nem"
"D","20","HU","7019053126","2008","2","","","","","","B","",11,"nem","nem"
"D","20","HU","7043020978","2010","1","HU","7011014507","HU","7059006793","","E","",11,"nem","nem"
"D","20","HU","7049062550","2019","1","HU","7019112133","HU","7049048651","","E","",11,"nem","nem"
"D","20","HU","7019055748","2009","2","","","HU","7019045741","","E","",11,"nem","nem"
"D","20","HU","7019066056","2011","1","HU","7019055991","HU","7019053168","","K","",11,"nem","nem"
"D","2002","HU","7019079663","2018","2","HU","7049041782","HU","7019123384","","b","",11,"nem","nem"
"D","20","HU","7003051215","2010","2","","","HU","7064008030","","E","",11,"nem","nem"
"D","20","HU","7043034809","2016","1","HU","7019077137","HU","7043025692","","k","",11,"nem","nem"
"D","20","HU","7038021353","2011","1","HU","7038006057","HU","7008076165","","E","",11,"nem","nem"
"D","20","HU","7019112232","2018","1","HU","7049041782","HU","7019123058","","k","",11,"nem","nem"
"D","20","HU","7025026727","2012","1","HU","7038021270","HU","7038020646","","E","",11,"nem","nem"
"D","20","HU","7019077166","2012","1","HU","7030044556","HU","7003077723","","E","",11,"nem","nem"
"D","20","HU","7049035099","2014","1","","","HU","7049019721","","E","",11,"nem","nem"
"D","20","HU","7064000524","2000","1","","","","","","E","",11,"nem","nem"
"D","20","HU","7019083383","2013","1","HU","7030044556","HU","7019045204","","E","",11,"nem","nem"
"D","20","HU","7019088250","2019","2","HU","7019135213","HU","7019067677","","x","",11,"nem","nem"
"D","20","HU","7030060879","2012","2","HU","7030048563","HU","7030036973","","E","",11,"nem","nem"
"D","20","HU","7019083453","2013","2","HU","7030044556","HU","7003077851","","E","",11,"nem","nem"
"D","20","HU","7049057488","2017","1","HU","7019112133","HU","7049019721","","k","",11,"nem","nem"
"D","20","HU","7043021049","2011","2","HU","7011014507","HU","7059004704","","E","",11,"nem","nem"
"D","20","HU","7019060386","2010","2","HU","7019048377","HU","7019045613","","E","",11,"nem","nem"
"D","20","HU","7019094381","2018","2","HU","7049041782","HU","7019123339","","x","",11,"nem","nem"
"D","20","HU","7026042429","2015","2","HU","7019091362","HU","7026031898","","x","",11,"nem","nem"
"D","20","HU","7019066043","2011","1","HU","7019055991","HU","7019053043","","E","",11,"nem","nem"
"D","20","HU","7019127461","2016","1","HU","7019055991","HU","7019076769","","E","",11,"nem","nem"
"D","20","HU","7049057420","2017","1","HU","7019112133","HU","7049041625","","k","",11,"nem","nem"
"D","20","HU","7043036760","2019","2","HU","7043024240","HU","7045030519","","b","",11,"nem","nem"
"D","20","HU","7049062547","2019","1","HU","7019112133","HU","7049048651","","E","",11,"nem","nem"
"D","20","HU","7043043748","2019","1","HU","7043024240","HU","7043030115","","k","",11,"nem","nem"
"D","20","HU","7019091812","2018","2","HU","7019111749","HU","7019091180","","a","",11,"nem","nem"
"D","20","HU","7019112399","2015","2","HU","7050057785","HU","7019067172","","b","",11,"nem","nem"
"D","20","HU","7055025378","2011","1","HU","7045031242","HU","7031019939","","E","",11,"nem","nem"
"D","20","HU","7019082986","2015","2","HU","7019055991","HU","7019076839","","a","",11,"nem","nem"
"D","20","HU","7019111877","2015","1","HU","7019088119","HU","7019067284","","E","",11,"nem","nem"
"D","20","HU","7019083718","2013","1","HU","7030044556","HU","7019053072","","E","",11,"nem","nem"
"D","20","HU","7019076813","2012","1","HU","7030044556","HU","7019066072","","E","",11,"nem","nem"
"D","20","HU","7025026561","2012","1","HU","7038006057","HU","7008075784","","E","",11,"nem","nem"
"D","201","HU","7050086813","2018","1","HU","7019083127","HU","7050062589","","E","",11,"nem","nem"
"D","20","HU","7049062493","2019","1","HU","7043035206","HU","7049041737","","E","",11,"nem","nem"
"D","20","HU","7043041056","2018","1","HU","7019123722","HU","7043023885","","k","",11,"nem","nem"
"D","20","HU","7049065818","2019","2","HU","7043034755","HU","7049034957","","a","",11,"nem","nem"
"D","20","HU","7003051439","2011","2","HU","7045031242","HU","7055025589","","E","",11,"nem","nem"
"D","20","HU","7050079695","2018","1","HU","7019083127","HU","7050063171","","k","",11,"nem","nem"
"D","20","HU","7019076404","2012","2","HU","7030044556","HU","7019056020","","a","",11,"nem","nem"
"D","20","HU","7019091234","2014","2","HU","7019079197","HU","7019067705","","E","",11,"nem","nem"
"D","20","HU","7019076970","2012","1","HU","7030044556","HU","7019056004","","E","",11,"nem","nem"
"D","20","HU","7064000227","1997","2","","","","","","E","",11,"nem","nem"
"D","20","HU","7019127078","2016","2","HU","7019055991","HU","7019056385","","a","",11,"nem","nem"
"D","20","HU","7049061760","2018","1","HU","7050075550","HU","7049035172","","E","",11,"nem","nem"
"D","20","HU","7049061997","2018","1","HU","7019112133","HU","7049022226","","k","",11,"nem","nem"
"D","20","HU","7019079548","2013","1","HU","7019066410","HU","7009021221","","E","",11,"nem","nem"
"D","2000","HU","7043042242","2019","1","HU","7019123722","HU","7043031103","","k","",11,"nem","nem"
"D","20","HU","7019075995","2012","1","HU","7030044556","HU","7019056372","","E","",11,"nem","nem"
"D","20","HU","7019091685","2014","2","HU","7019067648","HU","7028018042","","E","",11,"nem","nem"
"D","20","HU","7025037035","2014","1","HU","7038020873","HU","7038021283","","E","",11,"nem","nem"
"D","20","HU","7043021081","2011","1","HU","7011014507","HU","7043015666","","E","",11,"nem","nem"
"D","20","HU","7019127177","2016","1","HU","7019055991","HU","7019083479","","E","",11,"nem","nem"
"D","20","HU","7010041791","2000","2","","","","","","E","",11,"nem","nem"
"D","20","HU","7043030157","2015","1","HU","7043025449","HU","7003051624","","E","",11,"nem","nem"
"D","2000","HU","7043023801","2013","2","HU","7011014507","HU","7043020811","","E","",11,"nem","nem"
"D","20","HU","7025030351","2004","2","","","","","","E","",11,"nem","nem"
"D","20","HU","7019035108","2010","1","HU","7011014507","HU","7059006793","","E","",11,"nem","nem"
"D","20","HU","7030037031","2010","1","","","HU","7030024718","","E","",11,"nem","nem"
"D","20","HU","7050094917","2018","2","HU","7019123269","HU","7025030405",9028519,"b","",11,"nem","nem"
"D","20","HU","7050086280","2017","2","HU","7050063519","HU","7050062688","","x","",11,"nem","nem"
"D","20","HU","7043034234","2016","1","HU","7043024208","HU","7003051624","","E","",11,"nem","nem"
"D","2000","HU","7043042239","2019","1","HU","7019123722","HU","7043031103","","k","",11,"nem","nem"
"D","20","HU","7043042198","2019","1","HU","7050053497","HU","7043017163","","k","",11,"nem","nem"
"D","2001","HU","7050086842","2018","1","HU","7050038401","HU","7050078029","","E","",11,"nem","nem"
"D","20","HU","7043034052","2016","2","HU","7043024208","HU","7003051442","","a","",11,"nem","nem"
"D","20","HU","7019077025","2012","2","HU","7019055991","HU","7019055988","","E","",11,"nem","nem"
"D","20","HU","7019067552","2012","2","HU","7019048380","HU","7028018042","","E","",11,"nem","nem"
"D","20","HU","7019066887","2011","1","HU","7019048377","HU","7019046502","","E","",11,"nem","nem"
"D","20","HU","7050075547","2016","1","HU","7019082647","HU","7025039165","","k","",11,"nem","nem"
"D","20","HU","7049065665","2019","2","HU","7019112133","HU","7049048565","","a","",11,"nem","nem"
"D","20","HU","7043031062","2015","1","HU","7011014507","HU","7043023591","","k","",11,"nem","nem"
"D","20","HU","7043033176","2016","2","HU","7019067622","HU","7043023690","","E","",11,"nem","nem"
"D","20","HU","7025036951","2013","1","HU","7038021270","HU","7038021548","","E","",11,"nem","nem"
"D","20","HU","7019088669","2019","2","HU","7050087728","HU","7019123201","","x","",11,"nem","nem"
"D","20","HU","7049041823","2016","1","HU","7049034506","HU","7049028110","","k","",11,"nem","nem"
"D","20","HU","7043033671","2016","1","HU","7011014507","HU","7009039846","","k","",11,"nem","nem"
"D","20","HU","7019066548","2011","1","HU","7019048380","HU","7019048348","","E","",11,"nem","nem"
"D","20","HU","7049051172","2017","1","HU","7043024240","HU","7049019677","","k","",11,"nem","nem"
"D","20","HU","7019088247","2019","1","HU","7019135213","HU","7019067408","","x","",11,"nem","nem"
"D","20","HU","7019067594","2012","1","HU","7019048380","HU","7019045585","","E","",11,"nem","nem"
"D","20","HU","7043023140","2012","2","HU","7011014507","HU","7043021164","","E","",11,"nem","nem"
"D","20","HU","7043041858","2019","2","HU","7019123722","HU","7043030649","","a","",11,"nem","nem"
"D","20","HU","7049057701","2017","2","HU","7025048710","HU","7049022172","","b","",11,"nem","nem"
"D","20","HU","7030050393","2014","1","HU","7019067495","HU","7030059347","","E","",11,"nem","nem"
"D","20","HU","7019088896","2019","2","HU","7019135213","HU","7019135255","","x","",11,"nem","nem"
"D","20","HU","7043044442","2019","2","HU","7043024208","HU","7043030537","","x","",11,"nem","nem"
"D","20","HU","7043023306","2012","1","HU","7011014507","HU","7009039817","","E","",11,"nem","nem"
"D","20","HU","7065016807","2019","2","HU","7019091656","HU","7049048859","","E","",11,"nem","nem"
"D","20","HU","7049061898","2018","1","HU","7049048820","HU","7049035060","","E","",11,"nem","nem"
"D","20","HU","7043030412","2015","2","HU","7019077137","HU","7031019885","","E","",11,"nem","nem"
"D","20","HU","7043025931","2014","1","HU","7045031242","HU","7031020528","","E","",11,"nem","nem"
"D","20","HU","7019091445","2014","2","HU","7019067648","HU","7009011336","","E","",11,"nem","nem"
"D","20","HU","7043022983","2012","1","HU","7011014507","HU","7043020402","","E","",11,"nem","nem"
"D","20","HU","7043030300","2015","1","HU","7043025449","HU","7003051442","","k","",11,"nem","nem"
"D","20","HU","7043041960","2018","1","HU","7019123722","HU","7043024295","","k","",11,"nem","nem"
"D","20","HU","7049051099","2016","1","HU","7043024240","HU","7049041584","","k","",11,"nem","nem"
"D","20","HU","7059004366","2000","1","","","","","","A","",11,"nem","nem"
"D","20","HU","7043042932","2019","1","HU","7019123722","HU","7043034924","","a","",11,"nem","nem"
"D","20","HU","7049065850","2019","1","HU","7019112133","HU","7049048721","","k","",11,"nem","nem"
"D","20","HU","7043030102","2015","2","HU","7043025449","HU","7045030704","","b","",11,"nem","nem"
"D","20","HU","7019083747","2013","2","","","","","","E","",11,"nem","nem"
"D","20","HU","7050078818","2016","1","HU","7050063522","HU","7050062732","","x","",11,"nem","nem"
"D","20","HU","7019136889","2018","2","HU","7049041849","HU","7019067677","","a","",11,"nem","nem"
"D","20","HU","7019053139","2008","2","","","","","","E","",11,"nem","nem"
"D","20","HU","7043015570","2008","2","","","HU","7050008088","","B","",11,"nem","nem"
"D","20","HU","7019066072","2011","2","HU","7019048418","HU","7019045192","","E","",11,"nem","nem"
"D","20","HU","7030037015","2010","2","","","HU","7010044921","","E","",11,"nem","nem"
"D","20","HU","7043015752","2008","2","","","","","","B","",11,"nem","nem"
"D","20","HU","7049057363","2017","1","HU","7019112133","HU","7049019718","","k","",11,"nem","nem"
"D","20","HU","7019060539","2010","1","HU","7019048364","HU","7029001427","","E","",11,"nem","nem"
"D","20","HU","7019076842","2012","2","HU","7019055991","HU","7019053001","","E","",11,"nem","nem"
"D","20","HU","7019111695","2018","2","HU","7049041849","HU","7019122945","","b","",11,"nem","nem"
"D","20","HU","7019048364","2005","1","","","","","","B","",11,"nem","nem"
"D","2001","HU","7025080765","2019","2","HU","7025048710","HU","7050078003","","b","",11,"nem","nem"
"D","20","HU","7030049580","2014","1","HU","7019067495","HU","7030060882","","E","",11,"nem","nem"
"D","20","HU","7043033978","2016","2","HU","7019077137","HU","7043026073","","x","",11,"nem","nem"
"D","20","HU","7049048903","2016","1","HU","7043024240","HU","7049037653","","E","",11,"nem","nem"
"D","20","HU","7019076165","2012","1","HU","7030044556","HU","7019055805","","E","",11,"nem","nem"
"D","20","HU","7030037297","2010","1","","","HU","7030024239","","E","",11,"nem","nem"
"D","20","HU","7037002971","1999","2","","","","","","E","",11,"nem","nem"
"D","20","HU","7043034221","2017","1","HU","7043024208","HU","7003051314","","k","",11,"nem","nem"
"D","20","HU","7025080893","2019","2","HU","7050063519","HU","7050078694","","b","",11,"nem","nem"
"D","2000","HU","7043041874","2018","1","HU","7019123722","HU","7043034966","","k","",11,"nem","nem"
"D","20","HU","7043037394","2017","1","HU","7019067622","HU","7043020949","","a","",11,"nem","nem"
"D","20","HU","7049065678","2019","1","HU","7043035206","HU","7049041807","","E","",11,"nem","nem"
"D","20","HU","7050094892","2018","1","HU","7019123269","HU","7050075633","","k","",11,"nem","nem"
"D","20","HU","7049048680","2016","1","HU","7049034506","HU","7049019721","","k","",11,"nem","nem"
"D","20","HU","7043037972","2018","1","HU","7019123722","HU","7043023690","","k","",11,"nem","nem"
"D","20","HU","7019083482","2013","1","HU","7030044556","HU","7019045770","","E","",11,"nem","nem"
"D","20","HU","7019088755","2019","1","HU","7049041849","HU","7019135044","","E","",11,"nem","nem"
"D","20","HU","7043034643","2016","2","HU","7019077137","HU","7045030689","","b","",11,"nem","nem"
"D","20","HU","7043033949","2016","1","HU","7019077137","HU","7043026031","","E","",11,"nem","nem"
"D","20","HU","7050099644","2019","1","HU","7019123579","HU","7025048596","","k","",11,"nem","nem"
"D","2002","HU","7019088784","2019","2","HU","7050087728","HU","7019135086","","x","",11,"nem","nem"
"D","20","HU","7019067453","2012","2","HU","7019048380","HU","7024023486","","E","",11,"nem","nem"
"D","20","HU","7050053541","2014","1","HU","7050038399","HU","7050044293","","E","",11,"nem","nem"
"D","20","HU","7036005834","2008","1","","","","","","B","",11,"nem","nem"
"D","20","HU","7019135408","2017","2","HU","7025048608","HU","7019091403","","a","",11,"nem","nem"
"D","20","HU","7019083594","2013","2","HU","7030044556","HU","7019053142","","E","",11,"nem","nem"
"D","20","HU","7043037295","2019","2","HU","7043024208","HU","7043030355","","a","",11,"nem","nem"
"D","20","HU","7049061757","2018","1","HU","7050075550","HU","7049035172","","E","",11,"nem","nem"
"D","20","HU","7043037419","2017","2","HU","7019067622","HU","7043030706","","a","",11,"nem","nem"
"D","20","HU","7049057334","2017","2","HU","7043024240","HU","7049035031","","b","",11,"nem","nem"
"D","20","HU","7026071614","2018","1","RO","2560530977","HU","7026042403","","E","",11,"nem","nem"
"D","20","HU","7043025944","2014","1","HU","7045031242","HU","7031019955","","E","",11,"nem","nem"
"D","2000","HU","7043023108","2012","2","HU","7011014507","HU","7043020811","","E","",11,"nem","nem"
"D","20","HU","7019088742","2019","2","HU","7049041849","HU","7019135031","","x","",11,"nem","nem"
"D","20","HU","7050079653","2018","1","HU","7019083127","HU","7050062745","","E","",11,"nem","nem"
"D","20","HU","7043017598","2010","1","HU","7011014507","HU","7004048128","","K","",11,"nem","nem"
"D","20","HU","7025026628","2012","1","HU","7038006057","HU","7038021171","","E","",11,"nem","nem"
"D","20","HU","7019111778","2015","1","HU","7019079197","HU","7019045585","","k","",11,"nem","nem"
"D","20","HU","7050085416","2017","2","HU","7019083127","HU","7050062604","","x","",11,"nem","nem"
"D","20","HU","7059013643","2010","1","HU","7011014507","HU","7043015583","","E","",11,"nem","nem"
"D","20","HU","7019056145","2010","1","","","HU","7003077851","","E","",11,"nem","nem"
"D","20","HU","7019083705","2013","1","HU","7030044556","HU","7019053043","","E","",11,"nem","nem"
"D","20","HU","7019076756","2012","2","HU","7019055991","HU","7019045204",5079108,"E","",11,"nem","nem"
"D","20","HU","7043033655","2016","1","HU","7011014507","HU","7050008088","","E","",11,"nem","nem"
"D","20","HU","7043035785","2018","2","HU","7019123722","HU","7043035107","","E","",11,"nem","nem"
"D","20","HU","7043042792","2019","1","HU","7050053497","HU","7043033585","","a","",11,"nem","nem"
"D","20","HU","7043034995","2016","1","HU","7050053497","HU","7043030665","","k","",11,"nem","nem"
"D","20","HU","7019066085","2011","2","HU","7019048418","HU","7019045725","","E","",11,"nem","nem"
"D","20","HU","7067030832","2019","1","HU","7019082973","HU","7019128699","","E","",11,"nem","nem"
"D","20","HU","7050075787","2016","2","HU","7050070948","HU","7025048567","","a","",11,"nem","nem"
"D","20","HU","7043034094","2016","1","HU","7043024208","HU","7045030113","","k","",11,"nem","nem"
"D","20","HU","7050075406","2016","2","HU","7050053512","HU","7050057798","","b","",11,"nem","nem"
"D","20","HU","7019112456","2018","2","HU","7049041782","HU","7019123160","","x","",11,"nem","nem"
"D","20","HU","7019067367","2012","2","HU","7019048380","HU","7019042368","","E","",11,"nem","nem"
"D","20","HU","7049035198","2014","2","","","HU","7049022172","","E","",11,"nem","nem"
"D","20","HU","7019127317","2016","1","HU","7019055991","HU","7019076149","","k","",11,"nem","nem"
"D","20","HU","7050087616","2017","1","HU","7025048653","HU","7025048682","","k","",11,"nem","nem"
"D","20","HU","7043023517","2013","2","HU","7011014507","HU","7043017163","","E","",11,"nem","nem"
"D","20","HU","7019091797","2018","2","HU","7049041782","HU","7019088049","","a","",11,"nem","nem"
"D","20","HU","7003051637","2011","2","HU","7045031242","HU","7031020557","","E","",11,"nem","nem"
"D","20","HU","7050087715","2017","1","HU","7025048653","HU","7025030405","","E","",11,"nem","nem"
"D","20","HU","7019136764","2018","1","HU","7049041782","HU","7019079308","","k","",11,"nem","nem"
"D","20","HU","7019089011","2018","2","HU","7049041782","HU","7019079506","","a","",11,"nem","nem"
"D","20","HU","7043042833","2019","1","HU","7050053497","HU","7043023715","","a","",11,"nem","nem"
"D","20","HU","7049041810","2016","1","HU","7043024240","HU","7049022198","","k","",11,"nem","nem"
"D","20","HU","7019079283","2013","1","HU","7019066410","HU","7019045642","","E","",11,"nem","nem"
"D","20","HU","7059013755","2010","1","HU","7011014268","HU","7050004758","","E","",11,"nem","nem"
"D","202","HU","7043023913","2013","1","HU","7011014507","HU","7043023421","","","",11,"nem","nem"
"D","20","HU","7043041126","2019","2","HU","7050053497","HU","7043020808","","a","",11,"nem","nem"
"D","20","HU","7019076475","2012","1","HU","7030044556","HU","7019055904","","E","",11,"nem","nem"
"D","20","HU","7050094735","2018","1","HU","7019123579","HU","7050075422","","E","",11,"nem","nem"
"D","20","HU","7051041963","2016","1","HU","7019082647","HU","7051036817","","k","",11,"nem","nem"
"D","20","HU","7019067338","2018","1","HU","7049041782","HU","7019123368","","k","",11,"nem","nem"
"D","20","HU","7019076248","2012","2","HU","7030044556","HU","7019056091","","E","",11,"nem","nem"
"D","20","HU","7043044640","2019","1","HU","7019123722","HU","7043021221","","E","",11,"nem","nem"
"D","20","HU","7019088685","2019","1","HU","7050087728","HU","7019123298","","x","",11,"nem","nem"
"D","20","HU","7019056088","2010","2","","","HU","7019053197","","B","",11,"nem","nem"
"D","20","HU","7043037943","2018","1","HU","7019123722","HU","7043030649","","a","",11,"nem","nem"
"D","20","HU","7043033189","2016","2","HU","7019067622","HU","7043023690","","E","",11,"nem","nem"
"D","20","HU","7025080356","2019","2","HU","7050063519","HU","7050063171","","b","",11,"nem","nem"
"D","20","HU","7019067268","2011","1","","","HU","7019060414","","E","",11,"nem","nem"
"D","20","HU","7019079337","2013","1","HU","7019060542","HU","7019066423","","E","",11,"nem","nem"
"D","20","HU","7026036088","2014","1","HU","7026032097","HU","7026031900","","E","",11,"nem","nem"
"D","20","HU","7050099529","2019","2","HU","7019123579","HU","7050053567","","E","",11,"nem","nem"
"D","20","HU","7049065706","2019","2","HU","7043035206","HU","7049048846","","a","",11,"nem","nem"
"D","20","HU","7019060430","2010","1","HU","7019048377","HU","7019045600","","E","",11,"nem","nem"
"D","20","HU","7019137004","2018","2","HU","7019111749","HU","7019112261","","a","",11,"nem","nem"
"D","20","HU","7050085346","2017","1","HU","7050063519","HU","7050062729","","x","",11,"nem","nem"
"D","20","HU","7043041733","2019","1","HU","7019123722","HU","7043023687","","k","",11,"nem","nem"
"D","20","HU","7043017316","2009","2","HU","7012005021","HU","7059004720","","B","",11,"nem","nem"
"D","20","HU","7019067101","2011","1","HU","7019048380","HU","7028018042","","E","",11,"nem","nem"
"D","20","HU","7043044244","2019","2","HU","7043024208","HU","7043025634","","b","",11,"nem","nem"
"D","20","HU","7019083408","2013","1","","","HU","7019055904","","E","",11,"nem","nem"
"D","20","HU","7030038892","2010","2","","","HU","7010044851","","E","",11,"nem","nem"
"D","20","HU","7049048804","2016","1","HU","7043024240","HU","7049019648","","k","",11,"nem","nem"
"D","20","HU","7050017998","2005","2","","","HU","7050008088","","E","",11,"nem","nem"
"D","20","HU","7043037914","2018","1","HU","7050053497","HU","7043030665","","a","",11,"nem","nem"
"D","2000","HU","7043021122","2011","2","HU","7011014507","HU","7050009456","","E","",11,"nem","nem"
"D","20","HU","7030037284","2010","1","","","HU","7030024297","","E","",11,"nem","nem"
"D","20","HU","7019136793","2018","2","HU","7019111749","HU","7019111880","","a","",11,"nem","nem"
"D","2000","HU","7043035011","2016","1","HU","7019067622","HU","7043030863","","k","",11,"nem","nem"
"D","20","HU","7043044624","2019","2","HU","7019123722","HU","7043029878","","b","",11,"nem","nem"
"D","2012","HU","7059006988","2014","1","HU","7019067622","HU","7050009542","","","",11,"nem","nem"
"D","20","HU","7019083031","2015","1","HU","7019055991","HU","7019045204","","k","",11,"nem","nem"
"D","20","HU","7050099660","2019","1","HU","7019123579","HU","7050075758","","k","",11,"nem","nem"
"D","20","HU","7025080116","2019","1","HU","7050038401","HU","7050062745","","E","",11,"nem","nem"
"D","20","HU","7019066139","2011","2","","","","","","E","",11,"nem","nem"
"D","20","HU","7038021212","2010","2","HU","7021005685","HU","7008077773","","E","",11,"nem","nem"
"D","20","HU","7003051640","2011","1","HU","7045031242","HU","7031020599","","K","",11,"nem","nem"
"D","2002","HU","7019088698","2019","2","HU","7019135213","HU","7019123412","","x","",11,"nem","nem"
"D","20","HU","7043026057","2014","1","HU","7045031242","HU","7055025365","","K","",11,"nem","nem"
"D","20","HU","7049061856","2018","1","HU","7050075550","HU","7049037710","","E","",11,"nem","nem"
"D","20","HU","7033054253","2015","1","HU","7019067622","HU","7043023885","","E","",11,"nem","nem"
"D","20","HU","7021005685","2007","1","","","","","","B","",11,"nem","nem"
"D","20","HU","7064000214","1996","2","","","","","","E","",11,"nem","nem"
"D","20","HU","7050085809","2017","1","HU","7050063519","HU","7050062745","","E","",11,"nem","nem"
"D","20","HU","7025020677","1956","2","","","","","","","",11,"nem","nem"
"D","20","HU","7059004382","1997","2","","","","","","E","",11,"nem","nem"
"D","20","HU","7019079238","2013","1","HU","7019066410","HU","7019048348","","E","",11,"nem","nem"
"D","20","HU","7025026660","2012","1","HU","7038006057","HU","7008076165","","E","",11,"nem","nem"
"D","20","HU","7043041759","2019","1","HU","7019123722","HU","7043022909","","E","",11,"nem","nem"
"D","20","HU","7019056062","2010","1","HU","7019052969","HU","7019053171","","E","",11,"nem","nem"
"D","20","HU","7038022015","2011","2","HU","7038006057","HU","7008076420","","E","",11,"nem","nem"
"D","20","HU","7043034515","2016","1","HU","7019077137","HU","7031019843","","E","",11,"nem","nem"
"D","20","HU","7030038863","2010","1","","","HU","7030024411","","E","",11,"nem","nem"
"D","20","HU","7019123962","2016","1","HU","7019088119","HU","7019067354","","k","",11,"nem","nem"
"D","20","HU","7043030735","2015","1","HU","7011014507","HU","7043021221","","E","",11,"nem","nem"
"D","20","HU","7043043876","2019","2","HU","7043024240","HU","7043034346","","E","",11,"nem","nem"
"D","20","HU","7030070595","2014","1","HU","7019067495","HU","7030066242","","E","",11,"nem","nem"
"D","20","HU","7043035730","2018","2","HU","7019123722","HU","7043034924","","E","",11,"nem","nem"
"D","20","HU","7019092462","2018","2","HU","7049041852","HU","7019122747","","b","",11,"nem","nem"
"D","20","HU","7019088359","2019","1","HU","7049041782","HU","7019091726","","x","",11,"nem","nem"
"D","20","HU","7050038443","2012","2","HU","7025030450","HU","7025020680","","B","",11,"nem","nem"
"D","20","HU","7043020949","2011","2","HU","7011014507","HU","7004047903","","A","",11,"nem","nem"
"D","20","HU","7049022226","2011","2","","","","","","B","",11,"nem","nem"
"D","201","HU","7030060626","2012","2","HU","7030048563","HU","7030037185","","E","",11,"nem","nem"
"D","20","HU","7019079481","2013","2","","","HU","7019060232","","E","",11,"nem","nem"
"D","20","HU","7019088148","2013","2","HU","7025030450","HU","7019045709","","E","",11,"nem","igen"
"D","20","HU","7019079689","2013","2","HU","7019066410","HU","7028018042","","B","",11,"nem","nem"
"D","20","HU","7019079704","2013","2","HU","7019066410","HU","7024019485","","B","",11,"nem","nem"
"D","20","HU","7019079720","2013","2","HU","7019060542","HU","7019066746","","a","",11,"nem","nem"
"D","20","HU","7043021234","2012","2","HU","7011014507","HU","7009039846","","B","",11,"nem","nem"
"D","20","HU","7043021250","2012","2","HU","7011014507","HU","7043017316","","B","",11,"nem","nem"
"D","20","HU","7025030364","2004","2","","","","","","B","",11,"nem","nem"
"D","20","HU","7003051244","2011","2","HU","7045031242","HU","7031019760","","E","",11,"nem","nem"
"D","20","HU","7003051471","2011","2","","","","","","E","",11,"nem","nem"
"D","20","HU","7019066407","2011","2","","","HU","7019046122","","B","",11,"nem","nem"
"D","20","HU","7019066465","2011","2","HU","7019048377","HU","7019045712","","B","",11,"nem","nem"
"D","20","HU","7030049478","2011","2","HU","7030042190","HU","7030024367","","E","",11,"nem","nem"
"D","20","HU","7019056330","2011","2","HU","7019048418","HU","7024023949","","B",2,11,"nem","nem"
"D","20","HU","7019067073","2011","2","HU","7019048377","HU","7030024916","","B","",11,"nem","nem"
"D","20","HU","7019064281","2011","2","HU","7019055991","HU","7024019430","","E","",11,"nem","nem"
"D","20","HU","7030059417","2011","2","","","","","","E","",11,"nem","nem"
"D","20","HU","7030049100","2011","2","HU","7030042190","HU","7010044921","","E","",11,"nem","nem"
"D","20","HU","7019066270","2011","2","HU","7019055991","HU","7019048405","","E","",11,"nem","nem"
"D","20","HU","7038020802","2010","2","HU","7021005685","HU","7008077629","","E","",11,"nem","nem"
"D","20","HU","7038020828","2010","2","HU","7021005685","HU","7008075784","","E","",11,"nem","nem"
"D","20","HU","7030066226","2011","2","","","","","","E","",11,"nem","nem"
"D","20","HU","7030049296","2011","2","HU","7030042190","HU","7030024325","","E","",11,"nem","nem"
"D","20","HU","7038021171","2010","2","HU","7021005685","HU","7008077380","","E","",11,"nem","nem"
"D","20","HU","7038021296","2010","1","HU","7021005685","HU","7008076615","","E","",11,"nem","nem"
"D","20","HU","7039011780","2010","2","","","","","","E","",11,"nem","igen"
"D","20","HU","7019084889","2013","2","","","HU","7019045613","","E","",11,"nem","nem"
"D","20","HU","7019076334","2012","2","HU","7030044556","HU","7019056091","","A",3,11,"nem","nem"
"D","20","HU","7049028181","2012","2","","","","","","B",3,11,"nem","nem"
"D","20","HU","7043023504","2013","1","HU","7043021010","HU","7009039817","","B","",11,"nem","nem"
"D","20","HU","7043023658","2013","2","HU","7011014507","HU","7043020949","","E","",11,"nem","nem"
"D","20","HU","7030049676","2014","2","HU","7019067495","HU","7030036973","","E","",11,"nem","nem"
"D","20","HU","7030049775","2014","2","HU","7019067495","HU","7030060866","","E","",11,"nem","nem"
"D","20","HU","7043023715","2013","2","HU","7043020879","HU","7009040620",6964151,"A","",11,"nem","nem"
"D","20","HU","7030070524","2014","2","HU","7019067495","HU","7030037143","","E","",11,"nem","nem"
"D","20","HU","7043025382","2013","1","HU","7045031242","HU","7045030452","","E","",11,"nem","nem"
"D","20","HU","7049019635","2009","2","","","","","","B","",11,"nem","nem"
"D","20","HU","7049019648","2009","2","","","","","","B","",11,"nem","nem"
"D","20","HU","7049019664","2009","2","","","","","","B","",11,"nem","nem"
"D","20","HU","7025030380","2009","2","","","","","","B","",11,"nem","nem"
"D","20","HU","7050044293","2013","2","HU","7025030450","HU","7025030421","","B","",11,"nem","igen"
"D","20","HU","7026032266","2013","2","HU","7046022401","HU","7046023808","","E","",11,"nem","nem"
"D","20","HU","7043029753","2014","2","HU","7019067622","HU","7043020808",1318221,"A",2,11,"nem","igen"
"D","20","HU","7043029878","2014","2","HU","7019067622","HU","7043023984","","E","",11,"nem","nem"
"D","20","HU","7019091247","2014","2","HU","7019079197","HU","7019067705","","A","",11,"nem","nem"
"D","20","HU","7019091250","2014","2","HU","7019067648","HU","7019060399","","B","",11,"nem","nem"
"D","20","HU","7019091276","2014","2","HU","7019067648","HU","7019066618","","A","",11,"nem","nem"
"D","20","HU","7019091528","2014","2","HU","7019067648","HU","7019066803","","A","",11,"nem","nem"
"D","20","HU","7019091544","2014","2","HU","7025030450","HU","7019067073","","a","",11,"nem","nem"
"D","20","HU","7025037080","2014","2","HU","7038020873","HU","7038022099","","E","",11,"nem","nem"
"D","20","HU","7025037093","2014","2","HU","7038020873","HU","7038022099","","E","",11,"nem","nem"
"D","20","HU","7025037121","2014","2","HU","7038020873","HU","7025026699","","E","",11,"nem","nem"
"D","20","HU","7025037150","2014","2","HU","7038020873","HU","7038021366","","E","",11,"nem","nem"
"D","20","HU","7043024112","2014","2","HU","7019067622","HU","7043021135","","E","",11,"nem","nem"
"D","20","HU","7043024141","2014","2","HU","7011014507","HU","7043019293","","a","",11,"nem","nem"
"D","20","HU","7043024183","2014","2","HU","7019067622","HU","7043020910","","E","",11,"nem","nem"
"D","20","HU","7043024211","2014","2","HU","7019067622","HU","7043022909","","E","",11,"nem","nem"
"D","20","HU","7043025957","2014","2","HU","7045031242","HU","7031019843","","E","",11,"nem","nem"
"D","20","HU","7019082621","2014","2","HU","7030044556","HU","7019053142","","b","",11,"nem","nem"
"D","20","HU","7019082692","2014","2","HU","7019055991","HU","7019076334",6737115,"A",2,11,"nem","igen"
"D","20","HU","7019082494","2014","2","HU","7030044556","HU","7019056017","","E","",11,"nem","nem"
"D","20","HU","7019082506","2014","2","HU","7030044556","HU","7019045754","","E","",11,"nem","nem"
"D","20","HU","7019082535","2014","2","HU","7019055991","HU","7019077096",6737115,"A",2,11,"nem","igen"
"D","20","HU","7043026073","2014","2","HU","7045031242","HU","7031019942","","B","",11,"nem","nem"
"D","20","HU","7036023258","2011","2","","","","",9488650,"E","",11,"nem","nem"
"D","20","HU","7038021720","2011","2","HU","7038006057","HU","7037002971","","E","",11,"nem","nem"
"D","20","HU","7019077124","2012","2","HU","7019055991","HU","7019052985",6737115,"B",2,11,"nem","igen"
"D","20","HU","7019067312","2012","2","HU","7019048380","HU","7009011336","","E","",11,"nem","igen"
"D","20","HU","7025026558","2012","2","HU","7038006057","HU","7008076181","","E","",11,"nem","nem"
"D","20","HU","7051033377","2012","2","","","","","","E","",11,"nem","nem"
"D","20","HU","7019067606","2012","2","HU","7019048380","HU","7019048335","","B","",11,"nem","nem"
"D","20","HU","7019067424","2012","2","HU","7019048380","HU","7030024383","","B","",11,"nem","nem"
"D","20","HU","7025026714","2012","2","HU","7038021270","HU","7038020662","","E","",11,"nem","nem"
"D","20","HU","7019067763","2012","2","HU","7019048380","HU","7019046515","","B","",11,"nem","nem"
"D","20","HU","7043015666","2008","2","","","HU","7059006793","","B","",11,"nem","nem"
"D","20","HU","7051023619","2008","2","","","","","","E","",11,"nem","igen"
"D","20","HU","7019052985","2008","2","","","","","","B","",11,"nem","nem"
"D","20","HU","7019053100","2008","2","","","","","","B","",11,"nem","nem"
"D","20","HU","7019055904","2010","2","","","HU","7019053142","","B","",11,"nem","nem"
"D","20","HU","7019056004","2010","2","HU","7019052969","HU","7019053155","","B","",11,"nem","nem"
"D","20","HU","7031019955","2008","2","","","","","","E","",11,"nem","nem"
"D","20","HU","7019046445","2008","2","","","","","","B","",11,"nem","igen"
"D","20","HU","7019046502","2008","2","","","","","","B","",11,"nem","nem"
"D","20","HU","7031019760","2007","2","","","","","","E","",11,"nem","nem"
"D","20","HU","7043025861","2013","1","HU","7045031242","HU","7031019872","","E","",11,"nem","igen"
"D","2013","HU","7050004589","2002","2","HU","7059004366","HU","7059004618","","E","",11,"nem","nem"
"D","20","HU","7019067015","2011","2","HU","7019048377","HU","7028018068","","E","",11,"nem","nem"
"D","20","HU","7030049535","2011","2","HU","7030042190","HU","7010041788","","E","",11,"nem","nem"
"D","20","HU","7030049551","2011","2","HU","7030042190","HU","7030024750","","E","",11,"nem","nem"
"D","20","HU","7030049577","2011","1","HU","7030042190","HU","7010044880","","E","",11,"nem","nem"
"D","20","HU","7030037057","2010","2","","","HU","7030024309","","E","",11,"nem","nem"
"D","20","HU","7030038889","2010","2","","","HU","7010044851","","E","",11,"nem","nem"
"D","20","HU","7038021113","2010","2","HU","7021005685","HU","7008075867","","E","",11,"nem","nem"
"D","20","HU","7030049311","2011","1","HU","7030042190","HU","7030024466","","E","",11,"nem","nem"
"D","20","HU","7030049366","2011","1","HU","7030042190","HU","7030024172","","E","",11,"nem","nem"
"D","20","HU","7030049379","2011","2","HU","7030042190","HU","7030024507","","E","",11,"nem","nem"
"D","20","HU","7030049382","2011","2","HU","7030042190","HU","7030024507","","E","",11,"nem","nem"
"D","20","HU","7043017600","2010","2","HU","7011014507","HU","7009039846","","E","",11,"nem","nem"
"D","20","HU","7043017501","2010","2","HU","7011014507","HU","7043015570","","E","",11,"nem","nem"
"D","2001","HU","7019035025","2010","2","HU","7011014507","HU","7009039888","","E","",11,"nem","nem"
"D","20","HU","7019060328","2010","2","HU","7019048364","HU","7030024383","","B","",11,"nem","nem"
"D","20","HU","7030060668","2012","1","HU","7030048563","HU","7030037130","","K","",11,"nem","nem"
"D","20","HU","7030060837","2012","2","HU","7030048563","HU","7030049478","","b","",11,"nem","nem"
"D","20","HU","7030060923","2012","2","HU","7030048563","HU","7030036999","","E","",11,"nem","nem"
"D","20","HU","7026013531","2008","2","","","","","","E","",11,"nem","nem"
"D","20","HU","7051024425","2008","2","","","","","","E","",11,"nem","nem"
"D","20","HU","7043023137","2012","1","HU","7011014507","HU","7043021164","","K","",11,"nem","nem"
"D","20","HU","7043023421","2012","2","HU","7011014507","HU","7059006946","","b","",11,"nem","nem"
"D","20","HU","7019076392","2012","1","HU","7030044556","HU","7019066353","","K","",11,"nem","nem"
"D","20","HU","7024019120","2007","2","","","","","","B","",11,"nem","nem"
"D","20","HU","7043024365","2014","2","HU","7019067622","HU","7004047903","","E","",11,"nem","nem"
"D","20","HU","7043024378","2014","2","HU","7019067622","HU","7004047903","","a","",11,"nem","nem"
"D","2001","HU","7043024381","2014","2","HU","7011014507","HU","7043020840","","E","",11,"nem","nem"
"D","20","HU","7043024422","2014","2","HU","7019067622","HU","7043023843","","A",3,11,"nem","nem"
"D","20","HU","7030024507","2007","2","","","","","","E","",11,"nem","nem"
"D","20","HU","7030024916","2007","2","","","","","","B","",11,"nem","nem"
"D","20","HU","7043025788","2013","2","HU","7045031242","HU","7031020317","","E","",11,"nem","nem"
"D","20","HU","7025036980","2013","2","HU","7038020873","HU","7038005944","","E","",11,"nem","nem"
"D","20","HU","7059004522","2000","2","","","","","","B","",11,"nem","nem"
"D","20","HU","7010044835","2005","2","HU","7010041890","HU","7010041803","","B","",11,"nem","nem"
"D","20","HU","7019083143","2015","2","HU","7019055991","HU","7019056314","","E","",11,"nem","nem"
"D","20","HU","7050070948","2012","1","","","","","","B","",11,"nem","nem"
"D","20","HU","7049037710","2015","2","HU","7049034506","HU","7049022185","","B",3,11,"nem","nem"
"D","20","HU","7049041625","2015","2","HU","7049034506","HU","7049022200","","B","",11,"nem","nem"
"D","20","HU","7025039165","2010","2","","","","","","B","",11,"nem","nem"
"D","20","HU","7050053497","2014","1","HU","7050038399","HU","7025030393","","B","",11,"nem","nem"
"D","20","HU","7050053525","2014","2","HU","7050038399","HU","7032012056","","E","",11,"nem","nem"
"D","20","HU","7050053455","2014","1","HU","7050038399","HU","7025030421","","K","",11,"nem","nem"
"D","20","HU","7019083367","2014","1","HU","7019055991","HU","7019076839","","K","",11,"nem","nem"
"D","20","HU","7050057785","2010","1","","","","","","B","",11,"nem","nem"
"D","20","HU","7043029919","2015","1","HU","7019067622","HU","7043024336","","K","",11,"nem","nem"
"D","20","HU","7030050489","2015","2","HU","7050044321","HU","7030049155","","b","",11,"nem","nem"
"D","20","HU","7025048653","2015","1","HU","7019088106","HU","7025039178","","B","",11,"nem","nem"
"D","20","HU","7026036103","2014","1","","","","",8070159,"B","",11,"nem","nem"
"D","20","HU","7050063171","2012","2","","","","","","B","",11,"nem","nem"
"D","20","HU","7043017288","2009","2","HU","7012005021","HU","7059004410","","E","",11,"nem","nem"
"D","20","HU","7043017329","2009","1","HU","7012005021","HU","7059004551","","E","",11,"nem","nem"
"D","20","HU","7019063826","2009","1","","","","","","B","",11,"nem","nem"
"D","2001","HU","7043015851","2009","1","HU","7012005021","HU","7009039888","","E","",11,"nem","nem"
"D","20","HU","7025048567","2015","2","HU","7050038399","HU","7032011464","","B","",11,"nem","nem"
"D","20","HU","7025048583","2015","2","HU","7019088106","HU","7050053413","","A",1,11,"nem","nem"
"D","20","HU","7025048794","2015","2","HU","7019088106","HU","7032012085","","B","",11,"nem","nem"
"D","20","HU","7043034841","2016","2","HU","7019067622","HU","7043022938","","E","",11,"nem","nem"
"D","20","HU","7043034854","2016","2","HU","7019067622","HU","7043022938","","b","",11,"nem","nem"
"D","20","HU","7019112133","2015","1","HU","7019088119","HU","7019067718",780168,"B","",11,"nem","nem"
"D","20","HU","7043030748","2015","1","HU","7011014507","HU","7043021135","","K","",11,"nem","nem"
"D","20","HU","7050067849","2015","2","","","HU","7050062675","","B","",11,"nem","nem"
"D","20","HU","7050068345","2015","2","","","HU","7050062620","","B","",11,"nem","nem"
"D","20","HU","7050068457","2015","2","","","HU","7050062659","","B","",11,"nem","nem"
"D","20","HU","7019111848","2015","2","HU","7019088119","HU","7019079296","","A","",11,"nem","nem"
"D","20","HU","7019111851","2015","2","HU","7019088119","HU","7019079296","","E","",11,"nem","nem"
"D","20","HU","7019112050","2015","2","HU","7019079197","HU","7019046490","","E","",11,"nem","nem"
"D","20","HU","7019112092","2015","2","HU","7019088119","HU","7019079816","","E","",11,"nem","nem"
"D","20","HU","7019112146","2015","2","HU","7019088119","HU","7019079311","","A","",11,"nem","nem"
"D","20","HU","7019112258","2015","2","HU","7019079197","HU","7019066382",6879907,"a","",11,"nem","nem"
"D","20","HU","7019126907","2016","2","HU","7019091656","HU","7019076334",6737115,"A",2,11,"nem","igen"
"D","20","HU","7043030160","2015","2","HU","7043025449","HU","7003051624","","B","",11,"nem","nem"
"D","20","HU","7043030227","2015","1","HU","7043025449","HU","7045030113","","K","",11,"nem","nem"
"D","20","HU","7043030665","2015","2","HU","7019067622","HU","7043021263","","A","",11,"nem","nem"
"D","20","HU","7043030681","2015","2","HU","7011014507","HU","7009039846","","B","",11,"nem","nem"
"D","20","HU","7043030722","2015","2","HU","7019067622","HU","7043024084","","B","",11,"nem","nem"
"D","20","HU","7043034979","2016","1","HU","7050053497","HU","7043022884","","A","",11,"nem","nem"
"D","20","HU","7043034953","2016","1","HU","7050053497","HU","7043021164","","E","",11,"nem","nem"
"D","20","HU","7019122804","2016","2","HU","7019091771","HU","7019079816","","A","",11,"nem","nem"
"D","20","HU","7019122929","2016","2","HU","7019088119","HU","7019079184","","A","",11,"nem","nem"
"D","20","HU","7019122958","2016","2","HU","7019088119","HU","7019067354","","a","",11,"nem","nem"
"D","202","HU","7019123090","2016","2","","","HU","7019067408","","E","",11,"nem","nem"
"D","20","HU","7019123144","2016","2","HU","7019091771","HU","7019088078","","b","",11,"nem","nem"
"D","202","HU","7019123412","2016","2","","","HU","7019091205","","E","",11,"nem","nem"
"D","20","HU","7049048664","2016","2","HU","7043024240","HU","7049035185","","B","",11,"nem","nem"
"D","20","HU","7049048862","2016","2","HU","7043024240","HU","7049037682","","E","",11,"nem","nem"
"D","20","HU","7049048888","2016","2","HU","7043024240","HU","7049037653","","B","",11,"nem","nem"
"D","20","HU","7019134960","2017","2","HU","7019111749","HU","7019067408",6961468,"A","",11,"nem","nem"
"D","20","HU","7019134973","2017","2","HU","7019111749","HU","7019091726","","A","",11,"nem","nem"
"D","20","HU","7019135028","2017","2","HU","7019112133","HU","7019079816","","A","",11,"nem","nem"
"D","20","HU","7019135060","2017","2","HU","7019112133","HU","7019079311","","a","",11,"nem","nem"
"D","20","HU","7019135198","2017","2","HU","7019112133","HU","7019088049","","A","",11,"nem","nem"
"D","20","HU","7019135338","2017","2","HU","7019112133","HU","7019079506","","A","",11,"nem","nem"
"D","20","HU","7019135354","2017","2","HU","7019111749","HU","7019092264","","B","",11,"nem","nem"
"D","20","HU","7019135367","2017","2","HU","7049041782","HU","7019112089","","A",1,11,"nem","nem"
"D","20","HU","7019135002","2017","1","HU","7049041782","HU","7019112162",9945276,"K","",11,"nem","igen"
"D","20","HU","7043034391","2017","1","HU","7043024208","HU","7043030090","","K","",11,"nem","nem"
"D","20","HU","7019128318","2017","1","HU","7019091656","HU","7019082832","","K","",11,"nem","nem"
"D","20","HU","7019128714","2017","1","HU","7019082973","HU","7024019430",9216736,"K","",11,"nem","nem"
"D","20","HU","7019127304","2016","2","HU","7019055991","HU","7019076149","","B",3,11,"nem","nem"
"D","20","HU","7019127403","2016","2","HU","7019055991","HU","7019083552","","E","",11,"nem","nem"
"D","20","HU","7019127560","2016","2","HU","7019055991","HU","7019076644","","E","",11,"nem","nem"
"D","20","HU","7019127599","2016","2","HU","7019055991","HU","7019053142","","b","",11,"nem","nem"
"D","20","HU","7019127685","2016","2","HU","7019055991","HU","7019076008","","E","",11,"nem","nem"
"D","20","HU","7049057686","2017","2","HU","7043024240","HU","7049022226",1145467,"B",1,11,"nem","nem"
"D","20","HU","7043035334","2017","2","HU","7050053497","HU","7043019293","","a","",11,"nem","nem"
"D","20","HU","7043037451","2017","2","HU","7019067622","HU","7043030722","","b","",11,"nem","nem"
"D","202","HU","7019123384","2016","2","","","HU","7009011349","","E","",11,"nem","nem"
"D","20","HU","7043035206","2017","1","HU","7019067622","HU","7043023687","","B","",11,"nem","nem"
"D","20","HU","7043037790","2017","1","HU","7019067622","HU","7043023492","","E","",11,"nem","nem"
"D","20","HU","7019128178","2017","2","HU","7019082973","HU","7019076363","","E","",11,"nem","nem"
"D","20","HU","7043034445","2017","2","HU","7019077137","HU","7043025634","","b","",11,"nem","nem"
"D","20","HU","7050085599","2017","1","HU","7019083127","HU","7050063171","","K","",11,"nem","nem"
"D","201","HU","7050086532","2017","2","HU","7050063519","HU","7050063209","","E","",11,"nem","nem"
"D","2002","HU","7019137301","2018","2","HU","7049041852","HU","7019122718","","b","",11,"nem","nem"
"D","20","HU","7019137343","2018","2","HU","7049041852","HU","7019122961","","E","",11,"nem","nem"
"D","20","HU","7049061715","2018","2","HU","7019112133","HU","7049022198","","b","",11,"nem","nem"
"D","20","HU","7049062310","2018","2","HU","7049048820","HU","7049034999","","A",2,11,"nem","nem"
"D","20","HU","7050078227","2016","2","HU","7050063522","HU","7050063171",4665472,"B",1,11,"nem","igen"
"D","20","HU","7050078735","2016","2","HU","7050038401","HU","7050062688","","E","",11,"nem","nem"
"D","20","HU","7019128194","2017","2","HU","7019091656","HU","7019056356","","E","",11,"nem","nem"
"D","20","HU","7019128631","2017","2","HU","7019091656","HU","7019077041","","E","",11,"nem","nem"
"D","20","HU","7019128644","2017","2","HU","7019091656","HU","7019077041","","E","",11,"nem","nem"
"D","20","HU","7019128756","2017","2","HU","7019082973","HU","7019097582","","E","",11,"nem","nem"
"D","20","HU","7049057561","2017","2","HU","7025048710","HU","7049037682","","b","",11,"nem","nem"
"D","20","HU","7043035769","2018","1","HU","7019123722","HU","7043024451","","E","",11,"nem","nem"
"D","20","HU","7050086699","2018","1","HU","7050038401","HU","7050062774","","E","",11,"nem","nem"
"D","20","HU","7049062349","2018","1","HU","7049048820","HU","7049019664","","K","",11,"nem","nem"
"D","20","HU","7049062352","2018","1","HU","7019112133","HU","7049019648",9381483,"K","",11,"nem","nem"
"D","20","HU","7049061900","2018","1","HU","7049048820","HU","7049035060",4665472,"B","",11,"nem","igen"
"D","20","HU","7019137369","2018","1","HU","7019111749","HU","7019112120","","A","",11,"nem","nem"
"D","2001","HU","7050079017","2018","2","HU","7025048710","HU","7050078003",4665472,"B",1,11,"nem","igen"
"D","20","HU","7043041043","2018","2","HU","7019123722","HU","7043023885","","b","",11,"nem","nem"
"D","20","HU","7043041902","2018","2","HU","7019123722","HU","7043033374",1318221,"A",2,11,"nem","igen"
"D","20","HU","7043042031","2018","2","HU","7050053497","HU","7043023591","","A","",11,"nem","nem"
"D","20","HU","7050094991","2018","1","HU","7019123269","HU","7050037174","","K","",11,"nem","nem"
"D","20","HU","7050094751","2018","2","HU","7019123269","HU","7050075394","","E","",11,"nem","nem"
"D","20","HU","7019127809","2018","2","HU","7019091656","HU","7019077096","","a","",11,"nem","nem"
"D","20","HU","7019127896","2018","2","HU","7019091656","HU","7019076631","","a","",11,"nem","nem"
"D","20","HU","7019128008","2018","2","HU","7019091656","HU","7019126796","","E","",11,"nem","nem"
"D","20","HU","7019128024","2018","2","HU","7019091656","HU","7019083354","","E","",11,"nem","nem"
"D","20","HU","7019128165","2018","2","HU","7019091656","HU","7019076909",6737115,"A",3,11,"nem","igen"
"D","20","HU","7050079752","2018","1","HU","7025048710","HU","7050062787",4665472,"B","",11,"igen","igen"
"D","20","HU","7049062477","2019","1","HU","7043035206","HU","7049037710","","K","",11,"nem","nem"
"D","20","HU","7025079949","2019","2","HU","7050063519","HU","7050062774","","E","",11,"nem","nem"
"D","20","HU","7025080455","2019","2","HU","7050063519","HU","7050078339","","E","",11,"nem","nem"
"D","2002","HU","7050095132","2018","2","HU","7019123579","HU","7019122734","","b","",11,"nem","nem"
"D","20","HU","7019128053","2018","1","HU","7019091656","HU","7019082890","","E","",11,"nem","nem"
"D","20","HU","7019128107","2018","1","HU","7019091656","HU","7019097537","","k","",11,"nem","nem"
"D","20","HU","7043037253","2019","1","HU","7043024208","HU","7043030582","","K","",11,"nem","nem"
"D","20","HU","7043043988","2019","1","HU","7043024240","HU","7045030113",3856053,"k","",11,"nem","nem"
"D","20","HU","7050099699","2019","2","HU","7019123579","HU","7050075828","","a","",11,"nem","nem"
"D","20","HU","7050099714","2019","2","HU","7019123579","HU","7050053525","","b","",11,"nem","nem"
"D","20","HU","7050099769","2019","2","HU","7019123579","HU","7050038443","","A",2,11,"nem","nem"
"D","20","HU","7050099798","2019","2","HU","7019123579","HU","7050087661","","b","",11,"nem","nem"
"D","20","HU","7050099813","2019","2","HU","7050087702","HU","7050075844",8586429,"b","",11,"nem","nem"
"D","20","HU","7043042156","2019","2","HU","7019123722","HU","7043035248",1318221,"A",2,11,"nem","igen"
"D","20","HU","7043042859","2019","2","HU","7050053497","HU","7043023715",6810672,"a","",11,"nem","nem"
"D","20","HU","7043045766","2020","2","HU","7043035628","HU","7043035644","","A","",11,"nem","nem"
"D","20","HU","7043045881","2020","2","HU","7043035628","HU","7043038085",1318221,"B",2,11,"nem","igen"
"D","20","HU","7043045852","2020","2","HU","7043035628","HU","7043040703",1318221,"A",1,11,"nem","igen"
"D","20","HU","7049062464","2019","2","HU","7019112133","HU","7049048888",7114652,"B",2,11,"nem","nem"
"D","20","HU","7049065920","2019","2","HU","7049048820","HU","7049057392",6690319,"A",2,11,"nem","igen"
"D","20","HU","7049066116","2019","2","HU","7019112133","HU","7049048619","","A",2,11,"nem","nem"
"D","20","HU","7049066129","2019","2","HU","7043035206","HU","7049041609","","A","",11,"nem","nem"
"D","20","HU","7049066695","2019","2","HU","7019112133","HU","7049035172",2296751,"B",2,11,"nem","nem"
"D","20","HU","7067030973","2019","2","HU","7019082973","HU","7019127218",6737115,"A",1,11,"nem","igen"
"D","20","HU","7019140075","2019","2","HU","7050087728","HU","7019079308","","A","",11,"nem","nem"
"D","20","HU","7019140286","2019","2","HU","7019135213","HU","7019123368",7752955,"B",1,11,"nem","nem"
"D","20","HU","7019140314","2019","2","HU","7049041849","HU","7019067466",7752955,"A",1,11,"nem","nem"
"D","20","HU","7019140369","2019","2","HU","7049041849","HU","7019122792",7752955,"E","",11,"nem","nem"
"D","20","RO","2560977709","2017","2","","","","","","E","",99,"nem","nem"
"D","20","HU","7049070711","2020","1","HU","7049061702","HU","7049044529","","E","",11,"nem","nem"
"D","20","HU","7049066765","2020","2","HU","7019112133","HU","7049048549",7114652,"A",1,11,"nem","nem"
"D","20","HU","7049070667","2020","2","HU","7049048820","HU","7049048635","","a","",11,"nem","nem"
"D","20","HU","7049070670","2020","2","HU","7049048820","HU","7049048635","","a","",11,"nem","nem"
"D","20","HU","7049070456","2020","2","HU","7043035206","HU","7049062068","","E","",11,"nem","nem"
"D","20","RO","2560977701","2017","1","","","","","","B","",99,"nem","nem"
"D","20","HU","7043045711","2020","1","HU","7019123722","HU","7043031033","","a","",11,"nem","nem"
"D","20","HU","7043045609","2020","2","HU","7043035628","HU","7043033259",1318221,"A",1,11,"nem","igen"
"D","20","HU","7043045542","2020","1","HU","7050053497","HU","7043034883","","k","",11,"nem","nem"
"D","20","HU","7043045708","2020","2","HU","7050053497","HU","7043035136",8800725,"A","",11,"nem","igen"
"D","20","HU","7065021531","2020","2","HU","7019136904","HU","7049048578","","E","",11,"nem","nem"
"D","20","HU","7065021560","2020","1","HU","7019136904","HU","7049048664","","E","",11,"nem","nem"
"D","20","HU","7082002179","2020","1","HU","7043036463","HU","7019122594","","k","",11,"nem","nem"
"D","20","HU","7049071121","2020","1","HU","7049048820","HU","7049035060","","k","",11,"nem","nem"
"D","20","HU","7049071134","2020","1","HU","7049048820","HU","7049035060","","k","",11,"nem","nem"
"D","20","HU","7019112625","2020","2","HU","7019111749","HU","7049057871","","b","",11,"nem","nem"
"D","20","HU","7019112641","2020","1","HU","7019111749","HU","7049061939","","E","",11,"nem","nem"
"D","20","HU","7067031325","2020","2","HU","7019127797","HU","7019082845","","E","",11,"nem","nem"
"D","20","HU","7067031284","2020","1","HU","7019127797","HU","7019127700",6668107,"A","",11,"nem","nem"
"D","20","HU","7067031297","2020","1","HU","7019127797","HU","7019127700",8215035,"E","",11,"nem","igen"
"D","20","HU","7067031156","2020","2","HU","7019127797","HU","7019128149",6737115,"A",2,11,"nem","igen"
"D","20","HU","7019140608","2020","2","HU","7019136988","HU","7019112120","","E","",11,"nem","nem"
"D","2002","HU","7019140497","2020","2","HU","7019137046","HU","7019135086","","E","",11,"nem","nem"
"D","2002","HU","7019140682","2020","2","HU","7019111749","HU","7019122622",7752955,"E","",11,"nem","nem"
"D","20","HU","7019135929","2020","2","HU","7019136751","HU","7019122763","","a","",11,"nem","nem"
"D","20","HU","7019140679","2020","2","HU","7019136751","HU","7019122763",7752955,"A",2,11,"nem","nem"
"D","20","HU","7043044880","2020","1","HU","7019123722","HU","7043023492","","k","",11,"nem","nem"
"D","20","HU","7043044864","2020","2","HU","7043035628","HU","7043035561","","E","",11,"nem","nem"
"D","2001","HU","7043045472","2020","2","HU","7019123722","HU","7043023575","","b","",11,"nem","nem"
"D","20","HU","7043045430","2020","2","HU","7043035628","HU","7043024422",8800725,"A","",11,"nem","igen"
"D","20","HU","7043045104","2020","1","HU","7019123722","HU","7043035277","","a","",11,"nem","nem"
"D","20","HU","7043045964","2020","2","HU","7050053497","HU","7043035615","","E","",11,"nem","nem"
"D","20","HU","7067031127","2020","1","HU","7019127797","HU","7019127218","","K","",11,"nem","nem"
"D","2002","HU","7083003067","2020","2","HU","7050063519","HU","7019122734","","b","",11,"nem","nem"
"D","20","HU","7083003124","2020","2","HU","7050063519","HU","7019123230","","A",2,11,"nem","nem"
"D","20","HU","7083003137","2020","1","HU","7050063519","HU","7019123230",8760030,"K","",11,"nem","nem"
"D","20","HU","7083003140","2020","1","HU","7050063519","HU","7025048567","","k","",11,"nem","nem"
"D","20","HU","7083003012","2020","1","HU","7019123579","HU","7050075419","","E","",11,"nem","nem"
"D","20","HU","7083003195","2020","2","HU","7050063519","HU","7050075563","","B",2,11,"nem","nem"
"D","20","HU","7083003281","2020","1","HU","7050063519","HU","7050087559","","E","",11,"nem","nem"
"D","20","HU","7083003348","2020","2","HU","7050063519","HU","7050087687","","b","",11,"nem","nem"
"D","20","HU","7043046189","2020","2","HU","7043035628","HU","7043021221",1318221,"B",2,11,"nem","igen"
"D","20","HU","7043046118","2020","2","HU","7019123722","HU","7043029878",1318221,"B",2,11,"nem","igen"
"D","20","HU","7043046006","2020","1","HU","7019123722","HU","7043033316","","k","",11,"nem","nem"
"D","20","HU","7043046022","2020","2","HU","7043035628","HU","7043041902",1318221,"A",2,11,"nem","igen"
"D","20","HU","7043046288","2020","1","HU","7043035628","HU","7043042031","","E","",11,"nem","nem"
"D","20","HU","7043040237","2019","2","","","","","","","",11,"nem","nem"
"D","20","HU","7067040813","2020","2","","","","","","","",11,"nem","nem"
"D","20","HU","7049076535","2021","2","HU","7049061702","HU","7049037682","","b","",11,"nem","nem"
"D","20","HU","7049076155","2021","1","HU","7049065991","HU","7049041737","","k","",11,"nem","nem"
"D","20","HU","7049075956","2021","2","HU","7019135552","HU","7049048648",7752955,"a",3,11,"nem","nem"
"D","20","HU","7049076126","2021","2","HU","7049065991","HU","7049048846",7752955,"a",3,11,"nem","nem"
"D","20","HU","7049076551","2021","1","HU","7019135552","HU","7049057602","","a","",11,"nem","nem"
"D","20","HU","7049071387","2021","1","HU","7019135552","HU","7049057686",7066942,"K","",11,"nem","nem"
"D","20","HU","7049071345","2021","1","HU","7019135552","HU","7049057743","","A","",11,"nem","nem"
"D","20","HU","7049076452","2021","1","HU","7049061702","HU","7049061799","","A","",11,"nem","nem"
"D","20","HU","7049076407","2021","2","HU","7019135552","HU","7049062068",7752955,"a",2,11,"nem","nem"
"D","20","HU","7049076001","2021","2","HU","7049061702","HU","7049062071","","a","",11,"nem","nem"
"D","20","HU","7049076056","2021","2","HU","7049068978","HU","7049062563","","a","",11,"nem","nem"
"D","20","HU","7049076296","2021","1","HU","7049061702","HU","7049065821","","k","",11,"nem","nem"
"D","20","HU","7049076605","2021","2","HU","7049061702","HU","7049066260","","a","",11,"nem","nem"
"D","20","HU","7083006312","2021","1","HU","7025048822","HU","7050094748","","k","",11,"nem","nem"
"D","20","HU","7083006424","2021","1","HU","7025048822","HU","7050094751","","E","",11,"nem","nem"
"D","20","HU","7083006581","2021","1","HU","7025048822","HU","7050099813","","E","",11,"nem","nem"
"D","20","HU","7083006859","2021","1","HU","7049061702","HU","7049065748","","E","",11,"nem","nem"
"D","20","HU","7083006891","2021","2","HU","7049068978","HU","7049065975",6690319,"A",1,11,"nem","igen"
"D","20","HU","7083006875","2021","1","HU","7049068978","HU","7049066231","","E","",11,"nem","nem"
"D","20","HU","7083006888","2021","2","HU","7049068978","HU","7049066231",6690319,"B",3,11,"nem","igen"
"D","202","HU","7081009177","2020","2","","","","",4892931,"E","",11,"nem","nem"
"D","20","HU","7083006271","2021","1","HU","7025048822","HU","7025030393","","k","",11,"nem","nem"
"D","20","HU","7083006367","2021","2","HU","7025048822","HU","7025048541","","E","",11,"nem","nem"
"D","20","HU","7083006619","2021","1","HU","7025048822","HU","7050053413","","a","",11,"nem","nem"
"D","20","HU","7083006213","2021","1","HU","7025048822","HU","7050075422","","k","",11,"nem","nem"
"D","20","HU","7083006536","2021","1","HU","7025048822","HU","7050075521","","E","",11,"nem","nem"
"D","20","HU","7083006622","2021","2","HU","7025048822","HU","7050075828","","A","",11,"nem","nem"
"D","20","HU","7083006268","2021","1","HU","7025048822","HU","7050087546","","E","",11,"nem","nem"
"D","20","HU","7065023674","2021","2","HU","7019136904","HU","7049048664","","a","",11,"nem","nem"
"D","20","HU","7065023629","2021","2","HU","7019136904","HU","7049048763","","b","",11,"nem","nem"
"D","20","HU","7067044750","2021","1","HU","7019082973","HU","7019127362",8215035,"E","",11,"nem","igen"
"D","201","HU","7077020302","2021","1","HU","7050087728","HU","7077010628","","E","",11,"nem","nem"
"D","20","HU","7043047700","2021","2","HU","7019123722","HU","7043035305","","a","",11,"nem","nem"
"D","20","HU","7043047838","2021","1","HU","7019123722","HU","7043035631","","k","",11,"nem","nem"
"D","20","HU","7043047726","2021","1","HU","7019123722","HU","7043038085","","E","",11,"nem","nem"
"D","20","HU","7043047809","2021","1","HU","7019123722","HU","7043041816","","E","",11,"nem","nem"
"D","20","HU","7043048996","2021","2","HU","7043035628","HU","7043021263","","a","",11,"nem","nem"
"D","20","HU","7043047896","2021","1","HU","7019123722","HU","7043030649","","a","",11,"nem","nem"
"D","20","HU","7043049070","2021","2","HU","7043035628","HU","7043035318","","a","",11,"nem","nem"
"D","20","HU","7034086862","2021","2","HU","7049066075","HU","7043042875",8800725,"a","",11,"nem","nem"
"D","20","HU","7034086875","2021","1","HU","7049066075","HU","7043045708","","a","",11,"nem","nem"
"D","20","HU","7043044385","2021","2","HU","7043036645","HU","7043030355",6729882,"E","",11,"nem","nem"
"D","20","HU","7043044046","2021","1","HU","7043036645","HU","7003051314","","x","",11,"nem","nem"
"D","20","HU","7043044033","2021","1","HU","7043036645","HU","7043030201","","E","",11,"nem","nem"
"D","20","HU","7043049210","2021","1","HU","7043035628","HU","7043023715","","a","",11,"nem","nem"
"D","20","HU","7043043780","2021","2","HU","7043036645","HU","7043034151","","x","",11,"nem","nem"
"D","20","HU","7043043917","2021","2","HU","7043036645","HU","7043034218","","E","",11,"nem","nem"
"D","20","HU","7043043652","2021","1","HU","7043036645","HU","7043034320","","E","",11,"nem","nem"
"D","20","HU","7043043847","2021","2","HU","7043036645","HU","7043034388","","x","",11,"nem","nem"
"D","20","HU","7067031268","2021","1","HU","7019082973","HU","7019077124",8215035,"k","",11,"nem","igen"
"D","20","HU","7067031060","2021","1","HU","7019082973","HU","7019126907","","a","",11,"nem","nem"
"D","20","HU","7020212727","2021","1","HU","7043036645","HU","7043025634","","E","",11,"nem","nem"
"D","20","HU","7020212660","2021","2","HU","7043036645","HU","7043036731",6729882,"E","",11,"nem","nem"
"D","20","HU","7043049492","2021","1","HU","7043042271","HU","7043041762","","E","",11,"nem","nem"
"D","20","HU","7043049421","2021","2","HU","7043042271","HU","7043042721","","a","",11,"nem","nem"
"D","20","HU","7025066741","2016","2","","","","","","E","",11,"nem","nem"
"D","20","HU","7025066895","2016","2","","","","",6722548,"E","",11,"nem","nem"
"D","20","HU","7019145380","2021","1","HU","7019143177","HU","7019123160","","k","",11,"nem","nem"
"D","20","HU","7025090634","2021","1","HU","7049061900","HU","7050062745","","E","",11,"nem","nem"
"D","20","HU","7025090650","2021","1","HU","7050079752","HU","7050063212","","E","",11,"nem","nem"
"D","20","HU","7025090832","2021","1","HU","7050079752","HU","7050078339","","E","",11,"nem","nem"
"D","20","HU","7025090902","2021","2","HU","7049061900","HU","7050085544",4665472,"B",1,11,"nem","igen"
"D","2001","HU","7025091015","2021","1","HU","7049061900","HU","7050086516","","E","",11,"nem","nem"
"D","20","HU","7020219191","2022","2","HU","7019135721","HU","7043025634","","b",2,11,"nem","nem"
"D","20","HU","7049082439","2022","1","HU","7019135552","HU","7049070724","","E","",11,"nem","nem"
"D","20","HU","7067044536","2022","2","HU","7067030858","HU","7019127065","","a",3,11,"nem","nem"
"D","20","HU","7067044383","2022","2","HU","7067030858","HU","7019127218",6737115,"A",1,11,"nem","igen"
"D","20","HU","7067044370","2022","2","HU","7067030858","HU","7019127218",6737115,"A",1,11,"nem","igen"
"D","20","HU","7067043902","2022","2","HU","7067030858","HU","7019128350",6737115,"A",2,11,"nem","igen"
"D","20","HU","7030102984","2022","1","HU","7019088106","HU","7019112120","","K","",11,"nem","nem"
"D","20","HU","7033109889","2022","2","HU","7019088106","HU","7043046217","","b","",11,"nem","nem"
"D","20","HU","7033109847","2022","1","HU","7019088106","HU","7049057756","","A","",11,"nem","nem"
"D","20","HU","7043049744","2022","1","HU","7043035628","HU","7043033811","","k","",11,"nem","nem"
"D","20","HU","7043049728","2022","2","HU","7043035628","HU","7043035347","","a","",11,"nem","nem"
"D","20","HU","7043049898","2022","1","HU","7043035628","HU","7043042031","","a","",11,"nem","nem"
"D","2001","HU","7043051280","2022","1","HU","7043035628","HU","7043023575","","E","",11,"nem","nem"
"D","2001","HU","7043051305","2022","2","HU","7043035628","HU","7043023575","","b","",11,"nem","nem"
"D","2000","HU","7043049971","2022","1","HU","7043042271","HU","7043024419","","E","",11,"nem","nem"
"D","20","HU","7043051376","2022","2","HU","7043042271","HU","7043033259","","a","",11,"nem","nem"
"D","20","HU","7043051350","2022","1","HU","7043035628","HU","7043034883","","k","",11,"nem","nem"
"D","20","HU","7043049942","2022","1","HU","7043035628","HU","7043035657","","E","",11,"nem","nem"
"D","2000","HU","7043051334","2022","1","HU","7043042271","HU","7043042213","","k","",11,"nem","nem"
"D","20","HU","7043051459","2022","1","HU","7043042271","HU","7043023492","","E","",11,"nem","nem"
"D","20","HU","7043051503","2022","1","HU","7043035628","HU","7043042255","","k","",11,"nem","nem"
"D","20","HU","7043051491","2022","1","HU","7043035628","HU","7043042891","","E","",11,"nem","nem"
"D","20","HU","7034090326","2022","1","HU","7049071019","HU","7043042875","","x","",11,"nem","nem"
"D","20","HU","7034090269","2022","2","HU","7049071019","HU","7043044848",8800725,"A","",11,"nem","igen"
"D","20","HU","7049082145","2022","2","HU","7049070427","HU","7049028181","","B",2,11,"nem","nem"
"D","20","HU","7049082413","2022","2","HU","7049070427","HU","7049037682","","E","",11,"nem","nem"
"D","20","HU","7049082426","2022","2","HU","7049070427","HU","7049037682",7752955,"b","",11,"nem","nem"
"D","20","HU","7049082228","2022","1","HU","7049065991","HU","7049041584","","k","",11,"nem","nem"
"D","20","HU","7049082244","2022","2","HU","7049065991","HU","7049041584",4665472,"A",2,11,"nem","igen"
"D","20","HU","7049081917","2022","2","HU","7049065991","HU","7049041597",7752955,"a","",11,"nem","nem"
"D","20","HU","7049081780","2022","1","HU","7049065991","HU","7049048635","","k","",11,"nem","nem"
"D","20","HU","7049081706","2022","1","HU","7049065991","HU","7049057446","","a","",11,"nem","nem"
"D","20","HU","7049082286","2022","2","HU","7049070427","HU","7049057743","","a","",11,"nem","nem"
"D","20","HU","7049082301","2022","2","HU","7049070427","HU","7049057743",7752955,"a","",11,"nem","nem"
"D","20","HU","7049081821","2022","2","HU","7049061702","HU","7049065719","","a","",11,"nem","nem"
"D","20","HU","7049082343","2022","2","HU","7049070427","HU","7049066695","","b","",11,"nem","nem"
"D","20","HU","7049082046","2022","2","HU","7049070427","HU","7049070737",6963006,"a","",11,"nem","nem"
"D","20","HU","7049081933","2022","1","HU","7019135552","HU","7049071035","","E","",11,"nem","nem"
"D","20","HU","7049081946","2022","2","HU","7019135552","HU","7049071035","","E","",11,"nem","nem"
"D","20","HU","7067043887","2022","1","HU","7067030858","HU","7067030887",8215035,"E","",11,"nem","igen"
"D","20","HU","7025073084","2017","2","","","","","","E","",11,"nem","nem"
"D","20","HU","7025074270","2018","2","","","","","","E","",11,"nem","nem"
"D","20","HU","7025097631","2022","1","HU","7049061702","HU","7050062774","","k","",11,"nem","nem"
"D","20","HU","7025097756","2022","1","HU","7049061702","HU","7050067836",8246884,"K","",11,"nem","nem"
"D","20","HU","7025097574","2022","1","HU","7049061702","HU","7050086660","","A","",11,"nem","nem"
"D","20","HU","7067044338","2022","2","HU","7067030858","HU","7067031185","","E","",11,"nem","nem"
"D","20","HU","7032036658","2022","1","HU","7019144631","HU","7019111934","","k","",11,"nem","nem"
"D","20","HU","7032036504","2022","2","HU","7019144631","HU","7019122804","","a","",11,"nem","nem"
"D","20","HU","7032036533","2022","2","HU","7019144631","HU","7019136917","","a","",11,"nem","nem"
"D","20","HU","7032036690","2022","2","HU","7019144631","HU","7019137215","","a","",11,"nem","nem"
"D","20","HU","7083011413","2022","1","HU","7019135523","HU","7025048596","","k","",11,"nem","nem"
"D","20","HU","7083011327","2022","2","HU","7019135523","HU","7050038443","","a","",11,"nem","nem"
"D","20","HU","7083011455","2022","1","HU","7019135523","HU","7050053413","","a","",11,"nem","nem"
"D","20","HU","7083011398","2022","1","HU","7019135523","HU","7050075521","","E","",11,"nem","nem"
"D","20","HU","7083011356","2022","1","HU","7019135523","HU","7050099769","","E","",11,"nem","nem"
"D","2002","HU","7083011471","2022","1","HU","7019135523","HU","7081009177","","E","",11,"nem","nem"
"D","20","HU","7043051743","2022","2","HU","7043035628","HU","7043033316","","b","",11,"nem","nem"
"D","20","HU","7043051813","2022","1","HU","7043042271","HU","7043033374","","E","",11,"nem","nem"
"D","20","HU","7043051756","2022","1","HU","7043035628","HU","7043041762","","x","",11,"nem","nem"
"D","20","HU","7043051730","2022","1","HU","7043035628","HU","7043042721","","k","",11,"nem","nem"
"D","20","HU","7025093538","2022","1","HU","7049061900","HU","7050062745","","k","",11,"nem","nem"
"D","20","HU","7025092933","2022","1","HU","7049061900","HU","7050063142","","k","",11,"nem","nem"
"D","20","HU","7025092946","2022","2","HU","7049061900","HU","7050063212",4665472,"B",1,11,"nem","igen"
"D","2001","HU","7025097475","2022","2","HU","7049061900","HU","7050085320","","E","",11,"nem","nem"
"D","20","HU","7025092892","2022","1","HU","7049061900","HU","7050085531","","E","",11,"nem","nem"
"D","20","HU","7043051970","2022","2","HU","7043042271","HU","7043045852","","a","",11,"nem","nem"
"D","20","HU","7043052153","2022","2","HU","7043042271","HU","7043033569",6964151,"a","",11,"nem","nem"
"D","20","HU","7043052265","2022","1","HU","7043042271","HU","7043045513","","E","",11,"nem","nem"
"D","20","HU","7019149508","2022","2","HU","7019144628","HU","7019092194","","E","",11,"nem","nem"
"D","20","HU","7019145591","2022","1","HU","7019144628","HU","7019112104",7752955,"A","",11,"nem","nem"
"D","20","HU","7019149540","2022","2","HU","7019136988","HU","7019123300","","a","",11,"nem","nem"
"D","20","HU","7019149579","2022","2","HU","7019136988","HU","7019123342","","E","",11,"nem","nem"
"D","20","HU","7019149524","2022","2","HU","7019136988","HU","7019135297","","E","",11,"nem","nem"
"D","20","HU","7019149607","2022","2","HU","7019136988","HU","7019140327",7752955,"a","",11,"nem","nem"
"D","20","HU","7034090412","2022","2","HU","7049071019","HU","7043045498",8800725,"B","",11,"nem","igen"
"D","20","HU","7043052210","2022","2","HU","7043042271","HU","7043045881","","b","",11,"nem","nem"
"D","20","HU","7083009980","2022","1","HU","7050085627","HU","7049065975","","K","",11,"nem","nem"
"D","20","HU","7083011244","2022","1","HU","7050085627","HU","7049066244","","k","",11,"nem","nem"
"D","20","HU","7083011187","2022","1","HU","7050085627","HU","7049070414","","k","",11,"nem","nem"
"D","20","HU","7049088758","2023","2","HU","7067031028","HU","7049041584",4455950,"a","",11,"nem","nem"
"D","20","HU","7083011893","2022","1","HU","7049070849","HU","7049070571","","E","",11,"nem","nem"
"D","20","HU","7083011864","2022","2","HU","7049070849","HU","7049070881","","B","",11,"nem","nem"
"D","201","HU","7083011822","2022","1","HU","7049070849","HU","7077010631","","E","",11,"nem","nem"
"D","20","HU","7049082509","2022","1","HU","7049061702","HU","7049061799","","a","",11,"nem","nem"
"D","20","HU","7025077541","2022","2","HU","7050087702","HU","7025066895","","b","",11,"nem","nem"
"D","20","HU","7025077583","2022","2","HU","7050087702","HU","7025082006","","b","",11,"nem","nem"
"D","20","HU","7049088688","2023","1","HU","7067031028","HU","7049076337","","E","",11,"nem","nem"
"D","20","HU","7049088224","2023","2","HU","7067031028","HU","7049076663","","E","",11,"nem","nem"
"D","202","HU","7020223936","2023","1","HU","7019135721","HU","7020212686","","E","",11,"nem","nem"
"D","20","HU","7020223783","2023","2","HU","7019135721","HU","7043025634","","E","",11,"nem","nem"
"D","20","HU","7020223837","2023","1","HU","7019135721","HU","7043034403","","k","",11,"nem","nem"
"D","20","HU","7067055662","2023","1","HU","7067031367","HU","7019082890",4445146,"K","",11,"nem","nem"
"D","20","HU","7067044060","2023","1","HU","7067031367","HU","7019127065",8215035,"E","",11,"nem","igen"
"D","20","HU","7067044044","2023","1","HU","7067031367","HU","7019127065",8215035,"E","",11,"nem","igen"
"D","20","HU","7067044002","2023","1","HU","7067031367","HU","7067031309",8215035,"A","",11,"nem","igen"
"D","20","HU","7033114485","2023","1","HU","7030102939","HU","7030103013","","E","",11,"nem","nem"
"D","20","HU","7019124004","2023","2","HU","7049076650","HU","7019145489","","b","",11,"nem","nem"
"D","20","HU","7019123764","2023","1","HU","7067044817","HU","7049076085","","k","",11,"nem","nem"
"D","20","HU","7019123751","2023","1","HU","7049062448","HU","7049076171","","k","",11,"nem","nem"
"D","20","HU","7019124033","2023","2","HU","7049062448","HU","7049071374","","b","",11,"nem","nem"
"D","201","HU","7083014870","2023","2","HU","7049070849","HU","7077010631","","E","",11,"nem","nem"
"D","201","HU","7083014896","2023","2","HU","7049070849","HU","7077010660","","E","",11,"nem","nem"
"D","20","HU","7083015293","2023","1","HU","7050085627","HU","7049076605","","k","",11,"nem","nem"
"D","20","HU","7033114360","2023","2","HU","7030102939","HU","7049057462",1244991,"A","",11,"nem","igen"
"D","20","HU","7033114331","2023","2","HU","7030102939","HU","7049066260",1244991,"A","",11,"nem","igen"
"D","20","HU","7034095475","2023","1","HU","7043035628","HU","7049061939",1280689,"K","",11,"nem","nem"
"D","20","HU","7043054803","2023","2","HU","7049076410","HU","7043035644",6962278,"a","",11,"nem","nem"
"D","20","HU","7043054618","2023","1","HU","7049076410","HU","7043040790","","E","",11,"nem","nem"
"D","20","HU","7043054829","2023","2","HU","7043042271","HU","7043042156",6981817,"a","",11,"nem","igen"
"D","2000","HU","7043054548","2023","2","HU","7043042271","HU","7043042213",1318221,"B","",11,"nem","igen"
"D","20","HU","7043054337","2023","1","HU","7049076410","HU","7043043537","","E","",11,"nem","nem"
"D","20","HU","7043054634","2023","1","HU","7049076410","HU","7043044835","","E","",11,"nem","nem"
"D","20","HU","7049088266","2023","1","HU","7049068978","HU","7049048693","","k","",11,"nem","nem"
"D","20","HU","7049088381","2023","1","HU","7049068978","HU","7049057686","","k","",11,"nem","nem"
"D","20","HU","7049088394","2023","2","HU","7049068978","HU","7049057686",6977948,"a","",11,"nem","igen"
"D","20","HU","7049088352","2023","2","HU","7049068978","HU","7049062000","","a","",11,"nem","nem"
"D","20","HU","7049088097","2023","1","HU","7049068978","HU","7049065719","","a","",11,"nem","nem"
"D","20","HU","7049088589","2023","2","HU","7049068978","HU","7049065777",6977948,"a","",11,"nem","igen"
"D","20","HU","7049088592","2023","2","HU","7049068978","HU","7049065777","","a","",11,"nem","nem"
"D","20","HU","7049088662","2023","1","HU","7049068978","HU","7049066046","","a","",11,"nem","nem"
"D","20","HU","7067056887","2023","2","HU","7067044817","HU","7083003111",6655815,"a",1,11,"nem","igen"
"D","20","HU","7019153286","2023","2","HU","7049062448","HU","7019135367","","a","",11,"nem","nem"
"D","20","HU","7019153161","2023","2","HU","7049076650","HU","7019140442",7752955,"a","",11,"nem","nem"
"D","20","HU","7019153260","2023","2","HU","7049076650","HU","7019140752",7752955,"a","",11,"nem","nem"
"D","20","HU","7019123524","2023","2","HU","7049062448","HU","7019135309","","a","",11,"nem","nem"
"D","20","HU","7019153413","2023","2","HU","7049076650","HU","7019140327",7752955,"a","",11,"nem","nem"
"D","20","HU","7034087090","2023","1","HU","7049071019","HU","7034090269","","a","",11,"nem","nem"
"D","20","HU","7034087230","2023","2","","","","",8800725,"E","",11,"nem","igen"
"D","20","HU","7083017828","2024","1","HU","7083003038","HU","7025048583",6977948,"A","",11,"igen","igen"
"D","20","HU","7083017691","2024","1","HU","7083003038","HU","7050075422","","k","",11,"nem","nem"
"D","20","HU","7083017860","2024","2","HU","7083003038","HU","7083003041",7109834,"a","",11,"nem","nem"
"D","20","HU","7083017620","2024","1","HU","7083003038","HU","7083003249","","E","",11,"nem","nem"
"D","20","HU","7083017646","2024","1","HU","7083003038","HU","7083006466","","k","",11,"nem","nem"
"D","20","HU","7083015673","2023","2","HU","7083006297","HU","7019123230","","a","",11,"nem","nem"
"D","20","HU","7083015532","2023","1","HU","7083006297","HU","7083006565","","E","",11,"nem","nem"
"D","20","HU","7025097868","2023","2","","","","","","b","",11,"nem","nem"
"D","20","HU","7025101255","2023","2","","","","","","E","",11,"nem","nem"
"D","2000","HU","7025101213","2023","2","","","","","","E","",11,"nem","nem"
"D","20","HU","7025101396","2023","1","HU","7043036645","HU","7025090915",4665472,"K","",11,"nem","igen"
"D","20","HU","7025100890","2023","1","","","","","","E","",11,"nem","nem"
"D","20","HU","7025101507","2023","2","","","","","","E","",11,"nem","nem"
"D","20","HU","7025101044","2023","2","","","","","","E","",11,"nem","nem"
"D","20","HU","7025101057","2023","1","","","","","","E","",11,"nem","nem"
"D","2001","HU","7025101536","2023","2","","","","","","E","",11,"nem","nem"
"D","2000","HU","7025101453","2023","1","","","","","","E","",11,"nem","nem"
"D","20","HU","7025100861","2023","2","","","","","","E","",11,"nem","nem"
"D","20","HU","7025101185","2023","1","","","","","","E","",11,"nem","nem"
"D","20","HU","7025101060","2023","2","","","","","","E","",11,"nem","nem"
"D","20","HU","7049093242","2024","2","HU","7067031028","HU","7049037682","","b","",11,"nem","nem"
"D","20","HU","7049093031","2024","2","HU","7067031028","HU","7049041584",7114652,"a","",11,"nem","nem"
"D","20","HU","7049092874","2024","1","HU","7049065991","HU","7049062464","","k","",11,"nem","nem"
"D","20","HU","7033114513","2024","2","HU","7030102939","HU","7030103013","","a","",11,"nem","nem"
"D","20","HU","7033120970","2024","1","HU","7030102939","HU","7033109863","","E","",11,"nem","nem"
"D","20","HU","7033114500","2024","2","HU","7030102939","HU","7033109904",1244991,"a","",11,"nem","igen"
"D","20","HU","7049092407","2024","2","HU","7049065991","HU","7049065777",1145467,"a","",11,"nem","nem"
"D","20","HU","7049093060","2024","1","HU","7019135552","HU","7049066046",1189160,"A","",11,"igen","nem"
"D","20","HU","7049092481","2024","1","HU","7049065991","HU","7049066851","","a","",11,"nem","nem"
"D","20","HU","7049092522","2024","1","HU","7019135552","HU","7049070724","","k","",11,"nem","nem"
"D","20","HU","7049092535","2024","1","HU","7019135552","HU","7049070724","","k","",11,"nem","nem"
"D","20","HU","7049092465","2024","2","HU","7067031028","HU","7049071259",1145467,"a","",11,"nem","igen"
"D","20","HU","7049092647","2024","2","HU","7067031028","HU","7049076478","","a","",11,"nem","nem"
"D","20","HU","7049092580","2024","1","HU","7019135552","HU","7049081636","","k","",11,"nem","nem"
"D","20","HU","7049093185","2024","2","HU","7067031028","HU","7049082088",1145467,"a","",11,"nem","nem"
"D","20","HU","7049092957","2024","1","HU","7019135552","HU","7049082202","","a","",11,"nem","nem"
"D","20","HU","7067044114","2023","2","HU","7067030858","HU","7019128079",6737115,"A","",11,"nem","igen"
"D","20","HU","7067044213","2023","2","HU","7067030858","HU","7019128079",6737115,"A","",11,"nem","igen"
"D","20","HU","7067055620","2023","1","HU","7067030858","HU","7067030791",4506308,"K","",11,"nem","nem"
"D","20","HU","7067044198","2023","1","HU","7067030858","HU","7067031143","","K","",11,"nem","nem"
"D","20","HU","7067044101","2023","2","HU","7067030858","HU","7067031242",6737115,"A","",11,"nem","igen"
"D","20","HU","7091000124","2023","1","HU","7049076410","HU","7043047742","","E","",11,"nem","nem"
"D","20","HU","7091000108","2023","1","HU","7049076410","HU","7043047908","","E","",11,"nem","nem"
"D","2000","HU","7091000054","2023","2","HU","7049076410","HU","7043047937","","E","",11,"nem","nem"
"D","20","HU","7091000083","2023","1","HU","7049076410","HU","7043049054","","E","",11,"nem","nem"
"D","20","HU","7091000306","2023","1","HU","7049076410","HU","7043041902","","a","",11,"nem","nem"
"D","20","HU","7091000319","2023","1","HU","7049076410","HU","7043046163","","E","",11,"nem","nem"
"D","20","HU","7034098902","2024","2","HU","7049071019","HU","7034090412","","E","",11,"nem","nem"
"D","20","HU","7020223978","2024","1","HU","7019135721","HU","7020212657","","k","",11,"nem","nem"
"D","20","HU","7020228522","2024","2","HU","7019135721","HU","7020212813","","b","",11,"nem","nem"
"D","20","HU","7020228506","2024","2","HU","7019135721","HU","7020219159","","b","",11,"nem","nem"
"D","20","HU","7020223725","2024","2","HU","7019135721","HU","7043036421","","b","",11,"nem","nem"
"D","20","HU","7020223949","2024","1","HU","7019135721","HU","7043037125",6729882,"E","",11,"nem","nem"
"D","20","HU","7020223952","2024","2","HU","7019135721","HU","7043037125","","x","",11,"nem","nem"
"D","20","HU","7083018225","2024","1","HU","7049081607","HU","7049070881",9945276,"K","",11,"nem","nem"
"D","2001","HU","7083018113","2024","1","HU","7049081607","HU","7083011880","","E","",11,"nem","nem"
"D","20","HU","7034095602","2024","2","HU","7043035628","HU","7019123131",6809825,"b","",11,"nem","igen"
"D","20","HU","7034095561","2024","1","HU","7043035628","HU","7049061939","","a","",11,"nem","nem"
"D","20","HU","7067055956","2024","1","HU","7067043931","HU","7067030861",8215035,"E","",11,"nem","igen"
"D","20","HU","7020228353","2024","1","HU","7019135721","HU","7043037084","","E","",11,"nem","nem"
"D","20","HU","7034098803","2024","2","HU","7049071019","HU","7043045427","","a","",11,"nem","nem"
"D","20","HU","7067055688","2023","1","HU","7067031367","HU","7067044721","","E","",11,"nem","nem"
"D","20","HU","7034090610","2024","2","HU","7049070894","HU","7043046275",6860033,"a","",11,"nem","igen"
"D","20","HU","7067059723","2024","2","HU","7049062448","HU","7067056890",6655815,"a","",11,"nem","igen"
"D","2002","HU","7067059666","2024","2","HU","7049062448","HU","7067056858",6655815,"E","",11,"nem","igen"
"D","20","HU","7067059640","2024","2","HU","7049062448","HU","7067056928",6655815,"a","",11,"nem","igen"
"D","20","HU","7067055985","2024","1","HU","7067031367","HU","7019056286",7009983,"K","",11,"nem","nem"
"D","20","HU","7067056113","2024","2","HU","7067031367","HU","7019076699",6737115,"a","",11,"nem","igen"
"D","20","HU","7067056001","2024","2","HU","7067031367","HU","7019083479",6737115,"b","",11,"nem","igen"
"D","20","HU","7067056098","2024","1","HU","7067031367","HU","7067031086",8215035,"a","",11,"nem","igen"
"D","20","HU","7091000153","2023","1","HU","7049076410","HU","7043033374","","E","",11,"nem","nem"
"D","20","HU","7091004045","2024","2","HU","7030103000","HU","7043052038","","b","",11,"nem","nem"
"D","20","HU","7091004425","2024","2","HU","7030103000","HU","7043049856","","E","",11,"nem","nem"
"D","20","HU","7034102807","2025","1","HU","7043035628","HU","7049081847",6809825,"k","",11,"nem","igen"
"D","2000","HU","7025104654","2025","1","HU","7083003038","HU","7025090829",4665472,"x","",11,"nem","igen"
"D","20","HU","7025104810","2025","2","HU","7050079752","HU","7025090902",4665472,"x","",11,"nem","igen"
"D","20","HU","7025104670","2025","2","HU","7050079752","HU","7025090915",4665472,"x","",11,"nem","igen"
"D","20","HU","7025104597","2025","1","HU","7083003038","HU","7025092946",4665472,"x","",11,"nem","igen"
"D","20","HU","7025104737","2025","2","HU","7050079752","HU","7049081920",4665472,"x","",11,"nem","igen"
"D","20","HU","7025104513","2025","2","HU","7050079752","HU","7049081975",4665472,"x","",11,"nem","igen"
"D","20","HU","7025104919","2025","2","HU","7050079752","HU","7049082314",4665472,"x","",11,"nem","igen"
"D","20","HU","7025104386","2025","1","HU","7083003038","HU","7050063155",4665472,"x","",11,"nem","igen"
"D","20","HU","7033121195","2025","2","HU","7049088576","HU","7033114360",1244991,"a","",11,"nem","igen"
"D","20","HU","7049093482","2025","2","HU","7049088857","HU","7049048635","","a","",11,"nem","nem"
"D","20","HU","7049093424","2025","1","HU","7049088857","HU","7049066132","","a","",11,"nem","nem"
"D","20","HU","7049097217","2025","2","HU","7067031028","HU","7049071262","","a","",11,"nem","nem"
"D","20","HU","7049093549","2025","2","HU","7067031028","HU","7049082075","","a","",11,"nem","nem"
"D","20","HU","7067056340","2024","1","HU","7067031367","HU","7067044578",8215035,"k","",11,"nem","igen"
"D","20","HU","7067056449","2024","1","HU","7067031367","HU","7067044721",8215035,"A","",11,"nem","igen"
"D","20","HU","7067056296","2024","2","HU","7067031367","HU","7019128165",6737115,"a","",11,"nem","igen"
"D","20","HU","7067056308","2024","2","HU","7067031367","HU","7019128165",6737115,"a","",11,"nem","igen"
"D","20","HU","7067056395","2024","2","HU","7067031367","HU","7067031309",6737115,"a","",11,"nem","igen"
"D","20","HU","7034098816","2025","2","HU","7034087003","HU","7034086820",8800725,"a","",11,"nem","igen"
"D","20","HU","7034099015","2025","1","HU","7034087003","HU","7034086888",8800725,"a","",11,"nem","igen"
"D","20","HU","7034099060","2025","2","HU","7034087003","HU","7034087214",8800725,"a","",11,"nem","igen"
"D","20","HU","7034099057","2025","2","HU","7034087003","HU","7034087214",8800725,"a","",11,"nem","igen"
"D","20","HU","7034099073","2025","1","HU","7034087003","HU","7034090412","","k","",11,"nem","nem"
"D","20","HU","7034099156","2025","2","HU","7034087003","HU","7043045654",8800725,"a","",11,"nem","igen"
"D","20","HU","7083020604","2025","2","HU","7049081889","HU","7049065748",6690319,"a","",11,"nem","igen"
"D","20","HU","7083020448","2025","1","HU","7049081889","HU","7049065920","","a","",11,"nem","nem"
"D","20","HU","7083020518","2025","1","HU","7049081889","HU","7049065920","","a","",11,"nem","nem"
"D","20","HU","7083020378","2025","2","HU","7049081889","HU","7083006888",6690319,"b","",11,"nem","igen"
"D","20","HU","7083020349","2025","1","HU","7049081889","HU","7083015277","","k","",11,"nem","nem"
"D","20","HU","7083020659","2025","1","HU","7067055659","HU","7083011918",6673952,"k","",11,"nem","igen"
"D","20","HU","7083020899","2025","2","HU","7067055659","HU","7083011918",7120570,"a","",11,"nem","nem"
"D","20","HU","7083021001","2025","2","HU","7049081607","HU","7083015008",6673952,"a","",11,"nem","igen"
"D","20","HU","7091004892","2025","1","HU","7049076410","HU","7043024451","","a","",11,"nem","nem"
"D","20","HU","7091005033","2025","2","HU","7030103000","HU","7043033259",1318221,"a","",11,"nem","igen"
"D","20","HU","7091004652","2025","2","HU","7049076410","HU","7043034883","","b","",11,"nem","nem"
"D","20","HU","7091004722","2025","2","HU","7049076410","HU","7043035277","","a","",11,"nem","nem"
"D","20","HU","7091004805","2025","1","HU","7049076410","HU","7043035347","","a","",11,"nem","nem"
"D","20","HU","7091004818","2025","1","HU","7049076410","HU","7043035347","","a","",11,"nem","nem"
"D","20","HU","7091005020","2025","1","HU","7030103000","HU","7043035772","","E","",11,"nem","nem"
"D","20","HU","7091004678","2025","2","HU","7049076410","HU","7043044835","","a","",11,"nem","nem"
"D","20","HU","7091005132","2025","2","HU","7030103000","HU","7043044905","","a","",11,"nem","nem"
"D","20","HU","7049097499","2025","1","HU","7067031028","HU","7049048549",1145467,"K","",11,"nem","igen"
"D","20","HU","7049097486","2025","1","HU","7083015011","HU","7049088860","","k","",11,"nem","nem"
"D","20","HU","7025101804","2024","1","HU","7049061702","HU","7025079837","","E","",11,"nem","nem"
"D","20","HU","7025104344","2024","2","HU","7050079752","HU","7025093273","","a","",11,"nem","nem"
"D","20","HU","7025104188","2024","1","HU","7067044817","HU","7025097660","","a","",11,"nem","nem"
"D","20","HU","7025104063","2024","1","HU","7049061702","HU","7049076676","","k","",11,"nem","nem"
"D","20","HU","7025104373","2024","2","HU","7050079752","HU","7049081719","","a","",11,"nem","nem"
"D","20","HU","7025101961","2024","2","HU","7067044817","HU","7050067836",4665472,"a","",11,"nem","igen"
"D","20","HU","7025102144","2024","1","HU","7067044817","HU","7050085531","","k","",11,"nem","nem"
"D","20","HU","7034090636","2025","1","HU","7049088378","HU","7043046019","","k","",11,"nem","nem"
"D","20","HU","7067056593","2024","1","HU","7067031367","HU","7067044859",8215035,"k","",11,"nem","igen"
"D","20","HU","7067061764","2024","1","HU","7067031367","HU","7067031341","","x","",11,"nem","nem"
"D","20","HU","7067061579","2024","1","HU","7067031367","HU","7067044408","","x","",11,"nem","nem"
"D","20","HU","7083021014","2025","2","HU","7034090508","HU","7034095420",6981817,"b","",11,"nem","igen"
"D","20","HU","7091003945","2024","2","HU","7049076410","HU","7043023843","","a","",11,"nem","nem"
"D","20","HU","7091003974","2024","1","HU","7049076410","HU","7043033569","","x","",11,"nem","nem"
"D","20","HU","7091003776","2024","2","HU","7049076410","HU","7043035574",1318221,"a","",11,"nem","igen"
"D","20","HU","7091000447","2024","2","HU","7030103000","HU","7043041915","","x","",11,"nem","nem"
"D","20","HU","7043055028","2024","1","HU","7030103000","HU","7043042987","","k","",11,"nem","nem"
"D","20","HU","7043054845","2024","1","HU","7049076410","HU","7043044877","","k","",11,"nem","nem"
"D","20","HU","7091003862","2024","1","HU","7030103000","HU","7043047742","","x","",11,"nem","nem"
"D","20","HU","7043055073","2024","2","HU","7049076410","HU","7043049137","","x","",11,"nem","nem"
"D","20","HU","7083021225","2025","2","HU","7025097574","HU","7049088422","","E","",11,"nem","nem"
"D","20","HU","7067061511","2025","1","HU","7067031367","HU","7067031198",6963480,"a","",11,"nem","igen"
"D","20","HU","7067061524","2025","1","HU","7067031367","HU","7067031198",6737115,"a","",11,"nem","igen"
"D","20","HU","7067061409","2025","1","HU","7067031367","HU","7067043902",6737115,"a","",11,"nem","igen"
"D","20","HU","7067061467","2025","1","HU","7067031031","HU","7067044015","","a","",11,"nem","nem"
"D","20","HU","7067061470","2025","1","HU","7067031367","HU","7067044721",6737115,"a","",11,"nem","igen"
"D","20","HU","7083021436","2025","2","HU","7083015334","HU","7019111682",6880549,"b","",11,"nem","igen"
"D","20","HU","7083021535","2025","2","HU","7083015334","HU","7050099769",6880549,"a","",11,"nem","igen"
"D","20","HU","7083021481","2025","1","HU","7083015334","HU","7083006411",6963480,"a","",11,"nem","igen"
"D","20","HU","7083021382","2025","1","HU","7083015334","HU","7083006565","","K","",11,"nem","nem"
"D","20","HU","7083020633","2025","2","HU","7049081607","HU","7049066822",6673952,"a","",11,"nem","igen"
"D","20","HU","7050078681","2016","1","HU","7050063522","HU","7050063449","","x","",11,"nem","nem"
"D","20","HU","7043034557","2016","2","HU","7019077137","HU","7031020317","","b","",11,"nem","nem"
"D","20","HU","7037003732","2001","2","","","","","","E","",11,"nem","nem"
"D","20","HU","7025030450","2008","1","","","","","","B","",11,"nem","nem"
"D","20","HU","7043034630","2016","2","HU","7019077137","HU","7031019885","","b","",11,"nem","nem"
"D","20","HU","7019136777","2018","2","HU","7019111749","HU","7019092277","","b","",11,"nem","nem"
"D","20","HU","7019088333","2019","2","HU","7049041849","HU","7019091289","","x","",11,"nem","nem"
"D","20","HU","7043024097","2013","1","HU","7011014507","HU","7043021218","","E","",11,"nem","nem"
"D","20","HU","7024019414","2007","2","","","","","","B","",11,"nem","nem"
"D","2002","HU","7019088193","2018","2","HU","7049041852","HU","7019123409","","b","",11,"nem","nem"
"D","20","HU","7030038876","2010","1","","","HU","7010044851","","E","",11,"nem","nem"
"D","20","HU","7031019926","2008","2","","","","","","E","",11,"nem","nem"
"D","20","HU","7019123087","2016","2","HU","7019091771","HU","7019079689","","a","",11,"nem","nem"
"D","20","HU","7019076219","2012","1","HU","7030044556","HU","7019056330","","E","",11,"nem","nem"
"D","20","HU","7019112542","2018","1","HU","7049041852","HU","7019123201","","k","",11,"nem","nem"
"D","20","HU","7049041766","2015","1","HU","7049034506","HU","7049019651","","E","",11,"nem","nem"
"D","20","HU","7043041832","2019","2","HU","7019123722","HU","7043023559","","b","",11,"nem","nem"
"D","20","HU","7019045994","2008","2","","","","","","E","",11,"nem","nem"
"D","2013","HU","7043023070","2012","2","HU","7011014507","HU","7050017998","","E","",11,"nem","nem"
"D","20","HU","7043030298","2015","1","HU","7043025449","HU","7043025436","","k","",11,"nem","nem"
"D","20","HU","7004048128","2006","2","HU","7012005021","HU","7050009456","","B","",11,"nem","nem"
"D","20","HU","7043037828","2017","1","HU","7019067622","HU","7043020840","","E","",11,"nem","nem"
"D","20","HU","7043023038","2012","1","HU","7011014507","HU","7059006818","","E","",11,"nem","nem"
"D","20","HU","7019127698","2016","1","HU","7019055991","HU","7019053142","","k","",11,"nem","nem"
"D","20","HU","7043024448","2014","1","HU","7019067622","HU","7043021250","","E","",11,"nem","nem"
"D","20","HU","7019092082","2018","2","HU","7049041849","HU","7019112162","","b","",11,"nem","nem"
"D","2012","HU","7043020994","2011","2","HU","7011014507","HU","7050009542","","E","",11,"nem","nem"
"D","20","HU","7019123029","2016","2","HU","7019091771","HU","7019079366","","a","",11,"nem","nem"
"D","20","HU","7049041878","2016","1","HU","7043024240","HU","7049035185","","k","",11,"nem","nem"
"D","20","HU","7019076420","2012","2","HU","7030044556","HU","7019056330","","a","",11,"nem","nem"
"D","20","HU","7050085825","2017","1","HU","7050063519","HU","7050062745","","E","",11,"nem","nem"
"D","20","HU","7019076983","2012","1","HU","7030044556","HU","7019055793","","E","",11,"nem","nem"
"D","2002","HU","7019088218","2018","2","HU","7049041852","HU","7019123412","","x","",11,"nem","nem"
"D","20","HU","7043033329","2016","2","HU","7011014507","HU","7043020840",4170008,"b","",11,"nem","nem"
"D","20","HU","7010041890","2000","1","","","","","","E","",11,"nem","nem"
"D","20","HU","7043037899","2018","2","HU","7019123722","HU","7043017163","","a","",11,"nem","nem"
"D","20","HU","7030037044","2010","1","","","HU","7030024312","","E","",11,"nem","nem"
"D","20","HU","7019066791","2011","1","HU","7019048380","HU","7024023486","","E","",11,"nem","nem"
"D","20","HU","7025036849","2013","1","HU","7038021270","HU","7038020828","","E","",11,"nem","nem"
"D","20","HU","7043034560","2017","1","HU","7019077137","HU","7043030582","","k","",11,"nem","nem"
"D","20","HU","7019066957","2011","1","","","HU","7019060120","","E","",11,"nem","nem"
"D","2002","HU","7019094253","2018","2","HU","7049041852","HU","7019122776","","b","",11,"nem","nem"
"D","20","HU","7043038043","2018","1","HU","7050053497","HU","7043024109","","k","",11,"nem","nem"
"D","20","HU","7003051541","2011","2","HU","7045031242","HU","7031019843","","E","",11,"nem","nem"
"D","20","HU","7019076206","2012","1","HU","7030044556","HU","7019045754","","E","",11,"nem","nem"
"D","20","HU","7043023207","2012","1","HU","7011014507","HU","7059006946","","E","",11,"nem","nem"
"D","20","HU","7019076389","2012","2","HU","7030044556","HU","7019055962","","a","",11,"nem","nem"
"D","20","HU","7049066682","2019","1","HU","7019112133","HU","7049035172","","E","",11,"nem","nem"
"D","20","HU","7055025662","2012","2","HU","7045031242","HU","7045030689","","E","",11,"nem","nem"
"D","20","HU","7043036926","2018","2","HU","7043024208","HU","7043030342","","a","",11,"nem","nem"
"D","20","HU","7025080778","2019","2","HU","7050038401","HU","7050078227","","E","",11,"nem","nem"
"D","20","HU","7019045770","2008","2","","","","","","E","",11,"nem","nem"
"D","20","HU","7049061658","2018","2","HU","7019112133","HU","7049041625","","x","",11,"nem","nem"
"D","20","HU","7043030467","2015","2","HU","7019077137","HU","7031019942","","E","",11,"nem","nem"
"D","20","HU","7043034458","2017","1","HU","7019077137","HU","7043025634","","k","",11,"nem","nem"
"D","20","HU","7019127474","2016","1","HU","7019055991","HU","7019083354","","k","",11,"nem","nem"
"D","20","HU","7043041746","2019","2","HU","7019123722","HU","7043022909","","b","",11,"nem","nem"
"D","20","HU","7043021151","2011","1","HU","7011014507","HU","7009040620","","E","",11,"nem","nem"
"D","20","HU","7064000595","2003","1","HU","7064007691","HU","7064000397","","E","",11,"nem","nem"
"D","20","HU","7059006962","2014","1","HU","7019067622","HU","7043022941","","E","",11,"nem","nem"
"D","20","HU","7026013221","2008","2","","","","","","E","",11,"nem","nem"
"D","20","HU","7043035699","2018","2","HU","7050053497","HU","7043024349",7002582,"a","",11,"nem","nem"
"D","20","HU","7043037480","2017","1","HU","7050053497","HU","7043022912","","E","",11,"nem","nem"
"D","20","HU","7043017514","2010","1","HU","7011014268","HU","7059004551","","E","",11,"nem","nem"
"D","20","HU","7050079187","2018","2","HU","7050038401","HU","7050062758","","b","",11,"nem","nem"
"D","20","HU","7050087757","2017","1","HU","7050053512","HU","7025048596","","x","",11,"nem","nem"
"D","20","HU","7025080538","2019","1","HU","7025048710","HU","7050078946","","k","",11,"nem","nem"
"D","20","HU","7030049791","2014","1","HU","7019067495","HU","7030038904","","E","",11,"nem","nem"
"D","2001","HU","7043023728","2013","2","HU","7043021010","HU","7050004589","","E","",11,"nem","nem"
"D","2000","HU","7043024039","2013","1","HU","7011014507","HU","7043020811","","E","",11,"nem","nem"
"D","20","HU","7019067325","2012","2","HU","7019048380","HU","7019045642","","E","",11,"nem","nem"
"D","20","HU","7038021692","2010","1","HU","7021005685","HU","7039009822","","E","",11,"nem","nem"
"D","20","HU","7043025296","2013","1","HU","7045031242","HU","7031020164","","E","",11,"nem","nem"
"D","20","HU","7050079215","2018","1","HU","7050038401","HU","7050062633","","k","",11,"nem","nem"
"D","20","HU","7043033965","2016","2","HU","7019077137","HU","7043025647","","x","",11,"nem","nem"
"D","20","HU","7043030339","2015","2","HU","7019077137","HU","7031019760","","b","",11,"nem","nem"
"D","20","HU","7019126866","2016","1","HU","7019091656","HU","7019076446","","E","",11,"nem","nem"
"D","20","HU","7043033460","2016","1","HU","7011014507","HU","7043021263","","a","",11,"nem","nem"
"D","20","HU","7064000243","2003","1","HU","7064007691","HU","7064000230","","E","",11,"nem","nem"
"D","20","HU","7043035040","2016","1","HU","7050053497","HU","7043021250","","k","",11,"nem","nem"
"D","20","HU","7043033923","2016","1","HU","7019077137","HU","7043025973","","k","",11,"nem","nem"
"D","20","HU","7043023588","2013","1","HU","7011014507","HU","7059004465","","E","",11,"nem","nem"
"D","20","HU","7043044666","2019","1","HU","7050053497","HU","7043035503","","E","",11,"nem","nem"
"D","20","HU","7043031088","2015","1","HU","7011014507","HU","7043024196","","k","",11,"nem","nem"
"D","20","HU","7064000397","2000","2","","","HU","7064000227","","E","",11,"nem","nem"
"D","20","HU","7019066986","2011","1","HU","7019048377","HU","7019045613","","E","",11,"nem","nem"
"D","20","HU","7019082999","2015","1","HU","7019055991","HU","7019076615","","E","",11,"nem","nem"
"D","20","HU","7043043595","2019","1","HU","7019123722","HU","7043029753","","a","",11,"nem","nem"
"D","20","HU","7043034502","2016","1","HU","7019077137","HU","7031019760","","E","",11,"nem","nem"
"D","20","HU","7019079832","2013","1","HU","7019066410","HU","7009011419",8235019,"K","",11,"nem","nem"
"D","20","HU","7019127122","2016","1","HU","7019055991","HU","7019066270","","E","",11,"nem","nem"
"D","20","HU","7049061731","2018","2","HU","7050075550","HU","7049041641","","x","",11,"nem","nem"
"D","20","HU","7019079423","2013","1","HU","7019060542","HU","7019066692","","E","",11,"nem","nem"
"D","20","HU","7049065735","2019","1","HU","7043034755","HU","7049019648","","k","",11,"nem","nem"
"D","20","HU","7019056228","2011","1","HU","7019048418","HU","7024019472","","K","",11,"nem","nem"
"D","20","HU","7043036971","2018","2","HU","7043024208","HU","7043030582","","b","",11,"nem","nem"
"D","20","HU","7059004423","1997","2","","","","","","E","",11,"nem","nem"
"D","20","HU","7049062534","2019","2","HU","7043035206","HU","7049041597","","E","",11,"nem","nem"
"D","20","HU","7031020726","2007","2","","","","","","E","",11,"nem","nem"
"D","20","HU","7030049733","2014","1","HU","7019067495","HU","7030059404","","E","",11,"nem","nem"
"D","20","HU","7019067242","2011","1","","","HU","7019060401","","E","",11,"nem","nem"
"D","20","HU","7043037000","2018","2","HU","7043024208","HU","7043025634","","b","",11,"nem","nem"
"D","20","HU","7049035130","2014","1","","","HU","7049019718","","E","",11,"nem","nem"
"D","20","HU","7049062576","2019","1","HU","7043035206","HU","7049041584","","E","",11,"nem","nem"
"D","20","HU","7043023418","2012","2","HU","7011014507","HU","7043021078","","E","",11,"nem","nem"
"D","20","HU","7019092149","2018","2","HU","7049041852","HU","7019122594","","x","",11,"nem","nem"
"D","2001","HU","7043022954","2012","1","HU","7011014507","HU","7050004589","","E","",11,"nem","nem"
"D","20","HU","7019083073","2015","1","HU","7019055991","HU","7019053142","","k","",11,"nem","nem"
"D","20","HU","7019066704","2011","1","HU","7019048377","HU","7019045598","","E","",11,"nem","nem"
"D","20","HU","7031019997","2006","1","","","","","","B","",11,"nem","nem"
"D","20","HU","7019066027","2011","2","","","","","","E","",11,"nem","nem"
"D","20","HU","7030060738","2012","2","HU","7030048563","HU","7030024325","","E","",11,"nem","nem"
"D","20","HU","7049035057","2014","1","","","HU","7049022226","","E","",11,"nem","nem"
"D","20","HU","7030070511","2014","1","HU","7019067495","HU","7030037143","","E","",11,"nem","nem"
"D","20","HU","7019135578","2019","1","HU","7049041782","HU","7019112063","","E","",11,"nem","nem"
"D","20","HU","7019076123","2013","1","HU","7030044556","HU","7019053056","","E","",11,"nem","nem"
"D","20","HU","7030049410","2011","1","HU","7030042190","HU","7030024312","","K","",11,"nem","nem"
"D","20","HU","7019111992","2015","1","HU","7019079197","HU","7019048319","","k","",11,"nem","nem"
"D","20","HU","7019055962","2010","2","","","HU","7019052985","","B","",11,"nem","nem"
"D","20","HU","7050099516","2019","2","HU","7019123579","HU","7050053567","","E","",11,"nem","nem"
"D","20","HU","7043037815","2017","1","HU","7019067622","HU","7043020840","","E","",11,"nem","nem"
"D","20","HU","7019127643","2016","2","HU","7019055991","HU","7019082618","","b","",11,"nem","nem"
"D","20","HU","7019082829","2015","1","HU","7019055991","HU","7019053014","","k","",11,"nem","nem"
"D","20","HU","7019088908","2019","1","HU","7019135213","HU","7019135268","","x","",11,"nem","nem"
"D","20","HU","7019091362","2014","1","HU","7025030450","HU","7028010648","","B","",11,"nem","nem"
"D","20","HU","7050075451","2016","1","HU","7050053512","HU","7050037174","","k","",11,"nem","nem"
"D","20","HU","7043023447","2015","1","HU","7019067622","HU","7050008088","","E","",11,"nem","nem"
"D","20","HU","7019088445","2019","2","HU","7049041782","HU","7019111947","","x","",11,"nem","nem"
"D","20","HU","7049057714","2017","2","HU","7019112133","HU","7049028181","","b","",11,"nem","nem"
"D","20","HU","7019060191","2010","1","HU","7019048377","HU","7024023486","","E","",11,"nem","nem"
"D","20","HU","7050053596","2014","2","HU","7050038399","HU","7050044280","","E","",11,"nem","nem"
"D","202","HU","7019112414","2018","1","HU","7049041852","HU","7019123090","","E","",11,"nem","nem"
"D","20","HU","7049035143","2014","1","","","HU","7049028181","","E","",11,"nem","nem"
"D","20","HU","7025026756","2012","1","HU","7038006057","HU","7008077504","","E","",11,"nem","nem"
"D","20","HU","7031020250","2000","2","","","","","","E","",11,"nem","nem"
"D","20","HU","7019067479","2012","1","HU","7019048380","HU","7019045684","","E","",11,"nem","nem"
"D","20","HU","7043037055","2018","2","HU","7043024208","HU","7043030537","","b","",11,"nem","nem"
"D","20","HU","7051041950","2016","1","HU","7019082647","HU","7051036817","","k","",11,"nem","nem"
"D","20","HU","7049037679","2014","1","HU","7043023504","HU","7049019635","","E","",11,"nem","nem"
"D","20","HU","7049041654","2015","1","HU","7049034506","HU","7049019693","","E","",11,"nem","nem"
"D","20","HU","7019076110","2013","2","HU","7030044556","HU","7019053056","","E","",11,"nem","nem"
"D","20","HU","7026032307","2013","2","HU","7046022401","HU","7046023895","","E","",11,"nem","nem"
"D","20","HU","7043033501","2016","1","HU","7050053497","HU","7043021276","","k","",11,"nem","nem"
"D","20","HU","7019136863","2018","2","HU","7049041782","HU","7019079689","","a","",11,"nem","nem"
"D","20","HU","7019092011","2018","2","HU","7019111749","HU","7019111934","","b","",11,"nem","nem"
"D","20","HU","7019067734","2012","2","HU","7019048377","HU","7019045626","","E","",11,"nem","nem"
"D","20","HU","7030024453","2007","2","","","","","","E","",11,"nem","nem"
"D","20","HU","7019060315","2010","1","HU","7019048364","HU","7019048348","","E","",11,"nem","nem"
"D","20","HU","7019091627","2018","1","HU","7049041782","HU","7019088049","","k","",11,"nem","nem"
"D","20","HU","7043036687","2019","2","HU","7043024240","HU","7043030201","","E","",11,"nem","nem"
"D","20","HU","7043030933","2015","1","HU","7019067622","HU","7043023926","","E","",11,"nem","nem"
"D","20","HU","7019127502","2016","1","HU","7019091656","HU","7019053014","","K","",11,"nem","nem"
"D","20","HU","7019088375","2019","2","HU","7049041782","HU","7019092264","","x","",11,"nem","nem"
"D","20","HU","7003051343","2011","1","HU","7045031242","HU","7031019968","","E","",11,"nem","nem"
"D","201","HU","7050087182","2018","1","HU","7050038401","HU","7050078016","","E","",11,"nem","nem"
"D","20","HU","7025037118","2014","1","HU","7038020873","HU","7025026699","","E","",11,"nem","nem"
"D","20","HU","7043023939","2013","1","HU","7011014507","HU","7043021221","","E","",11,"nem","nem"
"D","20","HU","7043033613","2016","1","HU","7050053497","HU","7043020402","","k","",11,"nem","nem"
"D","20","HU","7030060569","2012","1","HU","7030048563","HU","7030024507","","E","",11,"nem","nem"
"D","20","HU","7050099657","2019","2","HU","7019123579","HU","7050075758","","b","",11,"nem","nem"
"D","20","HU","7050099574","2019","1","HU","7019123579","HU","7050075732","","k","",11,"nem","nem"
"D","20","HU","7019088515","2019","1","HU","7049041782","HU","7019122651","","x","",11,"nem","nem"
"D","20","HU","7019055834","2010","2","","","HU","7019053069","","E","",11,"nem","nem"
"D","20","HU","7065016753","2019","1","HU","7019091656","HU","7049048594","","k","",11,"nem","nem"
"D","20","HU","7051036804","2014","1","HU","7019056327","HU","7051033380","","E","",11,"nem","nem"
"D","20","HU","7043036942","2018","2","HU","7043024208","HU","7043030508","","a","",11,"nem","nem"
"D","20","HU","7049041836","2016","1","HU","7043024240","HU","7049034957","","K","",11,"nem","nem"
"D","20","HU","7000029819","1994","2","","","","","","E","",11,"nem","nem"
"D","20","HU","7019127193","2016","1","HU","7019055991","HU","7019097553","","k","",11,"nem","nem"
"D","2012","HU","7043023223","2012","1","HU","7011014507","HU","7050009542","","E","",11,"nem","nem"
"D","20","HU","7050094850","2018","1","HU","7019123269","HU","7025048682","","a","",11,"nem","nem"
"D","20","HU","7043040758","2018","2","HU","7050053497","HU","7043033316","","E","",11,"nem","nem"
"D","20","HU","7019076264","2012","1","HU","7030044556","HU","7019056075","","E","",11,"nem","nem"
"D","20","HU","7043017527","2010","1","HU","7011014268","HU","7059004551","","E","",11,"nem","nem"
"D","20","HU","7019066647","2011","1","HU","7019048377","HU","7019045671","","E","",11,"nem","nem"
"D","20","HU","7025036795","2013","1","HU","7038020873","HU","7038020815","","E","",11,"nem","nem"
"D","20","HU","7019076673","2012","1","HU","7019055991","HU","7019045725","","E","",11,"nem","nem"
"D","20","HU","7043041928","2018","1","HU","7019123722","HU","7043033288","","k","",11,"nem","nem"
"D","20","HU","7030044556","2007","1","","","","","","B","",11,"nem","nem"
"D","20","HU","7026071672","2018","1","","","RO","2560977704","","B","",11,"nem","nem"
"D","20","HU","7043043607","2019","1","HU","7019123722","HU","7043030681","","k","",11,"nem","nem"
"D","20","HU","7019055946","2010","1","HU","7019052969","HU","7019053014","","B","",11,"nem","nem"
"D","20","HU","7050078793","2016","1","HU","7050038401","HU","7050062646","","E","",11,"nem","nem"
"D","20","HU","7019079676","2013","1","HU","7025030450","HU","7009011279","","E","",11,"nem","nem"
"D","20","HU","7043023702","2013","2","HU","7011014507","HU","7043020910","","E","",11,"nem","nem"
"D","2001","HU","7043024068","2013","1","HU","7043020879","HU","7043020840","","E","",11,"nem","nem"
"D","2001","HU","7043033358","2016","2","HU","7011014507","HU","7043020840","","b","",11,"nem","nem"
"D","20","HU","7043030173","2015","1","HU","7043025449","HU","7003051567","","k","",11,"nem","nem"
"D","20","HU","7019088263","2019","2","HU","7019135213","HU","7019079296","","x","",11,"nem","nem"
"D","20","HU","7003051257","2010","1","","","HU","7031020528","","E","",11,"nem","nem"
"D","20","HU","7019066717","2011","1","HU","7019048380","HU","7028010622","","E","",11,"nem","nem"
"D","20","HU","7043044330","2019","1","HU","7043024208","HU","7043034742","","a","",11,"nem","nem"
"D","20","HU","7030049762","2014","1","HU","7019067495","HU","7030060767","","E","",11,"nem","nem"
"D","2002","HU","7019137116","2018","2","HU","7049041852","HU","7019123397","","E","",11,"nem","nem"
"D","20","HU","7025079910","2019","1","HU","7050063519","HU","7050077987","","E","",11,"nem","nem"
"D","20","HU","7043020882","2011","1","HU","7011014507","HU","7043017316","","E","",11,"nem","nem"
"D","20","HU","7043023799","2013","1","HU","7011014507","HU","7043021135","","E","",11,"nem","nem"
"D","20","HU","7019066902","2011","1","HU","7019048380","HU","7024019414","","K","",11,"nem","nem"
"D","20","HU","7019122846","2016","1","HU","7019091771","HU","7019067156","","E","",11,"nem","nem"
"D","20","HU","7038021366","2011","2","HU","7038006057","HU","7008077377","","E","",11,"nem","nem"
"D","20","HU","7012005021","2002","1","","","","","","A","",11,"nem","nem"
"D","20","HU","7067030762","2018","2","HU","7019082973","HU","7019127304",4739104,"E","",11,"nem","nem"
"D","20","HU","7019127630","2016","2","HU","7019055991","HU","7019082618","","b","",11,"nem","nem"
"D","20","HU","7043037802","2017","2","HU","7050053497","HU","7043023885","","b","",11,"nem","nem"
"D","20","HU","7019088320","2019","2","HU","7050087728","HU","7019091247","","x","",11,"nem","nem"
"D","20","HU","7050094847","2018","2","HU","7019123579","HU","7050075716",8994963,"b","",11,"nem","nem"
"D","20","HU","7049065962","2019","1","HU","7019112133","HU","7049057181","","E","",11,"nem","nem"
"D","20","HU","7019079647","2013","1","HU","7019066410","HU","7019046502","","E","",11,"nem","nem"
"D","201","HU","7050053439","2014","1","HU","7050038399","HU","7025030405","","","",11,"nem","nem"
"D","20","HU","7043034180","2017","1","HU","7043024208","HU","7043030115","","k","",11,"nem","nem"
"D","20","HU","7019127205","2016","1","HU","7019055991","HU","7019077070","","E","",11,"nem","nem"
"D","20","HU","7003051497","2011","1","HU","7045031242","HU","7003051314","","E","",11,"nem","nem"
"D","20","HU","7019128152","2018","1","HU","7019091656","HU","7019076660","","K","",11,"nem","nem"
"D","20","HU","7049057590","2017","1","HU","7019112133","HU","7049041737","","k","",11,"nem","nem"
"D","20","HU","7030056782","2011","2","","","","","","E","",11,"nem","nem"
"D","20","HU","7038021311","2011","1","HU","7038006057","HU","7037003828","","E","",11,"nem","nem"
"D","20","HU","7043040901","2018","2","HU","7050053497","HU","7043021221","","b","",11,"nem","nem"
"D","20","HU","7019079535","2013","1","HU","7019060542","HU","7019048335","","E","",11,"nem","nem"
"D","20","HU","7049062518","2019","2","HU","7043035206","HU","7049041737","","E","",11,"nem","nem"
"D","20","HU","7043041999","2018","1","HU","7050053497","HU","7043023715","","a","",11,"nem","nem"
"D","202","HU","7019112047","2018","1","HU","7049041849","HU","7019123016","","E","",11,"nem","nem"
"D","20","HU","7019091838","2018","1","HU","7019111749","HU","7019091247","","a","",11,"nem","nem"
"D","20","HU","7049062097","2018","1","HU","7049048820","HU","7049041737","","E","",11,"nem","nem"
"D","20","HU","7049057673","2017","1","HU","7019112133","HU","7049037653","","E","",11,"nem","nem"
"D","20","HU","7050077961","2016","2","HU","7050038401","HU","7050063155","","E","",11,"nem","nem"
"D","20","HU","7025079981","2019","1","HU","7050038401","HU","7050085586","","k","",11,"nem","nem"
"D","20","HU","7049048833","2016","1","HU","7049034506","HU","7049022226","","k","",11,"nem","nem"
"D","20","HU","7043034122","2016","1","HU","7043024208","HU","7045030410","","E","",11,"nem","nem"
"D","20","HU","7030049072","2011","2","HU","7030042190","HU","7030024338","","E","",11,"nem","nem"
"D","20","HU","7019088867","2019","1","HU","7019135213","HU","7019135226","","x","",11,"nem","nem"
"D","20","HU","7049057529","2017","1","HU","7019112133","HU","7049041641","","k","",11,"nem","nem"
"D","20","HU","7019088362","2019","1","HU","7049041782","HU","7019092194","","x","",11,"nem","nem"
"D","2002","HU","7050095129","2018","2","HU","7019123579","HU","7019122734","","b","",11,"nem","nem"
"D","20","HU","7043023364","2012","2","HU","7011014507","HU","7043019293","","E","",11,"nem","nem"
"D","20","HU","7049066314","2019","2","HU","7049048820","HU","7049057462","","a","",11,"nem","nem"
"D","20","HU","7050075464","2016","1","HU","7019082647","HU","7025048624","","E","",11,"nem","nem"
"D","2001","HU","7043017460","2010","1","HU","7011014507","HU","7050009456","","E","",11,"nem","nem"
"D","20","HU","7030049593","2014","1","HU","7019067495","HU","7030060882","","E","",11,"nem","nem"
"D","20","HU","7019066030","2011","1","HU","7019048418","HU","7019045204","","K","",11,"nem","nem"
"D","20","HU","7019091739","2014","1","HU","7025030450","HU","7019060401","","E","",11,"nem","nem"
"D","20","HU","7043037505","2017","2","HU","7050053497","HU","7043020808","","a","",11,"nem","nem"
"D","20","HU","7019053085","2008","2","","","","","","B","",11,"nem","nem"
"D","20","HU","7019092066","2018","1","HU","7019111749","HU","7019112117","","a","",11,"nem","nem"
"D","20","HU","7030049209","2011","1","HU","7030042190","HU","7010044835","","K","",11,"nem","nem"
"D","20","HU","7043030061","2015","2","HU","7043025449","HU","7003051244","","b","",11,"nem","nem"
"D","20","HU","7049057826","2018","1","HU","7050075550","HU","7049028110","","E","",11,"nem","nem"
"D","2011","HU","7043023182","2012","1","HU","7011014507","HU","7050009443","","E","",11,"nem","nem"
"D","20","HU","7019067523","2012","1","HU","7019048380","HU","7019045697","","E","",11,"nem","nem"
"D","20","HU","7043023744","2013","1","HU","7043020879","HU","7004047903","","E","",11,"nem","nem"
"D","20","HU","7019083693","2013","2","HU","7030044556","HU","7019053043","","E","",11,"nem","nem"
"D","20","HU","7043029951","2015","2","HU","7019067622","HU","7043023559","","E","",11,"nem","nem"
"D","20","HU","7049057305","2017","1","HU","7043024240","HU","7049035156","","k","",11,"nem","nem"
"D","20","HU","7043042200","2019","2","HU","7050053497","HU","7043017163","","a","",11,"nem","nem"
"D","20","HU","7019122990","2016","2","HU","7019088119","HU","7019089305","","b","",11,"nem","nem"
"D","20","HU","7059006764","2001","2","HU","7059004353","HU","7059004410","","E","",11,"nem","nem"
"D","20","HU","7059007091","2014","1","HU","7011014507","HU","7043020923","","E","",11,"nem","nem"
"D","20","HU","7050038399","2012","1","HU","7025030450","HU","7025030364","","B","",11,"nem","nem"
"D","20","HU","7049022185","2011","2","","","","","","B","",11,"nem","nem"
"D","20","HU","7019079296","2013","2","HU","7019066410","HU","7019045642","","B","",11,"nem","nem"
"D","20","HU","7030060895","2012","2","HU","7030048563","HU","7030037114","","E","",11,"nem","nem"
"D","20","HU","7019088081","2013","2","HU","7019060542","HU","7019060401","","a","",11,"nem","nem"
"D","20","HU","7019088094","2013","2","HU","7019060542","HU","7019066816","","E","",11,"nem","igen"
"D","20","HU","7043021263","2012","2","HU","7011014507","HU","7004047705","","A","",11,"nem","nem"
"D","20","HU","7043021276","2012","2","HU","7011014507","HU","7059004647","","B","",11,"nem","nem"
"D","20","HU","7008076420","2006","2","","","","","","E","",11,"nem","nem"
"D","20","HU","7019066423","2011","2","HU","7019048377","HU","7019046560","","B","",11,"nem","nem"
"D","20","HU","7019066535","2011","2","HU","7019048377","HU","7019048335","","E","",11,"nem","igen"
"D","20","HU","7019066577","2011","2","HU","7019048377","HU","7019045626","","E","",11,"nem","igen"
"D","20","HU","7019066816","2011","2","HU","7019048377","HU","7029001641","","B","",11,"nem","nem"
"D","20","HU","7030037130","2010","2","","","HU","7030025058","","E","",11,"nem","nem"
"D","20","HU","7019056314","2011","2","HU","7019048418","HU","7024019472","","B","",11,"nem","nem"
"D","20","HU","7019066069","2011","2","HU","7019055991","HU","7019053168",6737115,"B",2,11,"nem","nem"
"D","20","HU","7038020662","2010","2","HU","7021005685","HU","7008076350","","E","",11,"nem","nem"
"D","20","HU","7019066225","2011","2","HU","7019052956","HU","7019053069","","B","",11,"nem","nem"
"D","20","HU","7030049155","2011","2","HU","7030042190","HU","7030024239","","E","",11,"nem","nem"
"D","20","HU","7030066271","2011","2","","","","","","E","",11,"nem","nem"
"D","20","HU","7030049353","2011","2","HU","7030042190","HU","7030024510","","E","",11,"nem","nem"
"D","20","HU","7004047903","2006","2","HU","7012005021","HU","7059004704","","B","",11,"nem","nem"
"D","20","HU","7019088036","2013","1","HU","7019066410","HU","7019045600",1231298,"K","",11,"nem","igen"
"D","20","HU","7019076769","2012","2","HU","7019055991","HU","7019045204","","E","",11,"nem","nem"
"D","2012","HU","7043023575","2013","2","HU","7011014507","HU","7050009542","","E","",11,"nem","nem"
"D","20","HU","7043023687","2013","2","HU","7043021010","HU","7043020923","","B","",11,"nem","nem"
"D","20","HU","7043023926","2013","2","HU","7011014507","HU","7043022938","","B","",11,"nem","nem"
"D","20","HU","7030070438","2014","2","HU","7019067495","HU","7030037060","","E","",11,"nem","nem"
"D","20","HU","7030070582","2014","2","HU","7019067495","HU","7030060684","","E","",11,"nem","nem"
"D","20","HU","7030070610","2014","2","HU","7019067495","HU","7030060655","","E","",11,"nem","nem"
"D","20","HU","7043024084","2013","2","HU","7011014507","HU","7043021078","","E","",11,"nem","nem"
"D","20","HU","7049019651","2009","2","","","","","","B","",11,"nem","nem"
"D","20","HU","7049019677","2009","2","","","","","","B","",11,"nem","nem"
"D","20","HU","7026031869","2009","2","","","","","","E","",11,"nem","nem"
"D","20","HU","7026031885","2009","2","","","","","","E","",11,"nem","nem"
"D","20","HU","7030049618","2014","2","HU","7019067495","HU","7030049283","","E","",11,"nem","nem"
"D","20","HU","7050044305","2013","2","HU","7025030450","HU","7025030421",710013,"B","",11,"nem","nem"
"D","20","HU","7026032422","2013","1","HU","7046022401","HU","7026013221","","E","",11,"nem","nem"
"D","20","HU","7019091177","2014","2","HU","7019079197","HU","7019079171","","b","",11,"nem","nem"
"D","20","HU","7043029836","2014","2","HU","7019067622","HU","7043022938","","E","",11,"nem","nem"
"D","2001","HU","7043029894","2014","2","HU","7019067622","HU","7043023492","","E","",11,"nem","nem"
"D","20","HU","7019091317","2014","2","HU","7025030450","HU","7019045585","","B","",11,"nem","nem"
"D","20","HU","7019091320","2014","2","HU","7019079197","HU","7019067341","","b","",11,"nem","nem"
"D","20","HU","7019091432","2014","2","HU","7025030450","HU","7019066423","","A","",11,"nem","nem"
"D","20","HU","7025037105","2014","2","HU","7038020873","HU","7008077629","","E","",11,"nem","nem"
"D","20","HU","7043024138","2014","2","HU","7019067622","HU","7043022884","","E","",11,"nem","nem"
"D","20","HU","7043024170","2014","2","HU","7011014507","HU","7009040620","","E","",11,"nem","nem"
"D","20","HU","7019091557","2014","2","HU","7025030450","HU","7019067156","","b","",11,"nem","nem"
"D","20","HU","7050053583","2014","2","HU","7050038399","HU","7050037174","","E","",11,"nem","nem"
"D","20","HU","7043025650","2014","2","HU","7036005834","HU","7045030410","","E","",11,"nem","nem"
"D","20","HU","7043025973","2014","2","HU","7045031242","HU","7003051509","","B","",11,"nem","nem"
"D","20","HU","7043026002","2014","2","HU","7045031242","HU","7031019939","","E","",11,"nem","nem"
"D","20","HU","7051036789","2014","2","HU","7019056327","HU","7051033364","","b","",11,"nem","nem"
"D","20","HU","7019082762","2014","2","HU","7019055991","HU","7019076954","","E","",11,"nem","nem"
"D","20","HU","7019083354","2014","2","HU","7019055991","HU","7019076839","","A","",11,"nem","nem"
"D","20","HU","7045030410","2009","2","","","","","","E","",11,"nem","nem"
"D","20","HU","7038021382","2011","2","HU","7038006057","HU","7008075784","","E","",11,"nem","nem"
"D","20","HU","7019077083","2012","2","HU","7019055991","HU","7019053126","","E","",11,"nem","nem"
"D","20","HU","7019067309","2012","2","HU","7019048380","HU","7009011336","","E","",11,"nem","igen"
"D","20","HU","7051033380","2012","2","","","","","","E","",11,"nem","nem"
"D","20","HU","7051033393","2012","2","","","","","","E","",11,"nem","nem"
"D","20","HU","7019067466","2012","2","HU","7019048380","HU","7019060328","","A","",11,"nem","nem"
"D","20","HU","7019067677","2012","2","HU","7019048380","HU","7009011279","","B","",11,"nem","nem"
"D","20","HU","7019053098","2008","2","","","","","","B","",11,"nem","nem"
"D","20","HU","7019053171","2008","2","","","","","","B","",11,"nem","nem"
"D","20","HU","7019053184","2008","2","","","","","","B","",11,"nem","nem"
"D","20","HU","7019045642","2008","2","","","","","","B","",11,"nem","nem"
"D","20","HU","7019045811","2008","2","","","","","","B","",11,"nem","nem"
"D","20","HU","7019045655","2008","2","","","","","","B","",11,"nem","igen"
"D","20","HU","7045030704","2008","2","","","","","","E","",11,"nem","nem"
"D","20","HU","7043025816","2013","1","HU","7045031242","HU","7031019843","","E","",11,"nem","nem"
"D","20","HU","7030050364","2014","2","HU","7019067495","HU","7030059376","","E","",11,"nem","nem"
"D","20","HU","7030050405","2014","2","HU","7019067495","HU","7030059347","","E","",11,"nem","nem"
"D","20","HU","7030049449","2011","2","HU","7030042190","HU","7030024396","","E","",11,"nem","nem"
"D","20","HU","7030037114","2010","2","","","HU","7030024750","","E","",11,"nem","nem"
"D","20","HU","7030049168","2011","2","HU","7030042190","HU","7030042202","","E","",11,"nem","nem"
"D","20","HU","7043015723","2010","2","HU","7011014268","HU","7050004758","","E","",11,"nem","nem"
"D","20","HU","7043017022","2010","2","HU","7011014507","HU","7059004506","","E","",11,"nem","nem"
"D","20","HU","7019035137","2010","2","HU","7011014507","HU","7004047903","","E","",11,"nem","nem"
"D","20","HU","7059013713","2010","2","HU","7011014507","HU","7043015570","","E","",11,"nem","nem"
"D","20","HU","7008076615","2003","2","","","","","","E","",11,"nem","nem"
"D","20","HU","7030060697","2012","1","HU","7030048563","HU","7030024367","","K","",11,"nem","nem"
"D","20","HU","7030060811","2012","2","HU","7030048563","HU","7030024718","","b","",11,"nem","nem"
"D","20","HU","7019079465","2013","2","HU","7019066410","HU","7019046531","","E","",11,"nem","nem"
"D","20","HU","7043015583","2008","2","","","HU","7059004618","","E","",11,"nem","nem"
"D","20","HU","7050038360","2012","2","HU","7025030450","HU","7025030421","","E","",11,"nem","nem"
"D","20","HU","7019067817","2012","2","HU","7019048377","HU","7019046122","","E","",11,"nem","nem"
"D","20","HU","7043024279","2014","2","HU","7019067622","HU","7050017998","","E","",11,"nem","nem"
"D","20","HU","7043024477","2014","2","HU","7019067622","HU","7043021218","","E","",11,"nem","nem"
"D","20","HU","7039009822","2008","2","","","","","","E","",11,"nem","nem"
"D","20","HU","7038006057","2008","1","","","","","","B","",11,"nem","nem"
"D","20","HU","7030024198","2007","2","","","","","","B","",11,"nem","nem"
"D","20","HU","7030024367","2007","2","","","","","","B","",11,"nem","nem"
"D","20","HU","7025036977","2013","2","HU","7038021270","HU","7038021689","","E","",11,"nem","nem"
"D","20","HU","7025037006","2013","2","HU","7038021270","HU","7038022060","","E","",11,"nem","nem"
"D","20","HU","7008076350","2006","2","","","","","","E","",11,"nem","nem"
"D","20","HU","7008077447","2001","2","","","","","","E","",11,"nem","nem"
"D","20","HU","7010044880","2005","2","HU","7010041890","HU","7010041791","","B","",11,"nem","nem"
"D","20","HU","7030042202","2008","2","","","","","","B","",11,"nem","nem"
"D","20","HU","7019076040","2012","2","HU","7030044556","HU","7019052985","","B","",11,"nem","nem"
"D","20","HU","7019076561","2012","2","HU","7030044556","HU","7019045811","","E","",11,"nem","nem"
"D","20","HU","7019083130","2015","2","HU","7019055991","HU","7019045754","","b","",11,"nem","nem"
"D","20","HU","7049041584","2015","2","HU","7049034506","HU","7049019648",1145467,"B",2,11,"nem","nem"
"D","20","HU","7049041711","2015","2","HU","7049034506","HU","7049028181",9915871,"B","",11,"nem","nem"
"D","20","HU","7050062732","2012","2","","","","","","B","",11,"nem","nem"
"D","20","HU","7050057798","2010","2","","","","","","E","",11,"nem","nem"
"D","20","HU","7019091656","2014","1","HU","7019079197","HU","7019067619","","B","",11,"nem","nem"
"D","20","HU","7043024208","2014","1","HU","7011014507","HU","7009039846","","B","",11,"nem","nem"
"D","20","HU","7019091263","2014","1","HU","7019067648","HU","7019066618","","K","",11,"nem","nem"
"D","20","HU","7019082647","2014","1","HU","7030044556","HU","7003077554","","B","",11,"nem","nem"
"D","20","HU","7019097496","2013","2","","","","","","E","",11,"nem","nem"
"D","20","HU","7019097511","2013","2","","","","","","B","",11,"nem","nem"
"D","20","HU","7019097524","2013","2","","","","","","B",3,11,"nem","nem"
"D","20","HU","7019097540","2013","2","","","","","","B","",11,"nem","nem"
"D","20","HU","7019097566","2013","2","","","","","","B","",11,"nem","nem"
"D","20","HU","7019097582","2013","2","","","","","","B",3,11,"nem","nem"
"D","20","HU","7019082650","2014","1","HU","7019055991","HU","7019064306","","E","",11,"nem","nem"
"D","20","HU","7049035002","2014","2","","","HU","7049022213","","B","",11,"nem","nem"
"D","20","HU","7032012085","2010","2","","","","","","E","",11,"nem","nem"
"D","20","HU","7032011365","2010","2","","","","","","B","",11,"nem","nem"
"D","20","HU","7049019693","2009","2","","","","","","B","",11,"nem","nem"
"D","20","HU","7019088119","2013","1","HU","7025030450","HU","7019046573","","B","",11,"nem","nem"
"D","20","HU","7030050476","2015","2","HU","7050044321","HU","7030049155","","b","",11,"nem","nem"
"D","20","HU","7030050434","2015","1","HU","7050044321","HU","7030060684","","k","",11,"nem","nem"
"D","20","HU","7019092235","2014","2","","","","","","B","",11,"nem","nem"
"D","20","HU","7019092264","2014","2","","","","",6660008,"B","",11,"nem","nem"
"D","20","HU","7043025366","2013","2","HU","7045031242","HU","7003051244","","E","",11,"nem","nem"
"D","20","HU","7043017262","2009","2","HU","7012005021","HU","7043015570","","E","",11,"nem","nem"
"D","20","HU","7043017361","2009","1","HU","7012005021","HU","7050004758","","E","",11,"nem","nem"
"D","20","HU","7043017374","2009","2","HU","7012005021","HU","7050004758","","E","",11,"nem","nem"
"D","20","HU","7043017080","2009","2","HU","7012005021","HU","7009039817","","E","",11,"nem","nem"
"D","20","HU","7050075422","2016","2","HU","7050053512","HU","7025048509",6880549,"B",1,11,"nem","igen"
"D","20","HU","7025048596","2015","2","HU","7019088106","HU","7025030380","","B","",11,"nem","nem"
"D","20","HU","7043033192","2016","2","HU","7011014507","HU","7043021221","","B","",11,"nem","nem"
"D","20","HU","7043033457","2016","2","HU","7019067622","HU","7043020949","","a","",11,"nem","nem"
"D","20","HU","7043030988","2015","2","HU","7019067622","HU","7043020923","","b","",11,"nem","nem"
"D","20","HU","7025048819","2015","1","HU","7019088106","HU","7050037174","","K","",11,"nem","nem"
"D","20","HU","7025048710","2015","1","HU","7019088106","HU","7032011365","","B","",11,"nem","nem"
"D","20","HU","7043029980","2015","2","HU","7019067622","HU","7043023715","","A","",11,"nem","nem"
"D","20","HU","7025048666","2015","1","HU","7019088106","HU","7025039178","","K","",11,"nem","nem"
"D","20","HU","7050067836","2015","2","","","HU","7050062675",4665472,"B","",11,"nem","igen"
"D","20","HU","7019111653","2015","2","HU","7019088119","HU","7019067424","","a","",11,"nem","nem"
"D","20","HU","7019111918","2015","2","HU","7019079197","HU","7019066618","","a","",11,"nem","nem"
"D","20","HU","7019111947","2015","2","HU","7019079197","HU","7019088065","","B","",11,"nem","nem"
"D","20","HU","7019111963","2015","2","HU","7019079197","HU","7019067482",6636306,"B","",11,"nem","nem"
"D","20","HU","7019111707","2015","2","HU","7019079197","HU","7019079478","","B","",11,"nem","nem"
"D","20","HU","7019127094","2016","2","HU","7019055991","HU","7019053098","","E","",11,"nem","nem"
"D","20","HU","7019127065","2016","2","HU","7019055991","HU","7019053098","","B",3,11,"nem","nem"
"D","20","HU","7043030090","2015","2","HU","7043025449","HU","7045030647","","B","",11,"nem","nem"
"D","20","HU","7043030269","2015","1","HU","7043025449","HU","7003051314","","K","",11,"nem","nem"
"D","20","HU","7043030272","2015","2","HU","7043025449","HU","7045030410","","B","",11,"nem","nem"
"D","20","HU","7043030706","2015","2","HU","7011014507","HU","7043017163","","A","",11,"nem","nem"
"D","20","HU","7019123579","2016","1","HU","7026036103","HU","7019091403","","B","",11,"nem","nem"
"D","20","HU","7050078889","2016","1","HU","7050038401","HU","7050062675","","k","",11,"nem","nem"
"D","20","HU","7043033556","2016","1","HU","7019067622","HU","7009040620","","k","",11,"nem","nem"
"D","20","HU","7049041852","2016","1","HU","7043024240","HU","7049019664","","B","",11,"nem","nem"
"D","20","HU","7049048820","2016","1","HU","7043024240","HU","7049022200","","B","",11,"nem","nem"
"D","20","HU","7019122594","2016","2","HU","7026036103","HU","7019092264","","B","",11,"nem","nem"
"D","202","HU","7019122776","2016","2","","","HU","7019092293","","E","",11,"nem","nem"
"D","20","HU","7019122875","2016","2","HU","7026036103","HU","7019092280","","B","",11,"nem","nem"
"D","20","HU","7019122987","2016","2","HU","7019091771","HU","7019067073","","A","",11,"nem","nem"
"D","202","HU","7019123016","2016","2","","","HU","7019091586","","E","",11,"nem","nem"
"D","20","HU","7019123074","2016","2","HU","7026036103","HU","7019091432","","E","",11,"nem","nem"
"D","20","HU","7019123339","2016","2","HU","7019088119","HU","7019046490","","B","",11,"nem","nem"
"D","20","HU","7019123368","2016","2","HU","7019091771","HU","7019079621","","B","",11,"nem","nem"
"D","202","HU","7019123409","2016","2","","","HU","7019091726","","E","",11,"nem","nem"
"D","20","HU","7049048606","2016","2","HU","7043024240","HU","7049022172","","E","",11,"nem","nem"
"D","20","HU","7049048718","2016","2","HU","7043024240","HU","7049035031","","E","",11,"nem","nem"
"D","20","HU","7049048565","2016","2","HU","7043024240","HU","7049035002","","B","",11,"nem","nem"
"D","20","HU","7049048619","2016","2","HU","7043024240","HU","7049019705","","B","",11,"nem","nem"
"D","20","HU","7050078805","2016","1","HU","7050038401","HU","7050062787",6633891,"K","",11,"nem","nem"
"D","202","HU","7019135073","2017","2","","","HU","7028010648","","E","",11,"nem","nem"
"D","20","HU","7019135185","2017","2","HU","7019111749","HU","7019091432","","A","",11,"nem","nem"
"D","20","HU","7019135383","2017","2","HU","7019112133","HU","7019079621","","B","",11,"nem","nem"
"D","202","HU","7019135424","2017","2","","","HU","7019111864","","E","",11,"nem","nem"
"D","20","HU","7043034362","2017","1","HU","7043024208","HU","7045030519","","K","",11,"nem","nem"
"D","20","HU","7043034359","2017","1","HU","7043024208","HU","7045030113","","K","",11,"nem","nem"
"D","20","HU","7019128574","2017","1","HU","7019082973","HU","7019097579","","K","",11,"nem","nem"
"D","20","HU","7019127458","2016","2","HU","7019055991","HU","7019076769","","b","",11,"nem","nem"
"D","20","HU","7019127700","2016","2","HU","7019055991","HU","7019066225",6737115,"A",2,11,"nem","igen"
"D","20","HU","7049057602","2017","2","HU","7019112133","HU","7049034957",1145467,"A",1,11,"nem","nem"
"D","20","HU","7049057219","2017","2","HU","7043024240","HU","7049022185","","E","",11,"nem","nem"
"D","20","HU","7049057392","2017","2","HU","7019112133","HU","7049041609","","A","",11,"nem","nem"
"D","20","HU","7019123186","2016","2","HU","7026036103","HU","7019091461","","a","",11,"nem","nem"
"D","20","HU","7049057545","2017","1","HU","7019112133","HU","7049019664","","K","",11,"nem","nem"
"D","20","HU","7019128248","2017","2","HU","7019091656","HU","7019056231","","E","",11,"nem","nem"
"D","20","HU","7019128334","2017","1","HU","7019091656","HU","7019056330","","k","",11,"nem","nem"
"D","20","HU","7019128615","2017","1","HU","7019091656","HU","7019053030","","k","",11,"nem","nem"
"D","20","HU","7019127023","2016","2","HU","7019055991","HU","7019076251","","E","",11,"nem","nem"
"D","20","HU","7019127106","2016","2","HU","7019055991","HU","7019097511","","b","",11,"nem","nem"
"D","20","HU","7043034573","2017","2","HU","7019077137","HU","7043025973","","b","",11,"nem","nem"
"D","20","HU","7050078946","2017","2","HU","7019083127","HU","7050068457","","b","",11,"nem","nem"
"D","201","HU","7050085333","2017","2","HU","7050063519","HU","7050063168","","E","",11,"nem","nem"
"D","20","HU","7050085531","2017","2","HU","7019083127","HU","7050063155",4665472,"B",1,11,"nem","igen"
"D","20","HU","7050085742","2017","2","HU","7019083127","HU","7050063353","","E","",11,"nem","nem"
"D","20","HU","7050086660","2017","2","HU","7019083127","HU","7050068035",4665472,"A",3,11,"nem","igen"
"D","20","HU","7050077987","2016","2","HU","7050063522","HU","7050063212","","B","",11,"nem","nem"
"D","201","HU","7050078003","2016","2","HU","7050063522","HU","7050063126","","E","",11,"nem","nem"
"D","20","HU","7019137215","2018","2","HU","7049041849","HU","7019091560","","A","",11,"nem","nem"
"D","20","HU","7019137231","2018","2","HU","7049041782","HU","7019112159","","A","",11,"nem","nem"
"D","2002","HU","7019137244","2018","2","HU","7049041852","HU","7019123102","","b","",11,"nem","nem"
"D","20","HU","7043036658","2018","1","HU","7043024208","HU","7043030160","","k","",11,"nem","nem"
"D","20","HU","7043036434","2018","2","HU","7043024208","HU","7043030115","","b","",11,"nem","nem"
"D","20","HU","7019128181","2017","2","HU","7019091656","HU","7019053098","","b","",11,"nem","nem"
"D","20","HU","7019128561","2017","2","HU","7019091656","HU","7019082717","","E","",11,"nem","nem"
"D","20","HU","7019128602","2017","2","HU","7019091656","HU","7019056413",6737115,"A",2,11,"nem","igen"
"D","20","HU","7050087562","2017","2","HU","7025048653","HU","7025030421","","b","",11,"nem","nem"
"D","20","HU","7050087687","2017","2","HU","7025048653","HU","7025048640",1619971,"E","",11,"nem","nem"
"D","20","HU","7043035433","2017","2","HU","7050053497","HU","7043023715","","A","",11,"nem","nem"
"D","20","HU","7043035446","2017","2","HU","7050053497","HU","7043030636","","B","",11,"nem","nem"
"D","20","HU","7043035462","2017","2","HU","7019067622","HU","7043021234",1318221,"A",2,11,"nem","igen"
"D","20","HU","7043035503","2017","2","HU","7050053497","HU","7043021250","","A","",11,"nem","nem"
"D","20","HU","7019136917","2018","2","HU","7019111749","HU","7019112089","","A","",11,"nem","nem"
"D","20","HU","7019137075","2018","2","HU","7049041852","HU","7019122817","","B","",11,"nem","nem"
"D","20","HU","7026062692","2017","1","RO","2560530977","HU","7026031898","","E","",11,"nem","nem"
"D","20","HU","7026062676","2017","1","RO","2560530977","HU","7026036091","","E","",11,"nem","nem"
"D","20","HU","7026071656","2018","2","RO","2560530977","HU","7026036116",4543495,"E","",11,"nem","nem"
"D","20","HU","7049057631","2017","2","HU","7043024240","HU","7049037723","","b","",11,"nem","nem"
"D","20","HU","7049057293","2017","2","HU","7043024240","HU","7049035156","","a","",11,"nem","nem"
"D","20","HU","7049057235","2017","2","HU","7025048710","HU","7049035172","","b","",11,"nem","nem"
"D","20","HU","7049057194","2017","2","HU","7025048710","HU","7049028110","","b","",11,"nem","nem"
"D","20","HU","7043035727","2018","1","HU","7050053497","HU","7043034908","","E","",11,"nem","nem"
"D","20","HU","7019127883","2018","1","HU","7019091656","HU","7019077070","","E","",11,"nem","nem"
"D","20","HU","7050079707","2018","1","HU","7019083127","HU","7050063171","","E","",11,"nem","nem"
"D","20","HU","7019136751","2018","1","HU","7049041782","HU","7019079308","","B","",11,"nem","nem"
"D","20","HU","7019137190","2018","1","HU","7049041852","HU","7019122648","","K","",11,"nem","nem"
"D","20","HU","7050087137","2018","2","HU","7050038401","HU","7050077987","","E","",11,"nem","nem"
"D","20","HU","7050086967","2018","2","HU","7019083127","HU","7050062592","","E","",11,"nem","nem"
"D","20","HU","7043038085","2018","2","HU","7019123722","HU","7043030904","","E","",11,"nem","nem"
"D","20","HU","7043040729","2018","2","HU","7050053497","HU","7043022941","","B","",11,"nem","nem"
"D","2000","HU","7043040790","2018","2","HU","7019123722","HU","7043031103","","E","",11,"nem","nem"
"D","20","HU","7050094818","2018","2","HU","7019123269","HU","7025048538","","E","",11,"nem","nem"
"D","20","HU","7050094821","2018","2","HU","7019123269","HU","7025048538","","E","",11,"nem","nem"
"D","20","HU","7050094975","2018","2","HU","7019123579","HU","7025048794","","b","",11,"nem","nem"
"D","20","HU","7049062055","2018","2","HU","7019112133","HU","7049048888",1145467,"B",1,11,"nem","nem"
"D","20","HU","7019127937","2018","2","HU","7019091656","HU","7019127362","","E","",11,"nem","nem"
"D","20","HU","7019127966","2018","2","HU","7019091656","HU","7019053001",6737115,"B",2,11,"nem","nem"
"D","20","HU","7019128264","2018","2","HU","7019091656","HU","7019076644","","E","",11,"nem","nem"
"D","20","HU","7050095161","2018","2","HU","7019123269","HU","7050075802","","E","",11,"nem","nem"
"D","20","HU","7043041720","2019","1","HU","7050053497","HU","7043035136","","E","",11,"nem","nem"
"D","20","HU","7019135622","2019","1","HU","7050087728","HU","7019112159","","E","",11,"nem","nem"
"D","20","HU","7025079639","2019","2","HU","7050063519","HU","7050085531","","E","",11,"nem","nem"
"D","20","HU","7019127867","2018","1","HU","7019091656","HU","7019076644",4208275,"K","",11,"nem","nem"
"D","20","HU","7019127924","2018","1","HU","7019091656","HU","7019053030","","K","",11,"nem","nem"
"D","20","HU","7043036773","2019","1","HU","7043024240","HU","7043034148",9958643,"K","",11,"nem","nem"
"D","20","HU","7019137046","2018","1","HU","7049041849","HU","7019079311","","B","",11,"nem","nem"
"D","20","HU","7082000669","2019","1","HU","7043034755","HU","7049019664","","E","",11,"nem","nem"
"D","20","HU","7043037196","2019","2","HU","7043024208","HU","7043030342","","E","",11,"nem","nem"
"D","20","HU","7050099561","2019","2","HU","7019123579","HU","7050075732","","E","",11,"nem","nem"
"D","20","HU","7043043540","2019","1","HU","7019123722","HU","7043023827",6689768,"K","",11,"nem","nem"
"D","20","HU","7043042693","2019","2","HU","7019123722","HU","7043033374","","E","",11,"nem","nem"
"D","20","HU","7043042820","2019","2","HU","7019123722","HU","7043019293","","E","",11,"nem","nem"
"D","20","HU","7043042891","2019","2","HU","7019123722","HU","7043021276","","E","",11,"nem","nem"
"D","20","HU","7043044778","2019","2","HU","7019123722","HU","7043030719",1318221,"A",2,11,"nem","igen"
"D","20","HU","7043045878","2020","1","HU","7043035628","HU","7043038085","","E","",11,"nem","nem"
"D","20","HU","7049062592","2019","2","HU","7043035206","HU","7049041584","","A","",11,"nem","nem"
"D","20","HU","7049066158","2019","2","HU","7019112133","HU","7049044529","","B",1,11,"nem","nem"
"D","20","HU","7067030957","2019","2","HU","7019082973","HU","7019082845",6737115,"A",2,11,"nem","igen"
"D","202","HU","7082002265","2020","2","HU","7043036463","HU","7027008877","","E","",11,"nem","nem"
"D","20","HU","7019140091","2019","2","HU","7050087728","HU","7019122606","","a","",11,"nem","nem"
"D","20","HU","7019140442","2019","2","HU","7049041849","HU","7019091474","","A",3,11,"nem","nem"
"D","20","RO","2560977710","2017","2","","","","","","E","",99,"nem","nem"
"D","20","HU","7049070513","2020","1","HU","7019112133","HU","7049034957","","k","",11,"nem","nem"
"D","20","HU","7049070526","2020","1","HU","7019112133","HU","7049034957","","k","",11,"nem","nem"
"D","20","HU","7049070935","2020","2","HU","7049061702","HU","7049034999","","E","",11,"nem","nem"
"D","20","HU","7049070779","2020","2","HU","7019112133","HU","7049035185","","b","",11,"nem","nem"
"D","20","HU","7049070951","2020","1","HU","7049061702","HU","7049037653","","E","",11,"nem","nem"
"D","20","HU","7049066835","2020","2","HU","7049061702","HU","7049037710","","E","",11,"nem","nem"
"D","20","HU","7049070571","2020","2","HU","7043035206","HU","7049041597",7120570,"A",2,11,"nem","nem"
"D","20","HU","7049070894","2020","1","HU","7019112133","HU","7049041625",6937636,"B","",11,"nem","nem"
"D","20","HU","7049070654","2020","2","HU","7049048820","HU","7049048635","","a","",11,"nem","nem"
"D","20","HU","7049070485","2020","2","HU","7049061702","HU","7049057756","","a","",11,"nem","nem"
"D","20","HU","7049066794","2020","2","HU","7043035206","HU","7049061799","","E","",11,"nem","nem"
"D","20","HU","7049066806","2020","2","HU","7043035206","HU","7049061799","","E","",11,"nem","nem"
"D","20","HU","7049066723","2020","1","HU","7043035206","HU","7049062071","","K","",11,"nem","nem"
"D","20","HU","7049066736","2020","2","HU","7019112133","HU","7049062211","","E","",11,"nem","nem"
"D","20","HU","7043045654","2020","2","HU","7019123722","HU","7043034924",8800725,"A","",11,"nem","igen"
"D","20","HU","7065021573","2020","1","HU","7019136904","HU","7049048664","","E","",11,"nem","nem"
"D","20","HU","7043042747","2019","2","HU","7050053497","HU","7043035446",8800725,"E","",11,"nem","nem"
"D","20","HU","7067031309","2020","2","HU","7019127797","HU","7019076334",6737115,"A",1,11,"nem","igen"
"D","20","HU","7067031338","2020","2","HU","7019127797","HU","7019126907","","E","",11,"nem","nem"
"D","20","HU","7019140116","2019","2","HU","7019135213","HU","7019122804",7002582,"A",1,11,"nem","nem"
"D","20","HU","7019140752","2020","2","HU","7019137046","HU","7019091560","","A",2,11,"nem","nem"
"D","20","HU","7019140710","2020","2","HU","7019136988","HU","7019123300",7752955,"E","",11,"nem","nem"
"D","2002","HU","7019140554","2020","2","HU","7019137046","HU","7019123397","","b","",11,"nem","nem"
"D","20","HU","7019140471","2020","2","HU","7019137046","HU","7019122932","","a","",11,"nem","nem"
"D","20","HU","7019135680","2020","1","HU","7019137046","HU","7019092194","","E","",11,"nem","nem"
"D","20","HU","7082002166","2020","1","HU","7043036463","HU","7019091250","","k","",11,"nem","nem"
"D","20","HU","7043044963","2020","1","HU","7050053497","HU","7043030847","","a","",11,"nem","nem"
"D","20","HU","7043044976","2020","1","HU","7050053497","HU","7043030847","","a","",11,"nem","nem"
"D","2001","HU","7043045469","2020","1","HU","7019123722","HU","7043023575","","E","",11,"nem","nem"
"D","20","HU","7043045443","2020","1","HU","7043035628","HU","7043024336","","a","",11,"nem","nem"
"D","20","HU","7043045360","2020","1","HU","7019123722","HU","7043030649","","a","",11,"nem","nem"
"D","2000","HU","7043045399","2020","2","HU","7019123722","HU","7043034966",1318221,"B",2,11,"nem","igen"
"D","20","HU","7083003319","2020","2","HU","7050063519","HU","7025048640",8586429,"E","",11,"nem","igen"
"D","20","HU","7083003252","2020","1","HU","7050063519","HU","7025048682","","a","",11,"nem","nem"
"D","20","HU","7083003207","2020","1","HU","7050063519","HU","7050038443","","K","",11,"nem","nem"
"D","20","HU","7083003108","2020","1","HU","7050063519","HU","7050075521","","E","",11,"nem","nem"
"D","20","HU","7083003351","2020","1","HU","7050063519","HU","7050087632","","E","",11,"nem","nem"
"D","20","HU","7083003364","2020","1","HU","7050063519","HU","7050094975","","k","",11,"nem","nem"
"D","20","HU","7083003236","2020","1","HU","7050063519","HU","7050094988",8026473,"K","",11,"nem","nem"
"D","20","HU","7043046163","2020","2","HU","7043035628","HU","7043033374","","A","",11,"nem","nem"
"D","20","HU","7043046051","2020","2","HU","7019123722","HU","7043033514",6860033,"A","",11,"nem","igen"
"D","20","HU","7043046035","2020","2","HU","7043035628","HU","7043041902",1244991,"A",1,11,"nem","igen"
"D","20","HU","7043046220","2020","2","HU","7043035628","HU","7043024295",1318221,"B",1,11,"nem","igen"
"D","20","HU","7043046303","2020","2","HU","7043035628","HU","7043033569","","a","",11,"nem","nem"
"D","20","HU","7043046291","2020","2","HU","7043035628","HU","7043042031","","E","",11,"nem","nem"
"D","20","HU","7043040279","2019","2","","","","","","","",11,"nem","nem"
"D","20","HU","7067040839","2020","2","","","","","","","",11,"nem","nem"
"D","20","HU","7067040897","2020","2","","","","","","","",11,"nem","nem"
"D","20","HU","7068002618","2017","2","","","","","","","",11,"nem","nem"
"D","20","HU","7049076634","2021","1","HU","7049068978","HU","7049034957","","k","",11,"nem","nem"
"D","20","HU","7049076030","2021","1","HU","7049065991","HU","7049041625","","k","",11,"nem","nem"
"D","20","HU","7049071275","2021","1","HU","7049065991","HU","7049041807","","E","",11,"nem","nem"
"D","20","HU","7049071189","2021","1","HU","7019135552","HU","7049048549","","K","",11,"nem","nem"
"D","20","HU","7049076209","2021","2","HU","7049065991","HU","7049048721",4665472,"A",1,11,"nem","igen"
"D","20","HU","7049071361","2021","2","HU","7019135552","HU","7049057181","","a",2,11,"nem","nem"
"D","20","HU","7049076308","2021","2","HU","7049061702","HU","7049065821","","a","",11,"nem","nem"
"D","20","HU","7049076311","2021","2","HU","7049061702","HU","7049066132","","a",2,11,"nem","nem"
"D","20","HU","7049076478","2021","2","HU","7049068978","HU","7049066286",6810207,"A",1,11,"nem","nem"
"D","20","HU","7049071176","2021","1","HU","7049068978","HU","7049066695","","E","",11,"nem","nem"
"D","20","HU","7083006565","2021","2","HU","7025048822","HU","7050099769","","A",2,11,"nem","nem"
"D","20","HU","7083006338","2021","2","HU","7025048822","HU","7050099842","","b","",11,"nem","nem"
"D","20","HU","7083006820","2021","2","HU","7049061702","HU","7049066129",6690319,"E","",11,"nem","igen"
"D","20","HU","7034086833","2021","1","HU","7049066075","HU","7043045427",8800725,"K","",11,"nem","nem"
"D","20","HU","7034086789","2021","2","HU","7049066075","HU","7043045654",8800725,"A","",11,"nem","igen"
"D","20","HU","7030102942","2021","2","HU","7019143177","HU","7019112120","","A","",11,"nem","nem"
"D","20","HU","7030102971","2021","1","HU","7025048822","HU","7025048640",6943246,"K","",11,"nem","nem"
"D","20","HU","7049076663","2021","2","HU","7049068978","HU","7049065777",7114652,"A",1,11,"nem","nem"
"D","20","HU","7083006479","2021","1","HU","7025048822","HU","7025030405","","E","",11,"nem","nem"
"D","20","HU","7083006411","2021","2","HU","7025048822","HU","7025048583",6880549,"A",2,11,"nem","igen"
"D","201","HU","7077020287","2021","2","HU","7050087728","HU","7077010615",6858092,"E","",11,"nem","nem"
"D","2000","HU","7043047586","2021","1","HU","7043035628","HU","7043024419",6978048,"K","",11,"nem","nem"
"D","20","HU","7043047515","2021","1","HU","7043035628","HU","7043035602","","a","",11,"nem","nem"
"D","20","HU","7043047870","2021","2","HU","7043035628","HU","7043022909","","b","",11,"nem","nem"
"D","20","HU","7043047867","2021","1","HU","7019123722","HU","7043024349","","K","",11,"nem","nem"
"D","20","HU","7043047812","2021","1","HU","7043035628","HU","7043035248","","k","",11,"nem","nem"
"D","20","HU","7043047771","2021","2","HU","7019123722","HU","7043040732","","E","",11,"nem","nem"
"D","20","HU","7043047672","2021","1","HU","7043035628","HU","7043041072","","E","",11,"nem","nem"
"D","20","HU","7043049009","2021","2","HU","7043035628","HU","7043021263",1318221,"A",1,11,"nem","igen"
"D","20","HU","7043049054","2021","2","HU","7019123722","HU","7043031033",1318221,"a",1,11,"nem","igen"
"D","20","HU","7043049153","2021","1","HU","7019123722","HU","7043034883","","k","",11,"nem","nem"
"D","20","HU","7083006677","2021","2","HU","7025048822","HU","7025048794","","E","",11,"nem","igen"
"D","20","HU","7043044497","2021","2","HU","7043036645","HU","7031020317","","E","",11,"nem","nem"
"D","20","HU","7043049223","2021","2","HU","7043035628","HU","7043023715","","a","",11,"nem","nem"
"D","20","HU","7043049236","2021","2","HU","7043035628","HU","7043023715","","a","",11,"nem","nem"
"D","20","HU","7043049195","2021","1","HU","7019123722","HU","7043030818","","k","",11,"nem","nem"
"D","20","HU","7043049249","2021","2","HU","7043035628","HU","7043033192","","b","",11,"nem","nem"
"D","20","HU","7043049294","2021","2","HU","7043035628","HU","7043042987","","E","",11,"nem","nem"
"D","20","HU","7043043892","2021","2","HU","7043036645","HU","7043034388","","x","",11,"nem","nem"
"D","20","HU","7043043610","2021","2","HU","7043036645","HU","7045030113","","x","",11,"nem","nem"
"D","20","HU","7067044846","2021","1","HU","7019082973","HU","7019077070","","a","",11,"nem","nem"
"D","20","HU","7067031213","2021","2","HU","7019082973","HU","7019127304","","E","",11,"nem","nem"
"D","20","HU","7083006705","2021","1","HU","7019135523","HU","7050099756","","E","",11,"nem","nem"
"D","20","HU","7020212769","2021","1","HU","7043036645","HU","7043037125","","E","",11,"nem","nem"
"D","20","HU","7020212701","2021","1","HU","7043036645","HU","7043043681",6993858,"K","",11,"nem","nem"
"D","20","HU","7043049380","2021","2","HU","7043042271","HU","7043043566","","E","",11,"nem","nem"
"D","20","HU","7043049377","2021","1","HU","7043042271","HU","7043044794","","E","",11,"nem","nem"
"D","20","HU","7043049658","2021","1","HU","7019123722","HU","7043033569","","a","",11,"nem","nem"
"D","20","HU","7043049632","2021","1","HU","7043035628","HU","7043042859","","k","",11,"nem","nem"
"D","20","HU","7019145517","2021","2","HU","7049066145","HU","7019135367",7752955,"a",1,11,"nem","nem"
"D","20","HU","7049076717","2021","2","HU","7049068978","HU","7049048888",2296751,"B",1,11,"nem","nem"
"D","20","HU","7025090986","2021","1","HU","7050079752","HU","7050062592","","E","",11,"nem","nem"
"D","20","HU","7025092818","2021","2","HU","7049061900","HU","7050063155","","E","",11,"nem","nem"
"D","20","HU","7025090915","2021","2","HU","7049061900","HU","7050085544",4665472,"B",1,11,"nem","igen"
"D","2001","HU","7025090621","2021","1","HU","7050079752","HU","7050086532","","E","",11,"nem","nem"
"D","20","HU","7025092748","2021","1","HU","7050079752","HU","7050086558","","E","",11,"nem","nem"
"D","20","HU","7043049702","2021","2","HU","7043042271","HU","7043041973",7037085,"E","",11,"nem","nem"
"D","20","HU","7020212839","2022","1","HU","7019135721","HU","7043030342",6729882,"E","",11,"nem","nem"
"D","20","HU","7020212826","2022","2","HU","7019135721","HU","7043030342","","a","",11,"nem","nem"
"D","20","HU","7020219232","2022","2","HU","7019135721","HU","7043034148","","x","",11,"nem","nem"
"D","20","HU","7020219162","2022","1","HU","7019135721","HU","7043034218","","E","",11,"nem","nem"
"D","20","HU","7020219386","2022","1","HU","7019135721","HU","7043036421","","E","",11,"nem","nem"
"D","20","HU","7020219373","2022","2","HU","7019135721","HU","7043036421",6729882,"b",1,11,"nem","nem"
"D","20","HU","7020212800","2022","1","HU","7019135721","HU","7043043681",6729882,"E","",11,"nem","nem"
"D","20","HU","7067044507","2022","1","HU","7067030858","HU","7019126907","","a","",11,"nem","nem"
"D","20","HU","7067043890","2022","2","HU","7067030858","HU","7019127362","","E","",11,"nem","nem"
"D","20","HU","7033109917","2022","2","HU","7019088106","HU","7049066260",1244991,"A",2,11,"nem","igen"
"D","20","HU","7043049715","2022","1","HU","7043035628","HU","7043035347","","a","",11,"nem","nem"
"D","20","HU","7043049856","2022","2","HU","7043042271","HU","7043035602",1318221,"E","",11,"nem","igen"
"D","20","HU","7043051420","2022","2","HU","7043035628","HU","7043035248","","a","",11,"nem","nem"
"D","20","HU","7043051462","2022","1","HU","7043042271","HU","7043024451","","a","",11,"nem","nem"
"D","20","HU","7043051574","2022","1","HU","7043035628","HU","7043035800","","E","",11,"nem","nem"
"D","20","HU","7043051516","2022","2","HU","7043035628","HU","7043042255","","a","",11,"nem","nem"
"D","20","HU","7043051615","2022","1","HU","7043035628","HU","7043042804","","E","",11,"nem","nem"
"D","20","HU","7043051488","2022","1","HU","7043035628","HU","7043042891","","E","",11,"nem","nem"
"D","20","HU","7049082158","2022","2","HU","7049070427","HU","7049028181","","b","",11,"nem","nem"
"D","20","HU","7049081652","2022","1","HU","7049065991","HU","7049048651","","k","",11,"nem","nem"
"D","20","HU","7049082103","2022","2","HU","7043045641","HU","7049062055",7752955,"a","",11,"nem","nem"
"D","20","HU","7049082116","2022","2","HU","7043045641","HU","7049062068",4665472,"A",2,11,"nem","igen"
"D","20","HU","7049082260","2022","2","HU","7049061702","HU","7049062167",7752955,"a","",11,"nem","nem"
"D","20","HU","7049082273","2022","2","HU","7049061702","HU","7049062167","","a","",11,"nem","nem"
"D","20","HU","7049081805","2022","1","HU","7049061702","HU","7049065719","","a","",11,"nem","nem"
"D","20","HU","7049081818","2022","2","HU","7049061702","HU","7049065719","","a","",11,"nem","nem"
"D","20","HU","7049082161","2022","2","HU","7043045641","HU","7049066116",400220,"a","",11,"nem","nem"
"D","20","HU","7049082356","2022","2","HU","7049070427","HU","7049066695","","b","",11,"nem","nem"
"D","20","HU","7049081834","2022","1","HU","7049061702","HU","7049070472","","E","",11,"nem","nem"
"D","20","HU","7049081847","2022","2","HU","7049061702","HU","7049070472",6963006,"a","",11,"nem","nem"
"D","20","HU","7049082075","2022","2","HU","7049070427","HU","7049070795",7114652,"A",1,11,"nem","nem"
"D","20","HU","7067043874","2022","1","HU","7067030858","HU","7067030973",8215035,"E","",11,"nem","igen"
"D","20","HU","7034090300","2022","2","HU","7049071019","HU","7043045555",8800725,"A","",11,"nem","igen"
"D","20","HU","7034090368","2022","1","HU","7049071019","HU","7043045922",4368560,"A","",11,"nem","nem"
"D","20","HU","7067044693","2022","2","HU","7067030858","HU","7019076644","","a",3,11,"nem","nem"
"D","20","HU","7067044411","2022","2","HU","7067030858","HU","7019077070",6737115,"A",2,11,"nem","igen"
"D","20","HU","7067044466","2022","1","HU","7067030858","HU","7019127700","","a","",11,"nem","nem"
"D","20","HU","7067044651","2022","2","HU","7067030858","HU","7019128321","","a","",11,"nem","nem"
"D","20","HU","7067044437","2022","1","HU","7067030858","HU","7019126907",8215035,"E","",11,"nem","igen"
"D","20","HU","7025082006","2018","2","","","","","","E","",11,"nem","nem"
"D","2001","HU","7025097701","2022","1","HU","7049061702","HU","7050086545","","E","",11,"nem","nem"
"D","20","HU","7025097602","2022","1","HU","7049061702","HU","7050087153","","E","",11,"nem","nem"
"D","20","HU","7067044354","2022","1","HU","7067030858","HU","7067031143","","E","",11,"nem","nem"
"D","20","HU","7067044297","2022","1","HU","7067030858","HU","7067031341","","E","",11,"nem","nem"
"D","20","HU","7019149821","2022","2","HU","7019136988","HU","7019140442",6655815,"A",2,11,"nem","igen"
"D","20","HU","7032036632","2022","2","HU","7019144631","HU","7019122619",7752955,"E","",11,"nem","nem"
"D","20","HU","7032036674","2022","2","HU","7019144631","HU","7019122619",7752955,"a","",11,"nem","nem"
"D","20","HU","7032036546","2022","2","HU","7019144631","HU","7019123199",400220,"E","",11,"nem","nem"
"D","20","HU","7032036661","2022","2","HU","7019144631","HU","7049062138","","E","",11,"nem","nem"
"D","20","HU","7083011442","2022","1","HU","7019135523","HU","7050053413","","a","",11,"nem","nem"
"D","20","HU","7083011301","2022","1","HU","7019135523","HU","7050094904","","x","",11,"nem","nem"
"D","20","HU","7083011497","2022","1","HU","7019135523","HU","7050095187","","k","",11,"nem","nem"
"D","20","HU","7083011369","2022","2","HU","7019135523","HU","7050099769",6880549,"A","",11,"nem","igen"
"D","2002","HU","7083011484","2022","2","HU","7019135523","HU","7081009177","","b","",11,"nem","nem"
"D","20","HU","7043051826","2022","1","HU","7043042271","HU","7043033374","","E","",11,"nem","nem"
"D","20","HU","7043051785","2022","2","HU","7043042271","HU","7043046118","","b","",11,"nem","nem"
"D","20","HU","7043051909","2022","2","HU","7043035628","HU","7043035462","","a","",11,"nem","nem"
"D","20","HU","7043052054","2022","1","HU","7043035628","HU","7043042987","","x","",11,"nem","nem"
"D","20","HU","7025097459","2022","2","HU","7049061900","HU","7025079879","","E","",11,"nem","nem"
"D","20","HU","7025093257","2022","2","HU","7049061900","HU","7050062592","","b","",11,"nem","nem"
"D","2001","HU","7025093398","2022","2","HU","7049061900","HU","7050078991","","E","",11,"nem","nem"
"D","20","HU","7025092917","2022","1","HU","7049061900","HU","7050079228","","E","",11,"nem","nem"
"D","20","HU","7025093554","2022","2","HU","7049061900","HU","7050085544","","E","",11,"nem","nem"
"D","20","HU","7043052207","2022","2","HU","7043042271","HU","7043044877","","a","",11,"nem","nem"
"D","20","HU","7019149483","2022","2","HU","7019144628","HU","7019123173",7752955,"a","",11,"nem","nem"
"D","20","HU","7019149582","2022","2","HU","7019135747","HU","7019140062","","E","",11,"nem","nem"
"D","20","HU","7019149805","2022","2","HU","7019135747","HU","7019091289",7752955,"a","",11,"nem","nem"
"D","20","HU","7019149719","2022","2","HU","7019135747","HU","7019112159","","a","",11,"nem","nem"
"D","20","HU","7019149636","2022","2","HU","7049066145","HU","7019122648","","a","",11,"nem","nem"
"D","20","HU","7019149751","2022","2","HU","7019144628","HU","7019140161",7752955,"a","",11,"nem","nem"
"D","20","HU","7019149764","2022","2","HU","7049066145","HU","7019122932",6706311,"a","",11,"nem","nem"
"D","20","HU","7019149959","2022","2","HU","7019144628","HU","7019140778",7752955,"a","",11,"nem","nem"
"D","20","HU","7043052249","2022","2","HU","7043042271","HU","7043046189","","b","",11,"nem","nem"
"D","20","HU","7083011231","2022","1","HU","7050085627","HU","7049066129","","k","",11,"nem","nem"
"D","20","HU","7049088505","2023","1","HU","7067031028","HU","7049037710","","k","",11,"nem","nem"
"D","20","HU","7049088790","2023","2","HU","7049065991","HU","7049057602","","a","",11,"nem","nem"
"D","20","HU","7083011905","2022","2","HU","7049070849","HU","7049070571","","A","",11,"nem","nem"
"D","201","HU","7083011794","2022","1","HU","7049070849","HU","7077010615","","E","",11,"nem","nem"
"D","20","HU","7025077567","2022","2","HU","7050087702","HU","7025066949","","b","",11,"nem","nem"
"D","20","HU","7025077512","2022","2","HU","7050087702","HU","7025073097","","b","",11,"nem","nem"
"D","20","HU","7049088406","2023","1","HU","7049065991","HU","7049070737","","a","",11,"nem","nem"
"D","20","HU","7049088604","2023","1","HU","7067031028","HU","7049071035","","k","",11,"nem","nem"
"D","20","HU","7049088138","2023","1","HU","7067031028","HU","7049071259","","E","",11,"nem","nem"
"D","20","HU","7049088547","2023","1","HU","7067031028","HU","7049071262","","E","",11,"nem","nem"
"D","20","HU","7049088112","2023","1","HU","7067031028","HU","7049076267",2296751,"A","",11,"igen","igen"
"D","20","HU","7049088125","2023","2","HU","7067031028","HU","7049076267",6977948,"a","",11,"nem","igen"
"D","20","HU","7020223923","2023","1","HU","7019135721","HU","7043037125","","E","",11,"nem","nem"
"D","20","HU","7020219258","2023","1","HU","7019135721","HU","7043044385","","E","",11,"nem","nem"
"D","20","HU","7034087029","2023","1","","","","","","k","",11,"nem","nem"
"D","20","HU","7034087087","2023","2","","","","",8800725,"E","",11,"nem","nem"
"D","20","HU","7067044057","2023","1","HU","7067031367","HU","7019127065",8215035,"E","",11,"nem","igen"
"D","20","HU","7067044015","2023","2","HU","7067031367","HU","7067031309",6737115,"A","",11,"nem","igen"
"D","20","HU","7034090511","2023","2","HU","7049070894","HU","7043046051",6860033,"A","",11,"nem","igen"
"D","20","HU","7049088844","2023","2","HU","7049068978","HU","7049037682",4455950,"b","",11,"nem","nem"
"D","20","HU","7019123988","2023","2","HU","7049076650","HU","7019145489","","b","",11,"nem","nem"
"D","20","HU","7019123850","2023","2","HU","7049076650","HU","7019145504","","b","",11,"nem","nem"
"D","20","HU","7019123777","2023","2","HU","7067044817","HU","7049076311","","b","",11,"nem","nem"
"D","20","HU","7019123636","2023","1","HU","7067044817","HU","7049076407","","k","",11,"nem","nem"
"D","20","HU","7083014908","2023","1","HU","7049070849","HU","7049066822","","E","",11,"nem","nem"
"D","20","HU","7083015066","2023","2","HU","7050085627","HU","7083006846",6690319,"B","",11,"nem","igen"
"D","20","HU","7033114401","2023","1","HU","7030102939","HU","7019112120",6655815,"A","",11,"nem","igen"
"D","20","HU","7033114373","2023","1","HU","7030102939","HU","7043046150","","k","",11,"nem","nem"
"D","20","HU","7033114344","2023","1","HU","7030102939","HU","7049057462","","K","",11,"nem","nem"
"D","20","HU","7033114399","2023","2","HU","7030102939","HU","7049057756",8852407,"a","",11,"nem","nem"
"D","20","HU","7034095417","2023","1","HU","7067044817","HU","7019122932","","a","",11,"nem","nem"
"D","201","HU","7034095459","2023","2","HU","7043035628","HU","7077009985","","E","",11,"nem","nem"
"D","20","HU","7043054605","2023","2","HU","7043042271","HU","7043033259","","a","",11,"nem","nem"
"D","20","HU","7043054308","2023","1","HU","7049076410","HU","7043034883","","k","",11,"nem","nem"
"D","20","HU","7043054452","2023","1","HU","7043042271","HU","7043040703","","a","",11,"nem","nem"
"D","20","HU","7043054788","2023","1","HU","7043042271","HU","7043040729","","k","",11,"nem","nem"
"D","2000","HU","7043054535","2023","2","HU","7043042271","HU","7043042213","","b","",11,"nem","nem"
"D","20","HU","7043054717","2023","2","HU","7043042271","HU","7043046080",1318221,"a","",11,"nem","igen"
"D","20","HU","7049088240","2023","1","HU","7049068978","HU","7049048651",8760030,"K","",11,"nem","nem"
"D","20","HU","7049088365","2023","2","HU","7049068978","HU","7049062000","","a","",11,"nem","nem"
"D","20","HU","7049088170","2023","2","HU","7049068978","HU","7049062464",6977948,"a","",11,"nem","igen"
"D","20","HU","7067057015","2023","2","HU","7067044817","HU","7019149821",6655815,"A",2,11,"nem","igen"
"D","20","HU","7067056986","2023","2","HU","7067044817","HU","7083003380",6655815,"B",2,11,"nem","igen"
"D","20","HU","7019153158","2023","2","HU","7049062448","HU","7019122606",7752955,"a","",11,"nem","nem"
"D","20","HU","7019153356","2023","2","HU","7067044817","HU","7049062310",7752955,"a","",11,"nem","nem"
"D","20","HU","7019153369","2023","2","HU","7049062448","HU","7019123173",7752955,"a","",11,"nem","nem"
"D","20","HU","7019153372","2023","2","HU","7049062448","HU","7019123173",7752955,"a","",11,"nem","nem"
"D","20","HU","7019153426","2023","2","HU","7049076650","HU","7019140327","","a","",11,"nem","nem"
"D","20","HU","7034087227","2023","1","","","","","","E","",11,"nem","nem"
"D","20","HU","7083017802","2024","2","HU","7083003038","HU","7083006411",6880549,"a","",11,"nem","igen"
"D","20","HU","7083015628","2023","2","HU","7083006297","HU","7050099798","","b","",11,"nem","nem"
"D","20","HU","7083015545","2023","2","HU","7083006297","HU","7050099839","","a","",11,"nem","nem"
"D","20","HU","7083015334","2023","1","HU","7083006297","HU","7083003249",6880549,"B","",11,"igen","igen"
"D","20","HU","7083015347","2023","2","HU","7083006297","HU","7083003249","","E","",11,"nem","nem"
"D","20","HU","7083015376","2023","2","HU","7083006297","HU","7083006622",7109834,"a","",11,"nem","nem"
"D","20","HU","7083015446","2023","2","HU","7083006297","HU","7083006718",7109834,"a","",11,"nem","nem"
"D","20","HU","7025101495","2023","2","","","","","","E","",11,"nem","nem"
"D","20","HU","7025100999","2023","2","","","","","","E","",11,"nem","nem"
"D","20","HU","7025100858","2023","1","HU","7043036645","HU","7050079228","","E","",11,"nem","nem"
"D","2001","HU","7025100887","2023","1","HU","7049061702","HU","7050086532","","E","",11,"nem","nem"
"D","20","HU","7034095516","2023","2","HU","7043035628","HU","7019122578",6963006,"a","",11,"nem","nem"
"D","20","HU","7049092928","2024","2","HU","7067031028","HU","7049037710","","a","",11,"nem","nem"
"D","20","HU","7049093028","2024","1","HU","7067031028","HU","7049041584","","k","",11,"nem","nem"
"D","20","HU","7043054407","2023","1","HU","7043042271","HU","7043030818","","k","",11,"nem","nem"
"D","20","HU","7043054449","2023","1","HU","7043042271","HU","7043035657","","E","",11,"nem","nem"
"D","20","HU","7033120983","2024","1","HU","7030102939","HU","7043046150",1145467,"A","",11,"igen","igen"
"D","20","HU","7049092621","2024","2","HU","7049065991","HU","7049065719","","a","",11,"nem","nem"
"D","20","HU","7049092733","2024","2","HU","7049065991","HU","7049066132","","a","",11,"nem","nem"
"D","20","HU","7049093143","2024","1","HU","7067031028","HU","7049066695","","k","",11,"nem","nem"
"D","20","HU","7049093156","2024","2","HU","7067031028","HU","7049066695",2296751,"b","",11,"nem","nem"
"D","20","HU","7049092494","2024","2","HU","7049065991","HU","7049066851","","a","",11,"nem","nem"
"D","20","HU","7049092551","2024","2","HU","7019135552","HU","7049070724","","a","",11,"nem","nem"
"D","20","HU","7049092449","2024","1","HU","7067031028","HU","7049071259","","k","",11,"nem","nem"
"D","20","HU","7049093268","2024","1","HU","7067031028","HU","7049082215","","x","",11,"nem","nem"
"D","20","HU","7034090595","2024","2","HU","7049070894","HU","7043046019",6860033,"a","",11,"nem","igen"
"D","20","HU","7067055646","2023","1","HU","7067030858","HU","7019082535",8239428,"A","",11,"nem","nem"
"D","20","HU","7067044268","2023","2","HU","7067030858","HU","7019082887",6737115,"A","",11,"nem","igen"
"D","20","HU","7067044255","2023","2","HU","7067030858","HU","7067030973",6737115,"A","",11,"nem","igen"
"D","20","HU","7091000137","2023","2","HU","7049076410","HU","7043047560","","E","",11,"nem","nem"
"D","2000","HU","7091000041","2023","1","HU","7049076410","HU","7043047937","","E","",11,"nem","nem"
"D","20","HU","7091000096","2023","2","HU","7049076410","HU","7043049137","","E","",11,"nem","nem"
"D","20","HU","7091000281","2023","2","HU","7049076410","HU","7043035756","","b","",11,"nem","nem"
"D","20","HU","7091000294","2023","1","HU","7049076410","HU","7043045513","","E","",11,"nem","nem"
"D","20","HU","7083017336","2024","2","HU","7049081889","HU","7083006846",6690319,"b","",11,"nem","igen"
"D","20","HU","7083017349","2024","2","HU","7049081889","HU","7083006846",6690319,"b","",11,"nem","igen"
"D","20","HU","7083017323","2024","1","HU","7049081889","HU","7083006862","","a","",11,"nem","nem"
"D","20","HU","7083017451","2024","2","HU","7049081889","HU","7083006888",6690319,"b","",11,"nem","igen"
"D","20","HU","7034098915","2024","1","HU","7049071019","HU","7034086859","","a","",11,"nem","nem"
"D","20","HU","7034098973","2024","2","HU","7049071019","HU","7034090243","","a","",11,"nem","nem"
"D","20","HU","7034098887","2024","1","HU","7049071019","HU","7034090269","","a","",11,"nem","nem"
"D","20","HU","7020228337","2024","2","HU","7019135721","HU","7020219191",6729882,"b","",11,"nem","nem"
"D","20","HU","7020228551","2024","1","HU","7019135721","HU","7020219203","","E","",11,"nem","nem"
"D","20","HU","7020228580","2024","2","HU","7019135721","HU","7043025634",6729882,"b","",11,"nem","nem"
"D","20","HU","7083018072","2024","2","HU","7049081607","HU","7083011864","","a","",11,"nem","nem"
"D","20","HU","7083018056","2024","1","HU","7049081607","HU","7083011918","","E","",11,"nem","nem"
"D","20","HU","7034095545","2024","1","HU","7043035628","HU","7049081748","","E","",11,"nem","nem"
"D","20","HU","7034098775","2024","2","HU","7049071019","HU","7034086763","","x","",11,"nem","nem"
"D","20","HU","7034098746","2024","2","HU","7049071019","HU","7043045654",8800725,"a","",11,"nem","igen"
"D","20","HU","7034098759","2024","2","HU","7049071019","HU","7043045654",8800725,"a","",11,"nem","igen"
"D","20","HU","7043054270","2023","1","HU","7049076410","HU","7043030665",9242281,"K","",11,"nem","nem"
"D","20","HU","7067059707","2024","2","HU","7049062448","HU","7019122664","","a","",11,"nem","nem"
"D","20","HU","7067056027","2024","1","HU","7067031367","HU","7067031099",6988393,"K","",11,"nem","nem"
"D","20","HU","7067055828","2024","2","HU","7067031367","HU","7067044411",6737115,"a","",11,"nem","igen"
"D","20","HU","7067056056","2024","1","HU","7067031367","HU","7067044581",8215035,"a","",11,"nem","igen"
"D","20","HU","7091003747","2024","1","HU","7030103000","HU","7043045852","","a","",11,"nem","nem"
"D","20","HU","7091004061","2024","2","HU","7043042271","HU","7043047630","","x","",11,"nem","nem"
"D","20","HU","7091004326","2024","2","HU","7030103000","HU","7043041775",1318221,"E","",11,"nem","igen"
"D","20","HU","7091004243","2024","1","HU","7049076410","HU","7043042015","","E","",11,"nem","nem"
"D","20","HU","7091004199","2024","1","HU","7030103000","HU","7043046220","","E","",11,"nem","nem"
"D","20","HU","7091004186","2024","1","HU","7049076410","HU","7043047487","","E","",11,"nem","nem"
"D","20","HU","7049093297","2024","2","HU","7067031028","HU","7049082059","","a","",11,"nem","nem"
"D","20","HU","7025104571","2025","2","HU","7083003038","HU","7025090788",4665472,"x","",11,"nem","igen"
"D","20","HU","7025104584","2025","1","HU","7083003038","HU","7025090788",4665472,"x","",11,"nem","igen"
"D","20","HU","7025104401","2025","2","HU","7083003038","HU","7025090803",4665472,"x","",11,"nem","igen"
"D","20","HU","7025104500","2025","2","HU","7050079752","HU","7025097660",4665472,"x","",11,"nem","igen"
"D","20","HU","7025104485","2025","2","HU","7050079752","HU","7049071163",4665472,"x","",11,"nem","igen"
"D","20","HU","7025104766","2025","2","HU","7083003038","HU","7049076676",4665472,"x","",11,"nem","igen"
"D","20","HU","7033121038","2025","1","HU","7049088576","HU","7030103013",1244991,"K","",11,"nem","igen"
"D","20","HU","7033121249","2025","1","HU","7049088576","HU","7033114328",6963480,"a","",11,"nem","igen"
"D","20","HU","7033121207","2025","1","HU","7049088576","HU","7033114331",6963480,"a","",11,"nem","igen"
"D","20","HU","7033121070","2025","2","HU","7049088576","HU","7043046150",6706311,"a","",11,"nem","nem"
"D","20","HU","7049097134","2025","2","HU","7067031028","HU","7049057686","","a","",11,"nem","nem"
"D","20","HU","7049097176","2025","1","HU","7083015011","HU","7049062167","","a","",11,"nem","nem"
"D","20","HU","7049097259","2025","1","HU","7067031028","HU","7049066158","","k","",11,"nem","nem"
"D","20","HU","7049093396","2025","2","HU","7083015011","HU","7049076270","","a","",11,"nem","nem"
"D","20","HU","7049093411","2025","1","HU","7083015011","HU","7049076270","","a","",11,"nem","nem"
"D","20","HU","7049093581","2025","1","HU","7049088857","HU","7049082202","","a","",11,"nem","nem"
"D","20","HU","7049097163","2025","1","HU","7083015011","HU","7049088787",6963480,"k","",11,"nem","igen"
"D","20","HU","7049093552","2025","1","HU","7067031028","HU","7049062068",6963480,"k","",11,"nem","igen"
"D","20","HU","7067056494","2024","1","HU","7067031367","HU","7019128079",8215035,"A","",11,"nem","igen"
"D","20","HU","7067056238","2024","2","HU","7067031367","HU","7067031226",6737115,"b","",11,"nem","igen"
"D","20","HU","7067056270","2024","2","HU","7067031367","HU","7067043902",6737115,"a","",11,"nem","igen"
"D","20","HU","7078008727","2025","2","HU","7034087003","HU","7034086763",8800725,"a","",11,"nem","igen"
"D","20","HU","7034099099","2025","2","HU","7034087003","HU","7034086817",8800725,"b","",11,"nem","igen"
"D","20","HU","7078008701","2025","2","HU","7034087003","HU","7034087102",8800725,"b","",11,"nem","igen"
"D","20","HU","7078008769","2025","1","HU","7034087003","HU","7034090243","","a","",11,"nem","nem"
"D","20","HU","7078008884","2025","1","HU","7034087003","HU","7043044848","","a","",11,"nem","nem"
"D","20","HU","7034099200","2025","2","HU","7034087003","HU","7043045427",8800725,"a","",11,"nem","igen"
"D","20","HU","7078008941","2025","1","HU","7034087003","HU","7043045430","","a","",11,"nem","nem"
"D","20","HU","7078008909","2025","1","HU","7034087003","HU","7043045555","","k","",11,"nem","nem"
"D","20","HU","7078008897","2025","1","HU","7034087003","HU","7043045555","","k","",11,"nem","nem"
"D","20","HU","7078008868","2025","1","HU","7034087003","HU","7043045795",8800725,"a","",11,"nem","igen"
"D","20","HU","7083020435","2025","2","HU","7049081889","HU","7083006862",6690319,"a","",11,"nem","igen"
"D","20","HU","7083020576","2025","1","HU","7049081889","HU","7083015222","","k","",11,"nem","nem"
"D","20","HU","7083020901","2025","2","HU","7049081607","HU","7049070881",6673952,"b","",11,"nem","igen"
"D","201","HU","7083020914","2025","2","HU","7049081607","HU","7077010615","","E","",11,"nem","nem"
"D","2001","HU","7083020802","2025","2","HU","7049081607","HU","7077020232",6673952,"b","",11,"nem","igen"
"D","20","HU","7091004636","2025","2","HU","7049076410","HU","7043033811",1318221,"a","",11,"nem","igen"
"D","20","HU","7091004566","2025","2","HU","7049076410","HU","7043035574","","a","",11,"nem","nem"
"D","20","HU","7091004933","2025","1","HU","7049076410","HU","7043046118","","k","",11,"nem","nem"
"D","202","HU","7025102029","2024","1","HU","7067044817","HU","7025084673","","E","",11,"nem","nem"
"D","20","HU","7025101932","2024","1","HU","7049061702","HU","7025090689",4665472,"a","",11,"nem","igen"
"D","20","HU","7025104050","2024","2","HU","7050079752","HU","7025090902","","b","",11,"nem","nem"
"D","20","HU","7025101929","2024","2","HU","7050079752","HU","7025090915","","b","",11,"nem","nem"
"D","20","HU","7025104120","2024","1","HU","7050079752","HU","7049082116","","a","",11,"nem","nem"
"D","20","HU","7025104018","2024","2","HU","7050079752","HU","7049082314",4665472,"a","",11,"nem","igen"
"D","20","HU","7025104034","2024","2","HU","7067044817","HU","7050062774","","b","",11,"nem","nem"
"D","20","HU","7025102058","2024","1","HU","7049061702","HU","7050086558",4665472,"k","",11,"nem","igen"
"D","20","HU","7034105459","2025","1","HU","7049088378","HU","7043046275",6860033,"a","",11,"nem","igen"
"D","202","HU","7067063344","2024","1","","","","",1145467,"B","",11,"nem","igen"
"D","20","HU","7067056551","2024","1","HU","7067031367","HU","7019077070",7041990,"K","",11,"nem","nem"
"D","20","HU","7067056548","2024","2","HU","7067031367","HU","7019126840",6737115,"a","",11,"nem","igen"
"D","20","HU","7067056522","2024","1","HU","7067031367","HU","7019127304",8215035,"k","",11,"nem","igen"
"D","20","HU","7067056535","2024","2","HU","7067031367","HU","7019127304",6737115,"b","",11,"nem","igen"
"D","20","HU","7067061607","2024","1","HU","7067031367","HU","7067043928","","x","",11,"nem","nem"
"D","20","HU","7083021027","2025","2","HU","7034090508","HU","7034095420",6981817,"b","",11,"nem","igen"
"D","20","HU","7083021030","2025","2","HU","7034090508","HU","7043054829",6981817,"b","",11,"nem","igen"
"D","20","HU","7091003888","2024","1","HU","7030103000","HU","7043033259","","k","",11,"nem","nem"
"D","20","HU","7091000418","2024","2","HU","7030103000","HU","7043035277",1318221,"a","",11,"nem","igen"
"D","20","HU","7091003833","2024","2","HU","7049076410","HU","7043035701",1318221,"a","",11,"nem","igen"
"D","20","HU","7091003903","2024","1","HU","7049076410","HU","7043041072","","E","",11,"nem","nem"
"D","20","HU","7043055143","2024","1","HU","7030103000","HU","7043042817","","x","",11,"nem","nem"
"D","20","HU","7091000393","2024","2","HU","7030103000","HU","7043045399",1318221,"a","",11,"nem","igen"
"D","20","HU","7091003792","2024","1","HU","7049076410","HU","7043045836","","K","",11,"nem","nem"
"D","20","HU","7043055169","2024","2","HU","7030103000","HU","7043046048","","x","",11,"nem","nem"
"D","20","HU","7091000489","2024","2","HU","7049076410","HU","7043049054",1318221,"b","",11,"nem","igen"
"D","20","HU","7083017901","2024","2","HU","7083003038","HU","7083011299","","b","",11,"nem","nem"
"D","20","HU","7067061566","2025","1","HU","7067031367","HU","7067031255",6737115,"a","",11,"nem","igen"
"D","20","HU","7067061537","2025","1","HU","7067031367","HU","7067044370",6737115,"a","",11,"nem","igen"
"D","20","HU","7067061483","2025","1","HU","7067031367","HU","7067044721",6737115,"a","",11,"nem","igen"
"D","20","HU","7083021522","2025","1","HU","7083015334","HU","7050094988","","k","",11,"nem","nem"
"D","20","HU","7083021366","2025","2","HU","7083015334","HU","7083006466",9930672,"b","",11,"nem","nem"
"D","20","HU","7083021379","2025","2","HU","7083015334","HU","7083006565",6880549,"a","",11,"nem","nem"
"D","20","HU","7083021395","2025","2","HU","7083015334","HU","7083006718",6706311,"a","",11,"nem","nem"
"D","20","HU","7043035459","2017","2","HU","7019067622","HU","7043021234","","a","",11,"nem","nem"
"D","20","HU","7019127614","2016","1","HU","7019055991","HU","7019083763","","k","",11,"nem","nem"
"D","20","HU","7025079796","2019","1","HU","7025048710","HU","7050062646","","E","",11,"nem","nem"
"D","20","HU","7050086970","2018","1","HU","7019083127","HU","7050063155","","E","",11,"nem","nem"
"D","20","HU","7019076772","2012","2","HU","7019055991","HU","7019053072","","b","",11,"nem","nem"
"D","20","HU","7043042325","2019","1","HU","7050053497","HU","7043033259","","k","",11,"nem","nem"
"D","20","HU","7019083510","2013","2","HU","7030044556","HU","7019045741","","E","",11,"nem","nem"
"D","20","HU","7030049788","2014","1","HU","7019067495","HU","7030066239","","E","",11,"nem","nem"
"D","20","HU","7049035169","2014","1","","","HU","7049019693","","E","",11,"nem","nem"
"D","2001","HU","7025079585","2019","1","HU","7050063519","HU","7050078029","","E","",11,"nem","nem"
"D","20","HU","7019066212","2011","1","HU","7019048418","HU","7003077554","","K","",11,"nem","nem"
"D","20","HU","7049066033","2019","1","HU","7049048820","HU","7049057602","","E","",11,"nem","nem"
"D","20","HU","7037003828","2002","2","","","","","","E","",11,"nem","nem"
"D","2001","HU","7019035096","2010","1","HU","7011014507","HU","7050009456","","E","",11,"nem","nem"
"D","20","HU","7019079340","2013","1","HU","7019060542","HU","7019066379","","E","",11,"nem","nem"
"D","20","HU","7065016766","2019","1","HU","7019091656","HU","7049048594","","k","",11,"nem","nem"
"D","20","HU","7051041918","2016","1","HU","7019082647","HU","7051033393","","E","",11,"nem","nem"
"D","20","HU","7050044280","2013","2","HU","7025030450","HU","7025030393","","b","",11,"nem","nem"
"D","20","HU","7019083338","2014","1","HU","7030044556","HU","7019045204","","E","",11,"nem","nem"
"D","20","HU","7038021762","2011","2","HU","7038006057","HU","7008076350","","E","",11,"nem","nem"
"D","20","HU","7019123892","2016","1","HU","7019091771","HU","7019079410","","E","",11,"nem","nem"
"D","20","HU","7043036984","2018","2","HU","7043024208","HU","7043030582","","b","",11,"nem","nem"
"D","20","HU","7019066410","2011","1","HU","7019048380","HU","7024019120","","B","",11,"nem","nem"
"D","20","HU","7019045598","2008","2","","","","","","B","",11,"nem","nem"
"D","20","HU","7025026602","2012","1","HU","7038006057","HU","7008077377","","E","",11,"nem","nem"
"D","20","HU","7043041788","2019","1","HU","7050053497","HU","7043024336","","a","",11,"nem","nem"
"D","20","HU","7043037659","2017","1","HU","7050053497","HU","7043029878","","E","",11,"nem","nem"
"D","20","HU","7043023319","2012","1","HU","7011014507","HU","7009039817","","E","",11,"nem","nem"
"D","20","HU","7019111976","2015","2","HU","7019079197","HU","7028018084","","b","",11,"nem","nem"
"D","20","HU","7019082720","2014","1","HU","7019055991","HU","7019076318","","K","",11,"nem","nem"
"D","20","HU","7049065946","2019","2","HU","7049048820","HU","7049057686","","E","",11,"nem","nem"
"D","20","HU","7064008030","2003","2","HU","7064000524","HU","7064000269","","E","",11,"nem","nem"
"D","20","HU","7043030540","2015","2","HU","7019077137","HU","7003051509","","b","",11,"nem","nem"
"D","20","HU","7050095116","2018","1","HU","7019123269","HU","7050075828","","E","",11,"nem","nem"
"D","20","HU","7043021205","2011","2","HU","7011014507","HU","7043019280","","E","",11,"nem","nem"
"D","20","HU","7019137356","2018","1","HU","7049041852","HU","7019122961","","E","",11,"nem","nem"
"D","202","HU","7019112401","2018","1","HU","7049041852","HU","7019123090","","E","",11,"nem","nem"
"D","20","HU","7043030483","2015","2","HU","7019077137","HU","7003051512","","b","",11,"nem","nem"
"D","20","HU","7043030496","2015","1","HU","7019077137","HU","7055025365","","k","",11,"nem","nem"
"D","20","HU","7019091809","2018","2","HU","7019111749","HU","7019091180","","a","",11,"nem","nem"
"D","20","HU","7019128305","2017","2","HU","7019091656","HU","7019082858","","b","",11,"nem","nem"
"D","20","HU","7050078032","2016","2","HU","7050063522","HU","7050062576","","x","",11,"nem","nem"
"D","20","HU","7043036856","2017","2","HU","7019077137","HU","7055025365","","b","",11,"nem","nem"
"D","20","HU","7019067060","2011","2","HU","7019048377","HU","7030024916","","E","",11,"nem","nem"
"D","20","HU","7003051174","2010","2","","","HU","7031020388","","E","",11,"nem","nem"
"D","20","HU","7025036779","2013","1","HU","7038020873","HU","7038021171","","E","",11,"nem","nem"
"D","20","HU","7019140301","2019","2","HU","7050087728","HU","7019091333","","E","",11,"nem","nem"
"D","20","HU","7050095103","2018","1","HU","7019123269","HU","7050075828","","E","",11,"nem","nem"
"D","20","HU","7025026686","2012","1","HU","7038021270","HU","7038021197","","E","",11,"nem","nem"
"D","20","HU","7043037042","2018","2","HU","7043024208","HU","7043030537","","b","",11,"nem","nem"
"D","20","HU","7031020557","2007","2","","","","","","E","",11,"nem","nem"
"D","20","HU","7064000339","2000","2","","","HU","7064000061","","E","",11,"nem","nem"
"D","20","HU","7049057813","2018","2","HU","7050075550","HU","7049019718","","E","",11,"nem","nem"
"D","20","HU","7025037051","2014","1","HU","7038020873","HU","7038021746","","E","",11,"nem","nem"
"D","20","HU","7059006933","2014","1","HU","7011014507","HU","7009039846","","E","",11,"nem","nem"
"D","20","HU","7019091304","2014","2","HU","7025030450","HU","7019045585","","b","",11,"nem","nem"
"D","20","HU","7019076152","2013","1","","","HU","7019055748","","E","",11,"nem","nem"
"D","2001","HU","7025080781","2019","2","HU","7050063519","HU","7050086516","","b","",11,"nem","nem"
"D","201","HU","7051038608","2015","1","HU","7019056327","HU","7051033380","","E","",11,"nem","nem"
"D","20","HU","7038021098","2010","2","HU","7021005685","HU","7008076165","","E","",11,"nem","nem"
"D","20","HU","7019060526","2010","1","HU","7019048364","HU","7029001641","","E","",11,"nem","nem"
"D","20","HU","7051038637","2016","1","HU","7019082647","HU","7051033377","","E","",11,"nem","nem"
"D","20","HU","7033054240","2015","1","HU","7019067622","HU","7043021234","","E","",11,"nem","nem"
"D","20","HU","7043024435","2014","1","HU","7019067622","HU","7043023658","","E","",11,"nem","nem"
"D","20","HU","7043025593","2014","1","HU","7036005834","HU","7003051314","","E","",11,"nem","nem"
"D","20","HU","7019076376","2012","2","HU","7019055991","HU","7019045192","","b","",11,"nem","nem"
"D","20","HU","7043040633","2018","1","HU","7050053497","HU","7043033233","","k","",11,"nem","nem"
"D","20","HU","7049061971","2018","1","HU","7050075550","HU","7049048721","","E","",11,"nem","nem"
"D","20","HU","7051043246","2017","1","HU","7019082647","HU","7051036817","","x","",11,"nem","nem"
"D","20","HU","7043040972","2018","1","HU","7019123722","HU","7043029980","","a","",11,"nem","nem"
"D","20","HU","7030037239","2010","1","","","HU","7030024255","","E","",11,"nem","nem"
"D","20","HU","7049034944","2014","2","","","HU","7049019677","","E","",11,"nem","nem"
"D","20","HU","7026042416","2015","1","HU","7019091362","HU","7026031971","","E","",11,"nem","nem"
"D","20","HU","7049057574","2017","1","HU","7019112133","HU","7049041584","","k","",11,"nem","nem"
"D","20","HU","7038020857","2010","1","HU","7021005685","HU","7038005944","","E","",11,"nem","nem"
"D","20","HU","7051043259","2017","1","HU","7019082647","HU","7051036792","","x","",11,"nem","nem"
"D","20","HU","7049062266","2018","1","HU","7049048820","HU","7049041584",9785302,"K","",11,"nem","nem"
"D","20","HU","7043034276","2016","1","HU","7043024208","HU","7031020164","","E","",11,"nem","nem"
"D","20","HU","7043042172","2019","1","HU","7019123722","HU","7043037758","","k","",11,"nem","nem"
"D","20","HU","7049066707","2019","2","HU","7019112133","HU","7049035172","","b","",11,"nem","nem"
"D","20","HU","7050087067","2018","1","HU","7019083127","HU","7050063142","","E","",11,"nem","nem"
"D","20","HU","7055025589","2005","2","HU","7064007787","HU","7064000186","","B","",11,"nem","nem"
"D","20","HU","7049057855","2018","1","HU","7049048820","HU","7049041597","","E","",11,"nem","nem"
"D","20","HU","7043041030","2018","1","HU","7050053497","HU","7043029878","","E","",11,"nem","nem"
"D","20","HU","7038021238","2010","1","HU","7021005685","HU","7008076433","","E","",11,"nem","nem"
"D","20","HU","7003051554","2011","1","HU","7045031242","HU","7064002120","","E","",11,"nem","nem"
"D","20","HU","7043044695","2019","1","HU","7019123722","HU","7043023731","","E","",11,"nem","nem"
"D","20","HU","7082000614","2019","2","HU","7043034755","HU","7049019721","","b","",11,"nem","nem"
"D","20","HU","7019127289","2016","1","HU","7019055991","HU","7019082717","","k","",11,"nem","nem"
"D","20","HU","7043037097","2018","2","HU","7043024208","HU","7055025365","","b","",11,"nem","nem"
"D","20","HU","7043029993","2015","2","HU","7019067622","HU","7043023715","","a","",11,"nem","nem"
"D","20","HU","7019056132","2010","1","","","HU","7003077851","","E","",11,"nem","nem"
"D","2001","HU","7043022970","2012","2","HU","7011014507","HU","7009039888","","E","",11,"nem","nem"
"D","20","HU","7059007059","2014","1","HU","7011014507","HU","7009040620","","E","",11,"nem","nem"
"D","20","HU","7043024464","2014","1","HU","7019067622","HU","7043021218","","E","",11,"nem","nem"
"D","20","HU","7026032237","2013","1","HU","7046022401","HU","7046024010","","E","",11,"nem","nem"
"D","2001","HU","7019035083","2010","1","HU","7011014507","HU","7050009456","","E","",11,"nem","nem"
"D","20","HU","7026062689","2017","2","RO","2560530977","HU","7026031898","","b","",11,"nem","nem"
"D","202","HU","7019079788","2018","1","HU","7049041852","HU","7019123409","","E","",11,"nem","nem"
"D","20","HU","7043044637","2019","1","HU","7019123722","HU","7043021221","","E","",11,"nem","nem"
"D","20","HU","7043025986","2014","1","HU","7045031242","HU","7031020375",9552579,"K","",11,"nem","nem"
"D","20","HU","7019091346","2014","2","HU","7019067648","HU","7019046557","","E","",11,"nem","nem"
"D","20","HU","7049057800","2018","2","HU","7050075550","HU","7049019718","","E","",11,"nem","nem"
"D","20","HU","7019091458","2014","1","HU","7019079197","HU","7019067651","","K","",11,"nem","nem"
"D","20","HU","7019137202","2018","2","HU","7049041849","HU","7019111806","","b","",11,"nem","nem"
"D","20","HU","7043024026","2013","1","HU","7011014507","HU","7043015666","","E","",11,"nem","nem"
"D","20","HU","7067030845","2019","2","HU","7019082973","HU","7019128219",4739104,"E","",11,"nem","nem"
"D","20","HU","7019076602","2012","1","HU","7030044556","HU","7019048393","","E","",11,"nem","nem"
"D","20","HU","7038022057","2011","1","HU","7038006057","HU","7037002885","","E","",11,"nem","nem"
"D","20","HU","7043043805","2019","2","HU","7043024240","HU","7043034151","","a","",11,"nem","nem"
"D","20","HU","7019066593","2011","2","HU","7019048380","HU","7030024958","","E","",11,"nem","nem"
"D","20","HU","7038021168","2010","1","HU","7021005685","HU","7008076433","","E","",11,"nem","nem"
"D","20","HU","7043043719","2019","2","HU","7043024240","HU","7003051314","","a","",11,"nem","nem"
"D","20","HU","7019112175","2015","1","HU","7019079197","HU","7024019485","","k","",11,"nem","nem"
"D","20","HU","7050075646","2016","1","HU","7019082647","HU","7025048541","","E","",11,"nem","nem"
"D","20","HU","7043040930","2018","1","HU","7050053497","HU","7043020840","","E","",11,"nem","nem"
"D","20","HU","7019066676","2011","1","HU","7019048380","HU","7028018084","","E","",11,"nem","nem"
"D","20","HU","7026071599","2018","1","RO","2560530977","HU","7026031971",915986,"E","",11,"nem","nem"
"D","20","HU","7019126965","2016","1","HU","7019091656","HU","7019056314","","k","",11,"nem","nem"
"D","20","HU","7019067396","2012","2","HU","7019048380","HU","7019060274","","E","",11,"nem","nem"
"D","20","HU","7019066845","2011","1","HU","7019048380","HU","7019046573","","E","",11,"nem","nem"
"D","20","HU","7043037435","2017","1","HU","7050053497","HU","7043017163","","k","",11,"nem","nem"
"D","20","HU","7043030595","2015","1","HU","7019077137","HU","7043025692","","K","",11,"nem","nem"
"D","20","HU","7049062451","2019","1","HU","7019112133","HU","7049048888","","k","",11,"nem","nem"
"D","20","HU","7019088979","2019","2","HU","7049041782","HU","7019135354","","x","",11,"nem","nem"
"D","20","HU","7055025394","2011","2","HU","7045031242","HU","7031019971","","E","",11,"nem","nem"
"D","20","HU","7019067680","2012","1","HU","7019048380","HU","7019045668","","E","",11,"nem","nem"
"D","20","HU","7019082704","2014","1","HU","7030044556","HU","7024019430","","E","",11,"nem","nem"
"D","20","HU","7067030816","2019","1","HU","7019082973","HU","7019128321","","E","",11,"nem","nem"
"D","20","HU","7019091515","2014","2","HU","7019067648","HU","7019060469","","a","",11,"nem","nem"
"D","20","HU","7043038056","2018","1","HU","7050053497","HU","7043030719","","a","",11,"nem","nem"
"D","20","HU","7043020895","2011","1","HU","7011014507","HU","7043017316","","E","",11,"nem","nem"
"D","20","HU","7043037985","2018","2","HU","7019123722","HU","7043023690","","a","",11,"nem","nem"
"D","20","HU","7049048891","2016","1","HU","7043024240","HU","7049037653","","E","",11,"nem","nem"
"D","20","HU","7043030805","2015","1","HU","7019067622","HU","7043023731","","E","",11,"nem","nem"
"D","20","HU","7043034698","2016","2","HU","7019077137","HU","7043025692","","b","",11,"nem","nem"
"D","2012","HU","7043023210","2012","1","HU","7011014507","HU","7050009542","","E","",11,"nem","nem"
"D","20","HU","7043037563","2017","1","HU","7050053497","HU","7043029836","","E","",11,"nem","nem"
"D","20","HU","7043030384","2015","1","HU","7019077137","HU","7031019827","","E","",11,"nem","nem"
"D","20","HU","7049057727","2017","2","HU","7019112133","HU","7049028181","","b","",11,"nem","nem"
"D","2000","HU","7043023166","2012","1","HU","7011014507","HU","7043020837","","E","",11,"nem","nem"
"D","201","HU","7050078988","2018","1","HU","7050038401","HU","7050063072","","E","",11,"nem","nem"
"D","20","HU","7019076433","2012","1","HU","7030044556","HU","7019055962","","E","",11,"nem","nem"
"D","20","HU","7064002232","2004","2","HU","7064007691","HU","7064000326","","E","",11,"nem","nem"
"D","20","HU","7049061827","2018","1","HU","7049048820","HU","7049028181","","E","",11,"nem","nem"
"D","2001","HU","7050079020","2018","2","HU","7025048710","HU","7050078003","","b","",11,"nem","nem"
"D","20","HU","7019091924","2018","2","HU","7049041782","HU","7019091474","","a","",11,"nem","nem"
"D","20","HU","7019127359","2016","1","HU","7019055991","HU","7019076660","","k","",11,"nem","nem"
"D","20","HU","7043034685","2017","1","HU","7019077137","HU","7031019942","","k","",11,"nem","nem"
"D","20","HU","7064002373","2004","2","HU","7064007787","HU","7064007745","","E","",11,"nem","nem"
"D","20","HU","7019140439","2019","2","HU","7049041849","HU","7019112261","","a","",11,"nem","nem"
"D","20","HU","7043034656","2016","2","HU","7019077137","HU","7043025762","","b","",11,"nem","nem"
"D","20","HU","7030070425","2014","1","HU","7019067495","HU","7030037060","","E","",11,"nem","nem"
"D","20","HU","7019066494","2011","1","HU","7019048380","HU","7009011349","","E","",11,"nem","nem"
"D","20","HU","7043030876","2015","1","HU","7019067622","HU","7043022912","","E","",11,"nem","nem"
"D","20","HU","7049061913","2018","1","HU","7050075550","HU","7049048734","","E","",11,"nem","nem"
"D","20","HU","7043037844","2017","1","HU","7050053497","HU","7043023434","","k","",11,"nem","nem"
"D","20","HU","7043034250","2016","1","HU","7043024208","HU","7003051471","","E","",11,"nem","nem"
"D","20","HU","7019076277","2012","1","HU","7019052972","HU","7019045217","","E","",11,"nem","nem"
"D","20","HU","7019066197","2011","2","","","","","","E","",11,"nem","nem"
"D","20","HU","7019060287","2010","2","HU","7019048364","HU","7019046458","","E","",11,"nem","nem"
"D","20","HU","7043024394","2014","1","HU","7019067622","HU","7043023687","","E","",11,"nem","nem"
"D","20","HU","7019088528","2019","1","HU","7049041782","HU","7019122677","","x","",11,"nem","nem"
"D","20","HU","7019083057","2015","1","HU","7019055991","HU","7024019430","","k","",11,"nem","nem"
"D","20","HU","7043033684","2016","1","HU","7011014507","HU","7009039846","","k","",11,"nem","nem"
"D","20","HU","7049041667","2015","1","HU","7049034506","HU","7049019693","","E","",11,"nem","nem"
"D","20","HU","7043034614","2017","2","HU","7019077137","HU","7043030582","","x","",11,"nem","nem"
"D","20","HU","7049041696","2015","1","HU","7049034506","HU","7049022226","","E","",11,"nem","nem"
"D","20","HU","7019082931","2016","1","HU","7019091656","HU","7019077041","","E","",11,"nem","nem"
"D","20","HU","7064007787","2001","1","","","","","","E","",11,"nem","nem"
"D","20","HU","7026015728","2011","2","","","","","","E","",11,"nem","nem"
"D","20","HU","7019088391","2019","1","HU","7049041782","HU","7019111723","","x","",11,"nem","nem"
"D","20","HU","7043034896","2016","1","HU","7050053497","HU","7043021218","","k","",11,"nem","nem"
"D","20","HU","7043042750","2019","1","HU","7019123722","HU","7043033288","","a","",11,"nem","nem"
"D","20","HU","7025030377","2004","2","","","","","","E","",11,"nem","nem"
"D","20","HU","7049057587","2017","1","HU","7019112133","HU","7049041737","","k","",11,"nem","nem"
"D","20","HU","7019092053","2018","1","HU","7019111749","HU","7019112117","","a","",11,"nem","nem"
"D","20","HU","7019088221","2018","2","HU","7049041852","HU","7019123441","","x","",11,"nem","nem"
"D","20","HU","7059004379","1998","2","","","","","","E","",11,"nem","nem"
"D","20","HU","7038021593","2011","2","HU","7038006057","HU","7037003732","","E","",11,"nem","nem"
"D","20","HU","7043038126","2018","2","HU","7050053497","HU","7043034883","","E","",11,"nem","nem"
"D","20","HU","7049061690","2018","2","HU","7050075550","HU","7049041807","","E","",11,"nem","nem"
"D","20","HU","7043042929","2019","1","HU","7019123722","HU","7043034924","","a","",11,"nem","nem"
"D","20","HU","7043025663","2014","1","HU","7036005834","HU","7045030142","","E","",11,"nem","nem"
"D","201","HU","7019067044","2011","1","HU","7019048380","HU","7028018055","","E","",11,"nem","nem"
"D","20","HU","7019091908","2018","1","HU","7019111749","HU","7019091432","","a","",11,"nem","nem"
"D","20","HU","7049057660","2017","1","HU","7019112133","HU","7049037653","","E","",11,"nem","nem"
"D","20","HU","7019123595","2016","1","HU","7026036103","HU","7019092277","","k","",11,"nem","nem"
"D","202","HU","7019134957","2017","2","","","HU","7019112092","","E","",11,"nem","nem"
"D","20","HU","7043036814","2019","1","HU","7043024240","HU","7043030090","","k","",11,"nem","nem"
"D","20","HU","7043030511","2015","2","HU","7019077137","HU","7055025534","","b","",11,"nem","nem"
"D","20","HU","7019066564","2011","1","HU","7019048380","HU","7009011336","","E","",11,"nem","nem"
"D","20","HU","7019088809","2019","1","HU","7050087728","HU","7019135127","","x","",11,"nem","nem"
"D","20","HU","7049062109","2018","1","HU","7019112133","HU","7049048846","","E","",11,"nem","nem"
"D","20","HU","7049057417","2017","1","HU","7019112133","HU","7049041625","","k","",11,"nem","nem"
"D","20","HU","7025036836","2013","1","HU","7038020873","HU","7038021762","","E","",11,"nem","nem"
"D","20","HU","7067030928","2019","2","HU","7019082973","HU","7019127065","","a","",11,"nem","nem"
"D","20","HU","7050053538","2014","1","HU","7050038399","HU","7050044293","","E","",11,"nem","nem"
"D","20","HU","7038021337","2011","1","HU","7038006057","HU","7008078563","","E","",11,"nem","nem"
"D","20","HU","7019079267","2013","1","","","HU","7019046122","","E","",11,"nem","nem"
"D","20","HU","7024020821","2008","2","","","","","","B","",11,"nem","nem"
"D","20","HU","7019112290","2015","1","HU","7019088119","HU","7019042368","","k","",11,"nem","nem"
"D","20","HU","7043037310","2019","1","HU","7043024208","HU","7055025365","","k","",11,"nem","nem"
"D","20","HU","7019137033","2018","2","HU","7049041852","HU","7019123300","","E","",11,"nem","nem"
"D","20","HU","7019060146","2010","2","","","HU","7019045655","","E","",11,"nem","nem"
"D","20","HU","7019067031","2011","1","HU","7019048377","HU","7019046531","","E","",11,"nem","nem"
"D","20","HU","7043033882","2016","1","HU","7019077137","HU","7043025973","","k","",11,"nem","nem"
"D","20","HU","7028018109","2008","2","","","","","","E","",11,"nem","nem"
"D","20","HU","7043036869","2017","2","HU","7019077137","HU","7055025365","","b","",11,"nem","nem"
"D","20","HU","7050078722","2016","1","HU","7050038401","HU","7050062688","","x","",11,"nem","nem"
"D","20","HU","7019076628","2012","1","HU","7019055991","HU","7019053014","","E","",11,"nem","nem"
"D","20","HU","7043038001","2018","2","HU","7019123722","HU","7043035082","","x","",11,"nem","nem"
"D","20","HU","7019060542","2010","1","HU","7019048364","HU","7029001427","","B","",11,"nem","nem"
"D","20","HU","7043030946","2015","2","HU","7019067622","HU","7043023926","","b","",11,"nem","nem"
"D","20","HU","7049035073","2014","1","","","HU","7049019651","","E","",11,"nem","nem"
"D","201","HU","7050086800","2018","2","HU","7019083127","HU","7050062589","","E","",11,"nem","nem"
"D","201","HU","7025080161","2019","1","HU","7050063519","HU","7050063209","","E","",11,"nem","nem"
"D","20","HU","7031019856","2007","2","","","","","","E","",11,"nem","nem"
"D","20","HU","7049062026","2018","2","HU","7049048820","HU","7049048693","","E","",11,"nem","nem"
"D","20","HU","7043023012","2012","1","HU","7011014507","HU","7050004758","","E","",11,"nem","nem"
"D","20","HU","7043029823","2015","1","HU","7011014507","HU","7043017163","","k","",11,"nem","nem"
"D","20","HU","7038022060","2011","2","HU","7038006057","HU","7008078026","","E","",11,"nem","nem"
"D","20","HU","7030024309","2007","2","","","","","","E","",11,"nem","nem"
"D","20","HU","7043041931","2018","1","HU","7019123722","HU","7043024422","","a","",11,"nem","nem"
"D","20","HU","7019067127","2011","1","HU","7019048377","HU","7019045600","","E","",11,"nem","nem"
"D","20","HU","7049061885","2018","1","HU","7049048820","HU","7049035060","","E","",11,"nem","nem"
"D","20","HU","7019067750","2012","1","HU","7019048377","HU","7019046429","","E","",11,"nem","nem"
"D","20","HU","7019066478","2011","1","HU","7019048377","HU","7019046487","","E","",11,"nem","nem"
"D","20","HU","7051036820","2014","1","HU","7019056327","HU","7051033351","","E","",11,"nem","nem"
"D","20","HU","7019076305","2012","2","","","HU","7024019430","","E","",11,"nem","nem"
"D","20","HU","7019067271","2011","1","HU","7019048380","HU","7009021221","","E","",11,"nem","nem"
"D","20","HU","7043044781","2019","1","HU","7019123722","HU","7043023843","","a","",11,"nem","nem"
"D","20","HU","7043030230","2015","1","HU","7043025449","HU","7045030519","","k","",11,"nem","nem"
"D","20","HU","7043029782","2015","1","HU","7011014507","HU","7043020910","","k","",11,"nem","nem"
"D","20","HU","7043029810","2015","1","HU","7011014507","HU","7043020402","","k","",11,"nem","nem"
"D","20","HU","7043035558","2017","1","HU","7050053497","HU","7043031033","","k","",11,"nem","nem"
"D","20","HU","7043037729","2017","1","HU","7050053497","HU","7043030847","","E","",11,"nem","nem"
"D","20","HU","7019066113","2011","2","HU","7019048418","HU","7019053100","","E","",11,"nem","nem"
"D","20","HU","7019079407","2013","1","","","HU","7009011422","","E","",11,"nem","nem"
"D","20","HU","7019123933","2016","1","HU","7019091771","HU","7019066465","","k","",11,"nem","nem"
"D","20","HU","7043037026","2018","1","HU","7043024208","HU","7043030355","","k","",11,"nem","nem"
"D","20","HU","7049057321","2017","1","HU","7019112133","HU","7049037710","","k","",11,"nem","nem"
"D","20","HU","7030070579","2014","1","HU","7019067495","HU","7030066226","","E","",11,"nem","nem"
"D","20","HU","7019112287","2015","1","HU","7019088119","HU","7019042368","","k","",11,"nem","nem"
"D","20","HU","7019076459","2012","2","HU","7030044556","HU","7019053027","","E","",11,"nem","nem"
"D","201","HU","7050038357","2012","2","HU","7025030450","HU","7025030447","","E","",11,"nem","nem"
"D","20","HU","7019094282","2018","1","HU","7049041852","HU","7019122792","","k","",11,"nem","nem"
"D","20","HU","7043043016","2019","2","HU","7019123722","HU","7043030636","","b","",11,"nem","nem"
"D","2001","HU","7043035178","2017","1","HU","7050053497","HU","7009039888","","E","",11,"nem","nem"
"D","20","HU","7050075761","2016","2","HU","7019082647","HU","7025048541","","a","",11,"nem","nem"
"D","20","HU","7043025676","2014","1","HU","7036005834","HU","7045030113","","E","",11,"nem","nem"
"D","20","HU","7049057404","2017","1","HU","7019112133","HU","7049041609","","k","",11,"nem","nem"
"D","20","HU","7025080666","2019","1","HU","7025048710","HU","7050067836","","E","",11,"nem","nem"
"D","20","HU","7043044215","2019","2","HU","7043024208","HU","7043030537","","E","",11,"nem","nem"
"D","20","HU","7067030931","2019","1","HU","7019082973","HU","7019127304","","E","",11,"nem","nem"
"D","20","HU","7043030524","2015","1","HU","7019077137","HU","7045030689","","E","",11,"nem","nem"
"D","20","HU","7019076587","2012","2","HU","7030044556","HU","7019055904","","a","",11,"nem","nem"
"D","20","HU","7019066689","2011","2","HU","7019048380","HU","7019046528","","E","",11,"nem","nem"
"D","20","HU","7026071630","2018","1","RO","2560530977","HU","7026036091","","E","",11,"nem","nem"
"D","20","HU","7043023814","2013","2","HU","7043020879","HU","7043020402","","E","",11,"nem","nem"
"D","20","HU","7043036351","2017","1","HU","7043024208","HU","7043025436","","k","",11,"nem","nem"
"D","20","HU","7049041740","2015","1","HU","7049034506","HU","7049022198","","E","",11,"nem","nem"
"D","20","HU","7043034119","2016","1","HU","7043024208","HU","7003051567","","k","",11,"nem","nem"
"D","20","HU","7019126811","2016","1","HU","7019091656","HU","7019076040","","k","",11,"nem","nem"
"D","20","HU","7064002120","2004","2","HU","7064000524","HU","7064000128","","E","",11,"nem","nem"
"D","20","HU","7019076417","2012","2","HU","7030044556","HU","7019066171","","a","",11,"nem","nem"
"D","20","HU","7049035226","2014","1","","","HU","7049022200","","E","",11,"nem","nem"
"D","20","HU","7045030072","2009","2","","","","","","E","",11,"nem","nem"
"D","20","HU","7043033697","2016","1","HU","7050053497","HU","7043023885","","k","",11,"nem","nem"
"D","20","HU","7019123214","2016","1","HU","7019088119","HU","7019067482","","E","",11,"nem","nem"
"D","20","HU","7043023533","2013","1","HU","7011014507","HU","7050008088","","E","",11,"nem","nem"
"D","20","HU","7055025381","2011","2","HU","7045031242","HU","7045030113","","E","",11,"nem","nem"
"D","20","HU","7043042130","2019","1","HU","7019123722","HU","7043035305","","E","",11,"nem","nem"
"D","20","HU","7043030793","2015","1","HU","7011014507","HU","7009040620","","k","",11,"nem","nem"
"D","20","HU","7019056327","2011","1","HU","7019048418","HU","7024023949","","B","",11,"nem","nem"
"D","20","HU","7026071627","2018","1","RO","2560530977","HU","7026036091","","E","",11,"nem","nem"
"D","20","HU","7050099673","2019","1","HU","7019123579","HU","7050075688","","E","",11,"nem","nem"
"D","20","HU","7043037068","2018","2","HU","7043024208","HU","7031020317","","b","",11,"nem","nem"
"D","20","HU","7038021209","2010","2","HU","7021005685","HU","7008077773","","E","",11,"nem","nem"
"D","20","HU","7031020672","2007","2","","","","","","E","",11,"nem","nem"
"D","20","HU","7059007017","2014","1","HU","7011014507","HU","7043019280","","E","",11,"nem","nem"
"D","20","HU","7051038583","2015","1","HU","7019056327","HU","7051033377","","E","",11,"nem","nem"
"D","20","HU","7019083396","2013","1","HU","7030044556","HU","7019045204","","E","",11,"nem","nem"
"D","2012","HU","7059006975","2014","1","HU","7019067622","HU","7050009542","","E","",11,"nem","nem"
"D","20","HU","7019082915","2016","1","HU","7019091656","HU","7019053001","","k","",11,"nem","nem"
"D","20","HU","7019076839","2012","2","HU","7019055991","HU","7019053001","","B","",11,"nem","nem"
"D","20","HU","7043020910","2011","2","HU","7011014507","HU","7043017192","","B","",11,"nem","nem"
"D","20","HU","7043020923","2011","2","HU","7011014507","HU","7059006946","","B","",11,"nem","nem"
"D","20","HU","7019079225","2013","2","HU","7019066410","HU","7019048348","","b","",11,"nem","nem"
"D","20","HU","7019079270","2013","2","","","HU","7019046122","","E","",11,"nem","nem"
"D","20","HU","7019079308","2013","2","HU","7019066410","HU","7019060399","","B","",11,"nem","nem"
"D","20","HU","7030060600","2012","2","HU","7030048563","HU","7010044934","","E","",11,"nem","nem"
"D","20","HU","7030060767","2012","2","HU","7030048563","HU","7030037242","","b","",11,"nem","nem"
"D","20","HU","7019079410","2013","2","","","HU","7009011422","","E","",11,"nem","nem"
"D","20","HU","7019079478","2013","2","","","HU","7019060232","","E","",11,"nem","nem"
"D","20","HU","7019079634","2013","2","HU","7019066410","HU","7024023486","","b","",11,"nem","nem"
"D","20","HU","7019088135","2013","1","HU","7025030450","HU","7019045709",305338,"K","",11,"nem","nem"
"D","20","HU","7019079791","2013","2","HU","7019066410","HU","7009011336","","b","",11,"nem","nem"
"D","20","HU","7043021221","2012","2","HU","7011014507","HU","7043017192","","E","",11,"nem","nem"
"D","20","HU","7008076165","2006","2","","","","","","E","",11,"nem","nem"
"D","20","HU","7046024010","2006","2","","","","","","E","",11,"nem","nem"
"D","20","HU","7009011208","2005","2","","","","","","B","",11,"nem","igen"
"D","20","HU","7003051567","2011","2","HU","7045031242","HU","7064002120","","B","",11,"nem","nem"
"D","20","HU","7003051624","2011","2","HU","7045031242","HU","7031020375","","E","",11,"nem","nem"
"D","20","HU","7019066395","2011","2","HU","7019048377","HU","7019046122","","E","",11,"nem","igen"
"D","20","HU","7025020680","2011","2","","","HU","7025030351","","B","",11,"nem","nem"
"D","20","HU","7030059404","2011","2","","","","","","E","",11,"nem","nem"
"D","20","HU","7038020969","2010","2","HU","7021005685","HU","7008077447","","E","",11,"nem","igen"
"D","20","HU","7039011805","2010","2","","","","","","E","",11,"nem","igen"
"D","20","HU","7019060555","2010","2","HU","7019048364","HU","7019046490","","B","",11,"nem","nem"
"D","20","HU","7019083619","2013","1","HU","7030044556","HU","7019053098","","E","",11,"nem","igen"
"D","20","HU","7019083677","2013","1","HU","7030044556","HU","7019048405","","E","",11,"nem","igen"
"D","20","HU","7019076347","2012","2","HU","7030044556","HU","7019066069","","A",3,11,"nem","nem"
"D","20","HU","7019076488","2012","2","HU","7030044556","HU","7019056231","","A","",11,"nem","nem"
"D","20","HU","7019076631","2012","2","HU","7019055991","HU","7019045741","","B","",11,"nem","nem"
"D","20","HU","7019076644","2012","2","HU","7019055991","HU","7019045741","","B",3,11,"nem","nem"
"D","20","HU","7049028110","2012","2","","","","","","B","",11,"nem","nem"
"D","20","HU","7019088052","2013","2","HU","7025030450","HU","7024020706","","b","",11,"nem","nem"
"D","20","HU","7030070454","2014","2","HU","7019067495","HU","7030060725","","E","",11,"nem","nem"
"D","20","HU","7030070496","2014","2","HU","7019067495","HU","7030037130","","E","",11,"nem","nem"
"D","20","HU","7043025379","2013","2","HU","7045031242","HU","7045030452","","E","",11,"nem","nem"
"D","20","HU","7043025449","2013","1","HU","7045031242","HU","7003051471","","B","",11,"nem","nem"
"D","20","HU","7026032282","2013","2","HU","7046022401","HU","7046024052","","E","",11,"nem","nem"
"D","20","HU","7019091205","2014","2","HU","7019067648","HU","7019046502","","B","",11,"nem","nem"
"D","20","HU","7019091391","2014","2","HU","7019067648","HU","7009011279","","B","",11,"nem","nem"
"D","20","HU","7019091403","2014","2","HU","7019067648","HU","7019066759","","B","",11,"nem","nem"
"D","20","HU","7043023968","2014","2","HU","7019067622","HU","7050004758","","E","",11,"nem","nem"
"D","20","HU","7051036792","2014","2","HU","7019056327","HU","7051033364","","b","",11,"nem","nem"
"D","20","HU","7051036833","2014","2","HU","7019056327","HU","7051033351","","b","",11,"nem","nem"
"D","20","HU","7025036807","2013","2","HU","7038020873","HU","7038020815","","E","",11,"nem","nem"
"D","20","HU","7025036894","2013","2","HU","7038021270","HU","7038021746","","E","",11,"nem","nem"
"D","20","HU","7019082689","2014","2","HU","7019055991","HU","7019076644","","E","",11,"nem","nem"
"D","20","HU","7043026060","2014","2","HU","7045031242","HU","7031019760","","B","",11,"nem","nem"
"D","20","HU","7050053509","2014","2","HU","7050038399","HU","7025030393","","b","",11,"nem","nem"
"D","20","HU","7026031984","2013","2","","","","","","E","",11,"nem","nem"
"D","20","HU","7026032253","2013","1","HU","7046022401","HU","7046023808","","E","",11,"nem","nem"
"D","20","HU","7043017163","2009","2","HU","7012005021","HU","7050009399","","B","",11,"nem","nem"
"D","20","HU","7036023261","2011","2","","","","","","E","",11,"nem","nem"
"D","20","HU","7019067619","2012","2","HU","7019048380","HU","7019045709","","B","",11,"nem","nem"
"D","20","HU","7019067789","2012","2","HU","7019048377","HU","7019045655","","B","",11,"nem","nem"
"D","20","HU","7009040620","2008","2","","","HU","7050004758","","B","",11,"nem","nem"
"D","20","HU","7019053001","2008","2","","","","","","B","",11,"nem","nem"
"D","20","HU","7019053072","2008","2","","","","","","B","",11,"nem","nem"
"D","20","HU","7019056017","2010","2","HU","7019052969","HU","7019053072","","E","",11,"nem","nem"
"D","20","HU","7031019939","2008","2","","","","","","E","",11,"nem","nem"
"D","20","HU","7019046573","2008","2","","","","","","B","",11,"nem","igen"
"D","20","HU","7019048348","2008","2","","","","","","B","",11,"nem","igen"
"D","20","HU","7024023486","2008","2","","","","","","B","",11,"nem","igen"
"D","20","HU","7030024750","2007","2","","","","","","E","",11,"nem","nem"
"D","20","HU","7031020528","2007","2","","","","","","E","",11,"nem","nem"
"D","20","HU","7043025762","2013","2","HU","7045031242","HU","7031019939","","E","",11,"nem","nem"
"D","20","HU","7050004815","2002","2","HU","7059004366","HU","7059004382","","B","",11,"nem","nem"
"D","20","HU","7030037242","2010","2","","","HU","7030024466","","E","",11,"nem","nem"
"D","20","HU","7038020675","2010","2","HU","7021005685","HU","7008076350","","E","",11,"nem","nem"
"D","20","HU","7030049270","2011","1","HU","7030042190","HU","7030024325","","B","",11,"nem","nem"
"D","20","HU","7030049340","2011","1","HU","7030042190","HU","7030024510","","E","",11,"nem","nem"
"D","20","HU","7019060175","2010","2","HU","7019048377","HU","7024020821","","b","",11,"nem","nem"
"D","20","HU","7019060513","2010","1","HU","7019048380","HU","7019045642","","K","",11,"nem","nem"
"D","20","HU","7043020796","2011","1","HU","7011014507","HU","7009039817","","E","",11,"nem","nem"
"D","20","HU","7019079209","2013","2","HU","7019060542","HU","7019066618","","E","",11,"nem","nem"
"D","20","HU","7030060642","2012","2","HU","7030048563","HU","7030024312","","E","",11,"nem","nem"
"D","20","HU","7030060910","2012","2","HU","7030048563","HU","7030036999","","E","",11,"nem","nem"
"D","20","HU","7037003633","2003","2","","","","","","E","",11,"nem","nem"
"D","20","HU","7051023606","2008","2","","","","","","E","",11,"nem","nem"
"D","20","HU","7051023622","2008","2","","","","","","E","",11,"nem","nem"
"D","20","HU","7019076785","2012","1","HU","7019055991","HU","7019053072","","K","",11,"nem","nem"
"D","20","HU","7050038427","2012","2","HU","7025030450","HU","7025030380","","E","",11,"nem","nem"
"D","20","HU","7043024323","2014","2","HU","7019067622","HU","7043021164","","E","",11,"nem","nem"
"D","20","HU","7030024325","2007","2","","","","","","B","",11,"nem","nem"
"D","20","HU","7043025759","2013","2","HU","7045031242","HU","7031019939","","E","",11,"nem","nem"
"D","20","HU","7059004410","1998","2","","","","","","B","",11,"nem","nem"
"D","20","HU","7059004551","2000","2","HU","7059004353","HU","7059004407","","E","",11,"nem","nem"
"D","20","HU","7010044851","2005","2","HU","7010041890","HU","7010041845","","B","",11,"nem","nem"
"D","20","HU","7019048335","2008","2","","","","","","B","",11,"nem","nem"
"D","20","HU","7049041609","2015","2","HU","7049034506","HU","7049019648","","B","",11,"nem","nem"
"D","20","HU","7019097470","2013","2","","","","","","E","",11,"nem","nem"
"D","20","HU","7032012056","2010","2","","","","","","B","",11,"nem","nem"
"D","20","HU","7049019721","2009","2","","","","","","B","",11,"nem","nem"
"D","20","HU","7030050447","2015","1","HU","7050044321","HU","7030060684","","k","",11,"nem","nem"
"D","20","HU","7025048554","2015","1","HU","7050038399","HU","7050037202","","K","",11,"nem","nem"
"D","20","HU","7019089305","2013","2","","","","","","B","",11,"nem","nem"
"D","20","HU","7043026031","2014","2","HU","7045031242","HU","7045030689","","E","",11,"nem","nem"
"D","20","HU","7050062620","2012","2","","","","","","B","",11,"nem","nem"
"D","20","HU","7050062604","2012","2","","","","","","B","",11,"nem","nem"
"D","20","HU","7050063494","2014","2","","","","","","B","",11,"nem","nem"
"D","20","HU","7043025410","2013","2","HU","7045031242","HU","7031019830","","E","",11,"nem","nem"
"D","20","HU","7043025704","2013","2","HU","7045031242","HU","7031020528","","E","",11,"nem","nem"
"D","20","HU","7043017402","2009","1","HU","7012005021","HU","7043015583","","E","",11,"nem","nem"
"D","20","HU","7043017428","2009","1","","","HU","7004048128","","E","",11,"nem","nem"
"D","20","HU","7019091771","2014","1","HU","7019079197","HU","7019046573",4421838,"B","",11,"nem","nem"
"D","20","HU","7050075592","2016","2","HU","7019082647","HU","7050053426","","b","",11,"nem","nem"
"D","20","HU","7050075758","2016","2","HU","7019082647","HU","7050053413","","a","",11,"nem","nem"
"D","20","HU","7025048624","2015","2","HU","7019088106","HU","7050053509","","E","",11,"nem","nem"
"D","20","HU","7025048749","2015","2","HU","7019088106","HU","7050053471","","E","",11,"nem","nem"
"D","2001","HU","7043033220","2016","2","HU","7011014507","HU","7009039888","","E","",11,"nem","nem"
"D","20","HU","7043033811","2016","2","HU","7050053497","HU","7043020910","","B",1,11,"nem","nem"
"D","20","HU","7025048509","2010","2","","","","","","B","",11,"nem","nem"
"D","20","HU","7019083127","2015","1","HU","7019055991","HU","7019045754","","B","",11,"nem","nem"
"D","20","HU","7019082973","2015","1","HU","7019055991","HU","7019056231",8215035,"B","",11,"nem","igen"
"D","20","HU","7019112162","2015","2","HU","7019088119","HU","7019079762","","E","",11,"nem","nem"
"D","20","HU","7043030342","2015","2","HU","7019077137","HU","7031020317","","B",1,11,"nem","nem"
"D","20","HU","7019126783","2016","1","HU","7019091656","HU","7019076909","","K","",11,"nem","nem"
"D","202","HU","7019122635","2016","2","","","HU","7019091221","","E","",11,"nem","nem"
"D","20","HU","7019122763","2016","2","HU","7026036103","HU","7019092194","","B","",11,"nem","nem"
"D","20","HU","7019122789","2016","2","HU","7019091771","HU","7019079296","","A","",11,"nem","nem"
"D","20","HU","7019122792","2016","2","HU","7019091771","HU","7019079816","","A","",11,"nem","nem"
"D","20","HU","7019122817","2016","2","HU","7026036103","HU","7019091180","","E","",11,"nem","nem"
"D","20","HU","7019122859","2016","2","HU","7026036103","HU","7019091180","","E","",11,"nem","nem"
"D","20","HU","7019122862","2016","2","HU","7026036103","HU","7019091614","","A","",11,"nem","nem"
"D","20","HU","7019122932","2016","2","HU","7019088119","HU","7019067466","","A","",11,"nem","nem"
"D","20","HU","7019122961","2016","2","HU","7019091771","HU","7019067073","","A","",11,"nem","nem"
"D","20","HU","7019123160","2016","2","HU","7019088119","HU","7028010648","","B","",11,"nem","nem"
"D","20","HU","7019123173","2016","2","HU","7019091771","HU","7019066379","","A",1,11,"nem","nem"
"D","20","HU","7019123272","2016","2","HU","7019088119","HU","7019067763","","A","",11,"nem","nem"
"D","20","HU","7019123342","2016","2","HU","7019091771","HU","7019079308","","A",2,11,"nem","nem"
"D","20","HU","7049048594","2016","2","HU","7043024240","HU","7049022172",6699899,"B","",11,"nem","nem"
"D","20","HU","7049048651","2016","2","HU","7043024240","HU","7049019677",1145467,"B",2,11,"nem","nem"
"D","20","HU","7019134986","2017","2","HU","7019111749","HU","7019091391","","a","",11,"nem","nem"
"D","20","HU","7019135239","2017","2","HU","7049041782","HU","7019111851","","E","",11,"nem","nem"
"D","20","HU","7019135268","2017","2","HU","7019111749","HU","7019092293","","B","",11,"nem","nem"
"D","20","HU","7043034317","2017","1","HU","7043024208","HU","7043030144","","E","",11,"nem","nem"
"D","20","HU","7019082960","2016","2","HU","7019091656","HU","7019056004","","a","",11,"nem","nem"
"D","20","HU","7019128206","2017","1","HU","7019091656","HU","7019056356","","K","",11,"nem","nem"
"D","20","HU","7019128235","2017","1","HU","7019091656","HU","7019056231",9418907,"K","",11,"nem","nem"
"D","20","HU","7019128392","2017","1","HU","7019091656","HU","7019076631","","K","",11,"nem","nem"
"D","20","HU","7049057475","2017","2","HU","7019112133","HU","7049019721","","b","",11,"nem","nem"
"D","20","HU","7043035248","2017","2","HU","7050053497","HU","7043023885","","B","",11,"nem","nem"
"D","20","HU","7043035305","2017","2","HU","7050053497","HU","7043024109","","A","",11,"nem","nem"
"D","20","HU","7043035318","2017","2","HU","7019067622","HU","7043024336",1318221,"A",3,11,"nem","igen"
"D","20","HU","7043035350","2017","2","HU","7019067622","HU","7043021221","","b","",11,"nem","nem"
"D","20","HU","7019123326","2016","2","HU","7019088119","HU","7028018084","","B",1,11,"nem","nem"
"D","20","HU","7019128657","2017","2","HU","7019091656","HU","7019076699","","E","",11,"nem","nem"
"D","20","HU","7019126895","2016","2","HU","7019091656","HU","7019083523","","E","",11,"nem","nem"
"D","20","HU","7019126994","2016","2","HU","7019055991","HU","7019076347","","E","",11,"nem","nem"
"D","20","HU","7019127049","2016","2","HU","7019055991","HU","7019076037","","E","",11,"nem","nem"
"D","20","HU","7019127119","2016","2","HU","7019055991","HU","7019097511","","b","",11,"nem","nem"
"D","20","HU","7019127247","2016","2","HU","7019055991","HU","7019053030","","E","",11,"nem","nem"
"D","20","HU","7043035008","2016","1","HU","7050053497","HU","7043030665","","E","",11,"nem","nem"
"D","20","HU","7026036091","2014","2","HU","7026032097","HU","7026031885","","E","",11,"nem","nem"
"D","20","HU","7043034148","2017","2","HU","7043024208","HU","7045030519","","B","",11,"nem","nem"
"D","201","HU","7050085320","2017","2","HU","7050063519","HU","7050063168","","E","",11,"nem","nem"
"D","20","HU","7050085544","2017","2","HU","7019083127","HU","7050063155","","E","",11,"nem","nem"
"D","201","HU","7050086516","2017","2","HU","7050063519","HU","7050062589","","E","",11,"nem","nem"
"D","20","HU","7065007450","2017","2","","","","","","E","",11,"nem","nem"
"D","20","HU","7019137398","2018","2","HU","7049041852","HU","7019123298","","E","",11,"nem","nem"
"D","20","HU","7049062224","2018","2","HU","7049048820","HU","7049037653","","B",1,11,"nem","nem"
"D","20","HU","7043036533","2018","1","HU","7043024208","HU","7045030113","","k","",11,"nem","nem"
"D","20","HU","7043036997","2018","1","HU","7043024208","HU","7043025634","","k","",11,"nem","nem"
"D","20","HU","7043041027","2018","1","HU","7050053497","HU","7043029977","","K","",11,"nem","nem"
"D","20","HU","7043036450","2018","2","HU","7043024208","HU","7003051442","","a","",11,"nem","nem"
"D","20","HU","7019128404","2017","2","HU","7019091656","HU","7019083044","","E","",11,"nem","nem"
"D","20","HU","7019128446","2017","2","HU","7019082973","HU","7019053014","","B",3,11,"nem","nem"
"D","20","HU","7050087559","2017","2","HU","7025048653","HU","7025048794","","E","",11,"nem","nem"
"D","20","RO","2560977703","2017","2","","","","","","E","",99,"nem","nem"
"D","20","RO","2560977704","2017","2","","","","","","E","",99,"nem","nem"
"D","20","RO","2560977708","2017","2","","","","",4543495,"E","",99,"nem","nem"
"D","20","HU","7049057628","2017","2","HU","7043024240","HU","7049037723","","b","",11,"nem","nem"
"D","20","HU","7043035628","2018","1","HU","7019123722","HU","7043023492","","B","",11,"nem","nem"
"D","20","HU","7050095059","2018","1","HU","7019123579","HU","7050053413","","E","",11,"nem","nem"
"D","20","HU","7050094889","2018","1","HU","7019123269","HU","7025048596",9902628,"K","",11,"nem","nem"
"D","20","HU","7050086701","2018","1","HU","7050038401","HU","7050062774","","E","",11,"nem","nem"
"D","2001","HU","7050079004","2018","2","HU","7025048710","HU","7050077990","","b","",11,"nem","nem"
"D","20","HU","7043035673","2018","2","HU","7019123722","HU","7043024196","","A","",11,"nem","nem"
"D","20","HU","7043035772","2018","2","HU","7019123722","HU","7043024451",1318221,"E","",11,"nem","igen"
"D","20","HU","7043041915","2018","2","HU","7019123722","HU","7043030722",1318221,"B",2,11,"nem","igen"
"D","20","HU","7050094764","2018","2","HU","7019123269","HU","7025048509","","B","",11,"nem","nem"
"D","20","HU","7050095174","2018","2","HU","7019123579","HU","7050075732","","E","",11,"nem","nem"
"D","20","HU","7049062068","2018","2","HU","7019112133","HU","7049048888",1145467,"B",1,11,"nem","nem"
"D","20","HU","7019127812","2018","2","HU","7019091656","HU","7019077096","","E","",11,"nem","nem"
"D","20","HU","7019127911","2018","2","HU","7019091656","HU","7019053030","","E","",11,"nem","nem"
"D","20","HU","7019127995","2018","2","HU","7019091656","HU","7019076040","","a","",11,"nem","nem"
"D","20","HU","7050095033","2018","2","HU","7019123269","HU","7050075563","","E","",11,"nem","nem"
"D","20","HU","7049062448","2019","1","HU","7019112133","HU","7049048888",6909981,"B","",11,"nem","nem"
"D","2001","HU","7025080541","2019","2","HU","7050063519","HU","7050086545","","E","",11,"nem","nem"
"D","20","HU","7019127797","2018","1","HU","7019091656","HU","7019076334",6695097,"A","",11,"nem","nem"
"D","20","HU","7019127854","2018","1","HU","7019091656","HU","7019082535","","E","",11,"nem","nem"
"D","20","HU","7019127870","2018","1","HU","7019091656","HU","7019077070","","E","",11,"nem","nem"
"D","20","HU","7019128123","2018","1","HU","7019091656","HU","7019077124","","K","",11,"nem","nem"
"D","20","HU","7043037167","2019","1","HU","7043024208","HU","7043025973","","K","",11,"nem","nem"
"D","20","HU","7043036690","2019","1","HU","7043024240","HU","7043030201",3856053,"K","",11,"nem","nem"
"D","20","HU","7019136975","2018","2","HU","7019111749","HU","7019079621","","E","",11,"nem","nem"
"D","20","HU","7043044538","2019","2","HU","7043024208","HU","7043034742","","E","",11,"nem","nem"
"D","20","HU","7050099839","2019","2","HU","7050087702","HU","7050094904","","B",2,11,"nem","nem"
"D","20","HU","7050099842","2019","2","HU","7050087702","HU","7050075422","","E","",11,"nem","nem"
"D","20","HU","7043041775","2019","2","HU","7019123722","HU","7043035318",1318221,"A",1,11,"nem","igen"
"D","20","HU","7043042185","2019","2","HU","7019123722","HU","7043037758","","B","",11,"nem","nem"
"D","20","HU","7043042875","2019","2","HU","7050053497","HU","7043035433",8800725,"A","",11,"nem","igen"
"D","20","HU","7043042987","2019","2","HU","7019123722","HU","7043021218",1318221,"B",2,11,"nem","igen"
"D","20","HU","7043043566","2019","2","HU","7019123722","HU","7043022912","","B","",11,"nem","nem"
"D","20","HU","7043044752","2019","2","HU","7050053497","HU","7043030818",1318221,"B",2,11,"nem","igen"
"D","20","HU","7043045810","2020","2","HU","7043035628","HU","7043040729",8800725,"B","",11,"nem","igen"
"D","20","HU","7043045906","2020","1","HU","7043035628","HU","7043040732","","E","",11,"nem","nem"
"D","20","HU","7049062394","2019","2","HU","7019112133","HU","7049048549",6926272,"a","",11,"nem","nem"
"D","20","HU","7049066132","2019","2","HU","7043035206","HU","7049041609",1145467,"A",2,11,"nem","nem"
"D","20","HU","7049066260","2019","2","HU","7049048820","HU","7049034999",1244991,"A",1,11,"nem","igen"
"D","20","HU","7067030874","2019","2","HU","7019082973","HU","7019126907",6737115,"A",2,11,"nem","igen"
"D","20","HU","7082002182","2020","1","HU","7043036463","HU","7027010214","","E","",11,"nem","nem"
"D","20","HU","7082002096","2020","1","HU","7043036463","HU","7049019718","","k","",11,"nem","nem"
"D","20","HU","7082000643","2019","2","HU","7043036463","HU","7049019705","","b","",11,"nem","nem"
"D","20","HU","7019140161","2019","2","HU","7049041782","HU","7019091388","","A",1,11,"nem","nem"
"D","20","HU","7019140187","2019","2","HU","7050087728","HU","7019112159","","A",2,11,"nem","nem"
"D","20","HU","7019140190","2019","2","HU","7050087728","HU","7019123342","","A","",11,"nem","nem"
"D","20","HU","7019140257","2019","2","HU","7019135213","HU","7019111848","","A","",11,"nem","nem"
"D","20","HU","7019140260","2019","2","HU","7019135213","HU","7019123160","","E","",11,"nem","nem"
"D","20","HU","7049070810","2020","2","HU","7049048820","HU","7049041584","","k","",11,"nem","nem"
"D","20","HU","7049070584","2020","2","HU","7043035206","HU","7049041597","","a","",11,"nem","nem"
"D","20","HU","7049071064","2020","2","HU","7049048820","HU","7049041711","","a","",11,"nem","nem"
"D","20","HU","7049070849","2020","1","HU","7019112133","HU","7049048622","","B","",11,"nem","nem"
"D","20","HU","7049070609","2020","1","HU","7019112133","HU","7049048648","","a","",11,"nem","nem"
"D","20","HU","7049070823","2020","1","HU","7049048820","HU","7049048693","","k","",11,"nem","nem"
"D","20","HU","7049070555","2020","1","HU","7019112133","HU","7049051156","","k","",11,"nem","nem"
"D","20","HU","7049070737","2020","2","HU","7043035206","HU","7049057602","","A",1,11,"nem","nem"
"D","20","HU","7049066781","2020","2","HU","7043035206","HU","7049061799","","E","",11,"nem","nem"
"D","20","HU","7049070469","2020","1","HU","7043035206","HU","7049062000","","E","",11,"nem","nem"
"D","20","HU","7049070740","2020","1","HU","7043035206","HU","7049062055","","E","",11,"nem","nem"
"D","20","HU","7043045641","2020","1","HU","7050053497","HU","7043024349",6958064,"B","",11,"nem","nem"
"D","20","HU","7043045667","2020","1","HU","7019123722","HU","7043035318","","a","",11,"nem","nem"
"D","20","HU","7065021515","2020","1","HU","7019136904","HU","7049048578","","E","",11,"nem","nem"
"D","20","HU","7065021445","2020","2","HU","7043034755","HU","7049048718","","x","",11,"nem","nem"
"D","20","HU","7082002195","2020","2","HU","7043036463","HU","7019122594","","a","",11,"nem","nem"
"D","20","HU","7019094266","2020","1","HU","7019136751","HU","7019137215","","E","",11,"nem","nem"
"D","20","HU","7019112638","2020","2","HU","7019111749","HU","7049061830","","E","",11,"nem","nem"
"D","20","HU","7019112670","2020","2","HU","7019111749","HU","7049062310","","E","",11,"nem","nem"
"D","20","HU","7082002252","2020","1","HU","7043036463","HU","7019122862","","a","",11,"nem","nem"
"D","20","HU","7019143177","2016","1","","","","","","B","",11,"nem","nem"
"D","20","HU","7019140781","2020","2","HU","7019137046","HU","7019091560",7752955,"A",3,11,"nem","nem"
"D","20","HU","7019140611","2020","2","HU","7019136988","HU","7019112120",7752955,"E","",11,"nem","nem"
"D","2002","HU","7019140512","2020","2","HU","7019137046","HU","7019135086","","E","",11,"nem","nem"
"D","20","HU","7019135747","2020","1","HU","7019111749","HU","7019122651","","A","",11,"nem","nem"
"D","20","HU","7019140570","2020","2","HU","7019136751","HU","7019091221","","a","",11,"nem","nem"
"D","20","HU","7019140794","2020","2","HU","7019136751","HU","7019122648","","E","",11,"nem","nem"
"D","20","HU","7043044947","2020","1","HU","7043035628","HU","7043035248","","k","",11,"nem","nem"
"D","20","HU","7043044950","2020","2","HU","7043035628","HU","7043035248","","a","",11,"nem","nem"
"D","20","HU","7043044877","2020","2","HU","7043035628","HU","7043035561",1318221,"B",1,11,"nem","igen"
"D","20","HU","7043045344","2020","1","HU","7019123722","HU","7043035277","","a","",11,"nem","nem"
"D","20","HU","7043045977","2020","1","HU","7019123722","HU","7043035800","","E","",11,"nem","nem"
"D","20","HU","7067031198","2020","2","HU","7019127797","HU","7019076363",6737115,"A",2,11,"nem","igen"
"D","20","HU","7083003111","2020","2","HU","7050063519","HU","7019123230",6655815,"A",1,11,"nem","igen"
"D","20","HU","7083003070","2020","1","HU","7050087702","HU","7025030393","","k","",11,"nem","nem"
"D","20","HU","7083003179","2020","2","HU","7050063519","HU","7050075857","","b","",11,"nem","nem"
"D","20","HU","7083003210","2020","2","HU","7050063519","HU","7050075886","","b","",11,"nem","nem"
"D","20","HU","7043046019","2020","2","HU","7019123722","HU","7043033316",6860033,"B","",11,"nem","igen"
"D","20","HU","7043046080","2020","2","HU","7043035628","HU","7043035107","","A","",11,"nem","nem"
"D","20","HU","7043046147","2020","1","HU","7019123722","HU","7043035574","","a","",11,"nem","nem"
"D","20","HU","7043046204","2020","2","HU","7043035628","HU","7043030636","","E","",11,"nem","nem"
"D","20","HU","7049076506","2021","2","HU","7049065991","HU","7049041584",6810207,"A",1,11,"nem","nem"
"D","20","HU","7049071291","2021","1","HU","7049065991","HU","7049041807","","E","",11,"nem","nem"
"D","20","HU","7049075972","2021","1","HU","7049065991","HU","7049048635","","k","",11,"nem","nem"
"D","20","HU","7049075943","2021","1","HU","7019135552","HU","7049048648","","a","",11,"nem","nem"
"D","20","HU","7049076113","2021","1","HU","7049065991","HU","7049048846","","k","",11,"nem","nem"
"D","20","HU","7049071233","2021","1","HU","7049065991","HU","7049057756",6848710,"A","",11,"nem","nem"
"D","20","HU","7049076142","2021","1","HU","7019135552","HU","7049062055","","k","",11,"nem","nem"
"D","20","HU","7049076241","2021","2","HU","7049068978","HU","7049066116",7752955,"a",3,11,"nem","nem"
"D","20","HU","7049076324","2021","2","HU","7049061702","HU","7049066132",4665472,"A",1,11,"nem","igen"
"D","20","HU","7083006648","2021","2","HU","7025048822","HU","7050099714","","b","",11,"nem","nem"
"D","20","HU","7034086750","2021","2","HU","7049066075","HU","7043042635",8800725,"a","",11,"nem","nem"
"D","20","HU","7034086747","2021","1","HU","7049066075","HU","7043044848","","E","",11,"nem","nem"
"D","20","HU","7049076676","2021","2","HU","7049061702","HU","7049028181",4665472,"B",1,11,"nem","igen"
"D","20","HU","7083006370","2021","1","HU","7025048822","HU","7025048541","","k","",11,"nem","nem"
"D","20","HU","7083006408","2021","1","HU","7025048822","HU","7025048583","","E","",11,"nem","nem"
"D","20","HU","7083006594","2021","2","HU","7025048822","HU","7025048682","","E","",11,"nem","nem"
"D","20","HU","7083006341","2021","2","HU","7025048822","HU","7050087559","","b","",11,"nem","nem"
"D","20","HU","7083006354","2021","1","HU","7025048822","HU","7050087559","","E","",11,"nem","nem"
"D","20","HU","7083006482","2021","2","HU","7025048822","HU","7050087632",1619971,"a","",11,"nem","nem"
"D","201","HU","7077020232","2021","2","HU","7050087728","HU","7077009998",6673952,"E","",11,"nem","igen"
"D","201","HU","7077020258","2021","1","HU","7050087728","HU","7077010631","","E","",11,"nem","nem"
"D","2000","HU","7043047601","2021","2","HU","7043035628","HU","7043024419","","x","",11,"nem","nem"
"D","20","HU","7043047557","2021","2","HU","7019123722","HU","7043035277","","a","",11,"nem","nem"
"D","20","HU","7043047445","2021","1","HU","7043035628","HU","7043035347","","a","",11,"nem","nem"
"D","20","HU","7043047669","2021","2","HU","7019123722","HU","7043040703","","a","",11,"nem","nem"
"D","20","HU","7043047768","2021","2","HU","7043035628","HU","7043035756","","b","",11,"nem","nem"
"D","20","HU","7043049038","2021","1","HU","7019123722","HU","7043021218","","k","",11,"nem","nem"
"D","20","HU","7043047908","2021","2","HU","7019123722","HU","7043030649",1318221,"a",2,11,"nem","igen"
"D","20","HU","7043047911","2021","1","HU","7043035628","HU","7043040790","","E","",11,"nem","nem"
"D","20","HU","7043047924","2021","1","HU","7043035628","HU","7043040790","","E","",11,"nem","nem"
"D","20","HU","7034086891","2021","1","HU","7049066075","HU","7043045401","","E","",11,"nem","nem"
"D","20","HU","7083006664","2021","2","HU","7025048822","HU","7025048794","","E","",11,"nem","igen"
"D","20","HU","7043043764","2021","1","HU","7043036645","HU","7043030144","","x","",11,"nem","nem"
"D","20","HU","7043043889","2021","1","HU","7043036645","HU","7043034148","","E","",11,"nem","nem"
"D","20","HU","7043049278","2021","2","HU","7019123722","HU","7043030847","","a","",11,"nem","nem"
"D","20","HU","7043044059","2021","2","HU","7043036645","HU","7043036562","","E","",11,"nem","nem"
"D","20","HU","7067031239","2021","2","HU","7019082973","HU","7019076699",6737115,"E","",11,"nem","nem"
"D","20","HU","7067031031","2021","1","HU","7019082973","HU","7019128350",6737115,"A","",11,"igen","igen"
"D","20","HU","7083006680","2021","2","HU","7019135523","HU","7050099855","","E","",11,"nem","nem"
"D","20","HU","7020212714","2021","1","HU","7043036645","HU","7043043681","","K","",11,"nem","nem"
"D","20","HU","7043049450","2021","2","HU","7043042271","HU","7043042648",7037085,"E","",11,"nem","nem"
"D","20","HU","7043049575","2021","2","HU","7043035628","HU","7043033374","","a","",11,"nem","nem"
"D","2000","HU","7043049533","2021","1","HU","7043035628","HU","7043040873","","E","",11,"nem","nem"
"D","20","HU","7043049674","2021","2","HU","7043042271","HU","7043042185","","b","",11,"nem","nem"
"D","20","HU","7043049447","2021","1","HU","7043042271","HU","7043041861","","k","",11,"nem","nem"
"D","20","HU","7019145661","2021","1","HU","7019143177","HU","7019111947","","K","",11,"nem","nem"
"D","20","HU","7049076704","2021","1","HU","7049068978","HU","7049048888","","k","",11,"nem","nem"
"D","2001","HU","7025090816","2021","1","HU","7050087070","HU","7050086545","","E","",11,"nem","nem"
"D","20","HU","7020212785","2022","2","HU","7019135721","HU","7043037211",6729882,"E","",11,"nem","nem"
"D","20","HU","7067044396","2022","1","HU","7067030858","HU","7019127218",8215035,"K","",11,"nem","igen"
"D","20","HU","7067043931","2022","1","HU","7067030858","HU","7019128280",317771,"A","",11,"nem","nem"
"D","20","HU","7033109821","2022","2","HU","7019088106","HU","7025048640",6655815,"E",2,11,"nem","igen"
"D","20","HU","7033109850","2022","1","HU","7019088106","HU","7049057756",9396612,"K","",11,"nem","nem"
"D","20","HU","7033109904","2022","2","HU","7019088106","HU","7049066260",1244991,"A",1,11,"nem","igen"
"D","20","HU","7034090470","2022","1","HU","7049070894","HU","7043046019","","K","",11,"nem","nem"
"D","20","HU","7043049843","2022","1","HU","7043042271","HU","7043040703","","a","",11,"nem","nem"
"D","20","HU","7043049760","2022","1","HU","7043035628","HU","7043040790","","E","",11,"nem","nem"
"D","2000","HU","7043049984","2022","2","HU","7043042271","HU","7043024419","","b","",11,"nem","nem"
"D","20","HU","7043051475","2022","2","HU","7043042271","HU","7043024451","","a","",11,"nem","nem"
"D","20","HU","7043051590","2022","1","HU","7043042271","HU","7043035136","","a","",11,"nem","nem"
"D","20","HU","7034090243","2022","2","HU","7049071019","HU","7043042635",8800725,"A","",11,"nem","igen"
"D","20","HU","7049082400","2022","2","HU","7049070427","HU","7049037682",7752955,"b","",11,"nem","nem"
"D","20","HU","7049081735","2022","1","HU","7049065991","HU","7049048693","","k","",11,"nem","nem"
"D","20","HU","7049082327","2022","2","HU","7043045641","HU","7049066046","","a","",11,"nem","nem"
"D","20","HU","7049081892","2022","1","HU","7049061702","HU","7049066132","","A","",11,"nem","nem"
"D","20","HU","7049082059","2022","2","HU","7043045641","HU","7049066286",1145467,"A",1,11,"nem","nem"
"D","20","HU","7049082330","2022","2","HU","7049070427","HU","7049066695","","x","",11,"nem","nem"
"D","20","HU","7049081991","2022","2","HU","7019135552","HU","7049066765",7752955,"a","",11,"nem","nem"
"D","20","HU","7049082062","2022","1","HU","7049070427","HU","7049070795","","a","",11,"nem","nem"
"D","20","HU","7034090298","2022","1","HU","7049071019","HU","7043045654","","E","",11,"nem","nem"
"D","20","HU","7034090313","2022","2","HU","7049071019","HU","7043045795",8800725,"A","",11,"nem","igen"
"D","20","HU","7067044635","2022","1","HU","7067030858","HU","7019076699",8215035,"E","",11,"nem","igen"
"D","20","HU","7067044581","2022","2","HU","7067030858","HU","7019076699",6737115,"A",1,11,"nem","igen"
"D","20","HU","7067043960","2022","2","HU","7067030858","HU","7019076334",6737115,"A",2,11,"nem","igen"
"D","20","HU","7025073109","2017","2","","","","","","E","",11,"nem","nem"
"D","20","HU","7025093880","2021","2","","","","","","E","",11,"nem","nem"
"D","20","HU","7025097699","2022","2","HU","7049061702","HU","7050086011","","E","",11,"nem","nem"
"D","20","HU","7067044341","2022","1","HU","7067030858","HU","7067031169","","E","",11,"nem","nem"
"D","20","HU","7019149876","2022","2","HU","7019136988","HU","7019135367","","E","",11,"nem","nem"
"D","20","HU","7032036603","2022","1","HU","7019144631","HU","7019123131","","k","",11,"nem","nem"
"D","20","HU","7020219328","2022","2","HU","7019135721","HU","7043044385",6729882,"E","",11,"nem","nem"
"D","20","HU","7083011439","2022","1","HU","7019135523","HU","7050099813","","k","",11,"nem","nem"
"D","20","HU","7083011541","2022","1","HU","7019135523","HU","7083003041","","a","",11,"nem","nem"
"D","20","HU","7019145603","2022","1","HU","7019144628","HU","7019111880","","E","",11,"nem","nem"
"D","20","HU","7019149847","2022","2","HU","7049066145","HU","7019112203","","a","",11,"nem","nem"
"D","20","HU","7043051871","2022","1","HU","7043042271","HU","7043044794","","x","",11,"nem","nem"
"D","20","HU","7043051868","2022","2","HU","7043042271","HU","7043046093","","a","",11,"nem","nem"
"D","20","HU","7043051699","2022","1","HU","7043042271","HU","7043046220","","x","",11,"nem","nem"
"D","20","HU","7043052070","2022","1","HU","7043035628","HU","7043035772","","E","",11,"nem","nem"
"D","20","HU","7043051912","2022","2","HU","7043035628","HU","7043042015","","a","",11,"nem","nem"
"D","20","HU","7025093471","2022","1","HU","7049061900","HU","7025080132","","E","",11,"nem","nem"
"D","202","HU","7025092991","2022","2","HU","7049061900","HU","7025089582","","E","",11,"nem","nem"
"D","20","HU","7025093260","2022","2","HU","7049061900","HU","7050062592","","b","",11,"nem","nem"
"D","20","HU","7025093273","2022","2","HU","7049061900","HU","7050062592",4665472,"B",1,11,"nem","igen"
"D","2001","HU","7025097462","2022","1","HU","7049061900","HU","7050085320","","E","",11,"nem","nem"
"D","20","HU","7043052195","2022","2","HU","7043042271","HU","7043024422","","a","",11,"nem","nem"
"D","20","HU","7043052236","2022","1","HU","7043035628","HU","7043035574","","E","",11,"nem","nem"
"D","20","HU","7043052182","2022","2","HU","7043042271","HU","7043044905","","a","",11,"nem","nem"
"D","20","HU","7043052140","2022","2","HU","7043042271","HU","7043045584","","E","",11,"nem","nem"
"D","20","HU","7019145773","2022","1","HU","7019144628","HU","7019092194","","K","",11,"nem","nem"
"D","20","HU","7019149566","2022","2","HU","7049066145","HU","7019122606",7752955,"a","",11,"nem","nem"
"D","20","HU","7019149595","2022","2","HU","7019136988","HU","7019140327",7752955,"a","",11,"nem","nem"
"D","20","HU","7019149649","2022","2","HU","7019136988","HU","7019140116","","a","",11,"nem","nem"
"D","20","HU","7083010003","2022","2","HU","7050085627","HU","7049065748",6690319,"A",2,11,"nem","igen"
"D","20","HU","7049088493","2023","2","HU","7049065991","HU","7049066695",4455950,"b","",11,"nem","nem"
"D","20","HU","7049088295","2023","2","HU","7049065991","HU","7049066765","","a","",11,"nem","nem"
"D","20","HU","7049088435","2023","1","HU","7067031028","HU","7049066851","","a","",11,"nem","nem"
"D","201","HU","7083011778","2022","2","HU","7049070849","HU","7077009998","","E","",11,"nem","nem"
"D","201","HU","7083011848","2022","1","HU","7049070849","HU","7077010628","","E","",11,"nem","nem"
"D","201","HU","7083011880","2022","2","HU","7049070849","HU","7077010660",6673952,"E","",11,"nem","igen"
"D","20","HU","7049082497","2022","1","HU","7049061702","HU","7049061799","","a","",11,"nem","nem"
"D","20","HU","7025077497","2022","2","HU","7050087702","HU","7025066923","","b","",11,"nem","nem"
"D","20","HU","7049088451","2023","1","HU","7067031028","HU","7049076069","","k","",11,"nem","nem"
"D","20","HU","7020223907","2023","1","HU","7019135721","HU","7031020317","","E","",11,"nem","nem"
"D","20","HU","7034087016","2023","2","HU","7049071019","HU","7034086817",8800725,"B","",11,"nem","igen"
"D","20","HU","7034087032","2023","2","","","","",8800725,"E","",11,"nem","nem"
"D","20","HU","7034087058","2023","1","","","","","","k","",11,"nem","nem"
"D","20","HU","7067055659","2023","1","HU","7067031367","HU","7019127700","","A","",11,"nem","nem"
"D","20","HU","7067044169","2023","1","HU","7067031367","HU","7019128433","","E","",11,"nem","nem"
"D","20","HU","7034090537","2023","1","HU","7049070894","HU","7043046019","","k","",11,"nem","nem"
"D","20","HU","7049088831","2023","2","HU","7049068978","HU","7049062208",4455950,"a","",11,"nem","nem"
"D","20","HU","7019123834","2023","1","HU","7049076650","HU","7019145504","","k","",11,"nem","nem"
"D","20","HU","7019123780","2023","2","HU","7067044817","HU","7049076311","","b","",11,"nem","nem"
"D","20","HU","7019124046","2023","2","HU","7049076650","HU","7019145517","","b","",11,"nem","nem"
"D","20","HU","7019135565","2023","2","HU","7049076650","HU","7049076241","","b","",11,"nem","nem"
"D","20","HU","7083014953","2023","1","HU","7049070849","HU","7049070881","","k","",11,"nem","nem"
"D","201","HU","7083014995","2023","2","HU","7049070849","HU","7077009998","","E","",11,"nem","nem"
"D","20","HU","7083015305","2023","1","HU","7050085627","HU","7049076308","","k","",11,"nem","nem"
"D","20","HU","7034095420","2023","2","HU","7067044817","HU","7019122932",6981817,"a","",11,"nem","igen"
"D","20","HU","7043054311","2023","2","HU","7049076410","HU","7043034883",1318221,"B","",11,"nem","igen"
"D","20","HU","7043054564","2023","2","HU","7043042271","HU","7043035800",1318221,"b","",11,"nem","igen"
"D","20","HU","7043054759","2023","1","HU","7049076410","HU","7043042031","","K","",11,"nem","nem"
"D","20","HU","7049088323","2023","1","HU","7049068978","HU","7049062068","","k","",11,"nem","nem"
"D","20","HU","7049088729","2023","2","HU","7049068978","HU","7049062167","","a","",11,"nem","nem"
"D","20","HU","7067056890","2023","2","HU","7067044817","HU","7083003111",6655815,"A",1,11,"nem","igen"
"D","20","HU","7019153244","2023","2","HU","7049076650","HU","7019123300",7752955,"a","",11,"nem","nem"
"D","20","HU","7019153129","2023","2","HU","7067044817","HU","7019140314",7752955,"a","",11,"nem","nem"
"D","20","HU","7019123537","2023","1","HU","7049062448","HU","7019135309","","a","",11,"nem","nem"
"D","20","HU","7019123483","2023","1","HU","7049062448","HU","7019145450","","k","",11,"nem","nem"
"D","20","HU","7034087201","2023","2","HU","7049071019","HU","7034090438",8800725,"E","",11,"nem","igen"
"D","20","HU","7083017758","2024","2","","","HU","7050099769","","E","",11,"nem","nem"
"D","20","HU","7083017617","2024","1","HU","7083003038","HU","7083003124","","a","",11,"nem","nem"
"D","20","HU","7083015503","2023","1","HU","7083006297","HU","7050094988","","E","",11,"nem","nem"
"D","20","HU","7083015615","2023","2","HU","7083006297","HU","7083003041",7109834,"a","",11,"nem","nem"
"D","20","HU","7083015350","2023","2","HU","7083006297","HU","7083006284",7109834,"b","",11,"nem","nem"
"D","20","HU","7083015363","2023","2","HU","7083006297","HU","7083006284",9930672,"b","",11,"nem","nem"
"D","20","HU","7025101693","2023","1","HU","7050079752","HU","7049076676","","E","",11,"nem","nem"
"D","20","HU","7025101411","2023","2","","","","","","E","",11,"nem","nem"
"D","2001","HU","7025100874","2023","1","HU","7049061702","HU","7050086532","","E","",11,"nem","nem"
"D","20","HU","7025101312","2023","2","","","","","","E","",11,"nem","nem"
"D","20","HU","7025101341","2023","2","","","","","","E","",11,"nem","nem"
"D","20","HU","7049092902","2024","1","HU","7067031028","HU","7049037710","","k","",11,"nem","nem"
"D","20","HU","7049093213","2024","2","HU","7067031028","HU","7049057602",1145467,"a","",11,"nem","nem"
"D","20","HU","7049093099","2024","2","HU","7067031028","HU","7049057743","","a","",11,"nem","nem"
"D","20","HU","7049093130","2024","2","HU","7049065991","HU","7049062055",1145467,"a","",11,"nem","igen"
"D","20","HU","7049092887","2024","2","HU","7049065991","HU","7049062464","","a","",11,"nem","nem"
"D","20","HU","7033118913","2024","2","HU","7030102939","HU","7033109917",1244991,"a","",11,"nem","igen"
"D","20","HU","7033118856","2024","2","HU","7030102939","HU","7049062211",1244991,"b","",11,"nem","igen"
"D","20","HU","7049092618","2024","1","HU","7049065991","HU","7049065719","","a","",11,"nem","nem"
"D","20","HU","7049092746","2024","2","HU","7049065991","HU","7049066132","","a","",11,"nem","nem"
"D","20","HU","7049092564","2024","2","HU","7019135552","HU","7049066765",1145467,"a","",11,"nem","igen"
"D","20","HU","7049092663","2024","1","HU","7019135552","HU","7049076270","","a","",11,"nem","nem"
"D","20","HU","7049093127","2024","2","HU","7067031028","HU","7049076506","","a","",11,"nem","nem"
"D","20","HU","7049092519","2024","2","HU","7019135552","HU","7049076717","","a","",11,"nem","nem"
"D","20","HU","7049092960","2024","2","HU","7019135552","HU","7049082202","","a","",11,"nem","nem"
"D","20","HU","7034090582","2024","1","HU","7049070894","HU","7043046019",9948400,"K","",11,"nem","nem"
"D","20","HU","7034090579","2024","2","HU","7049070894","HU","7043046051",6860033,"a","",11,"nem","igen"
"D","20","HU","7067044226","2023","1","HU","7067030858","HU","7019128602",6900773,"A","",11,"nem","nem"
"D","20","HU","7091000210","2023","1","HU","7049076410","HU","7043047458","","E","",11,"nem","nem"
"D","20","HU","7091000067","2023","1","HU","7049076410","HU","7043047883","","E","",11,"nem","nem"
"D","20","HU","7083017406","2024","2","HU","7049081889","HU","7049065920",6690319,"a","",11,"nem","igen"
"D","20","HU","7083017815","2024","2","HU","7083003038","HU","7083011273",7109834,"b","",11,"nem","nem"
"D","20","HU","7034098858","2024","1","HU","7049071019","HU","7034090272","","a","",11,"nem","nem"
"D","20","HU","7034098960","2024","2","HU","7049071019","HU","7034090300","","a","",11,"nem","nem"
"D","20","HU","7034098999","2024","1","HU","7049071019","HU","7034090371","","E","",11,"nem","nem"
"D","20","HU","7034098890","2024","1","HU","7049071019","HU","7034090397","","E","",11,"nem","nem"
"D","20","HU","7020228324","2024","2","HU","7019135721","HU","7020219191","","b","",11,"nem","nem"
"D","20","HU","7020228548","2024","2","HU","7019135721","HU","7020219331","","b","",11,"nem","nem"
"D","20","HU","7020223712","2024","1","HU","7019135721","HU","7043036421",6729882,"E","",11,"nem","nem"
"D","20","HU","7020223853","2024","2","HU","7019135721","HU","7043044257","","x","",11,"nem","nem"
"D","20","HU","7083018171","2024","2","HU","7049070849","HU","7049070571",6673952,"a","",11,"nem","igen"
"D","201","HU","7083018098","2024","2","HU","7049081607","HU","7077009998",6673952,"E","",11,"nem","igen"
"D","20","HU","7034095558","2024","2","HU","7043035628","HU","7049081748",6809825,"a","",11,"nem","igen"
"D","20","HU","7034102724","2024","2","HU","7043035628","HU","7049082004",6809825,"a","",11,"nem","igen"
"D","20","HU","7034102737","2024","2","HU","7043035628","HU","7049082004",6809825,"a","",11,"nem","igen"
"D","20","HU","7020228366","2024","2","HU","7019135721","HU","7043037084","","b","",11,"nem","nem"
"D","20","HU","7067055745","2023","2","HU","7067031367","HU","7067043915","","E","",11,"nem","nem"
"D","20","HU","7067059682","2024","2","HU","7049062448","HU","7025048640",6655815,"a","",11,"nem","igen"
"D","2002","HU","7067059679","2024","2","HU","7049062448","HU","7067056858",6909981,"E","",11,"nem","nem"
"D","20","HU","7067055972","2024","2","HU","7067031367","HU","7019056286",6737115,"a","",11,"nem","igen"
"D","20","HU","7067056100","2024","2","HU","7067031367","HU","7019076363",6737115,"a","",11,"nem","igen"
"D","20","HU","7067056197","2024","2","HU","7067031367","HU","7067044383",6737115,"a","",11,"nem","igen"
"D","20","HU","7067055831","2024","2","HU","7067031367","HU","7067044424",6737115,"a","",11,"nem","igen"
"D","20","HU","7091000025","2023","2","HU","7049076410","HU","7043033374","","E","",11,"nem","nem"
"D","20","HU","7091004102","2024","2","HU","7030103000","HU","7043035772","","b","",11,"nem","nem"
"D","2000","HU","7091004029","2024","1","HU","7049076410","HU","7043040873","","E","",11,"nem","nem"
"D","20","HU","7091004087","2024","1","HU","7030103000","HU","7043042284","","a","",11,"nem","nem"
"D","20","HU","7091004371","2024","2","HU","7030103000","HU","7043054296","","E","",11,"nem","nem"
"D","20","HU","7034102779","2025","2","HU","7043035628","HU","7049082004",6809825,"a","",11,"nem","igen"
"D","20","HU","7025104849","2025","1","HU","7083003038","HU","7025090791",4665472,"x","",11,"nem","igen"
"D","20","HU","7025104823","2025","2","HU","7083003038","HU","7025092681",4665472,"x","",11,"nem","igen"
"D","20","HU","7025104498","2025","2","HU","7050079752","HU","7049071163",4665472,"x","",11,"nem","igen"
"D","20","HU","7025104625","2025","1","HU","7050079752","HU","7049076689",4665472,"x","",11,"nem","igen"
"D","20","HU","7025104539","2025","1","HU","7050079752","HU","7049082244",4665472,"x","",11,"nem","igen"
"D","20","HU","7025104443","2025","2","HU","7083003038","HU","7050063212",4665472,"x","",11,"nem","igen"
"D","20","HU","7025104456","2025","1","HU","7083003038","HU","7050085531",4665472,"x","",11,"nem","igen"
"D","20","HU","7033121009","2025","2","HU","7049088576","HU","7033109863",1244991,"a","",11,"nem","igen"
"D","20","HU","7033121182","2025","1","HU","7049088576","HU","7033114360",1244991,"K","",11,"nem","igen"
"D","20","HU","7033121111","2025","1","HU","7049088576","HU","7033114469",1244991,"K","",11,"nem","igen"
"D","20","HU","7033121140","2025","1","HU","7049088576","HU","7049057462",1244991,"K","",11,"nem","igen"
"D","20","HU","7049097329","2025","1","HU","7049088857","HU","7049065719","","a","",11,"nem","nem"
"D","20","HU","7049097361","2025","1","HU","7049088857","HU","7049066695","","k","",11,"nem","nem"
"D","20","HU","7049093453","2025","2","HU","7049088857","HU","7049075927",1145467,"a","",11,"nem","igen"
"D","20","HU","7049093510","2025","2","HU","7083015011","HU","7049088646","","b","",11,"nem","nem"
"D","20","HU","7049093565","2025","2","HU","7067031028","HU","7049062068","","a","",11,"nem","nem"
"D","20","HU","7067056366","2024","2","HU","7067031367","HU","7067031325",6737115,"b","",11,"nem","igen"
"D","20","HU","7067056225","2024","2","HU","7067031367","HU","7067031226",6737115,"b","",11,"nem","igen"
"D","20","HU","7067056379","2024","1","HU","7067031367","HU","7067031309",6700887,"K","",11,"nem","nem"
"D","20","HU","7034098832","2025","1","HU","7034087003","HU","7034087045","","a","",11,"nem","nem"
"D","20","HU","7034099185","2025","2","HU","7034087003","HU","7043044710",8800725,"b","",11,"nem","igen"
"D","20","HU","7067061368","2025","2","HU","7067031367","HU","7019128433",6737115,"a","",11,"nem","igen"
"D","20","HU","7067061285","2025","2","HU","7067031367","HU","7067030861",6737115,"a","",11,"nem","igen"
"D","20","HU","7083020774","2025","2","HU","7049081607","HU","7049070881",6673952,"b","",11,"nem","igen"
"D","201","HU","7083020831","2025","1","HU","7049081607","HU","7077010631",6673952,"E","",11,"nem","igen"
"D","2001","HU","7083020732","2025","2","HU","7049081607","HU","7077020232",6673952,"b","",11,"nem","igen"
"D","20","HU","7091004821","2025","2","HU","7049076410","HU","7043035347","","a","",11,"nem","nem"
"D","20","HU","7091004508","2025","1","HU","7030103000","HU","7043040703","","a","",11,"nem","nem"
"D","20","HU","7091004540","2025","2","HU","7049076410","HU","7043042817",1318221,"a","",11,"nem","igen"
"D","20","HU","7091004665","2025","2","HU","7049076410","HU","7043044835",1318221,"a","",11,"nem","igen"
"D","20","HU","7091005004","2025","2","HU","7030103000","HU","7043045836","","b","",11,"nem","nem"
"D","20","HU","7091005017","2025","2","HU","7030103000","HU","7043045836",1318221,"b","",11,"nem","igen"
"D","20","HU","7091004904","2025","1","HU","7030103000","HU","7043046093",1318221,"a","",11,"nem","igen"
"D","20","HU","7091005103","2025","2","HU","7030103000","HU","7043049207",1318221,"a","",11,"nem","igen"
"D","20","HU","7091004920","2025","1","HU","7049076410","HU","7043054717","","k","",11,"nem","nem"
"D","20","HU","7049097428","2025","2","HU","7067031028","HU","7049065777",7066036,"a","",11,"nem","nem"
"D","20","HU","7025104274","2024","2","HU","7049061702","HU","7025090791","","b","",11,"nem","nem"
"D","2000","HU","7025103950","2024","1","HU","7049061702","HU","7025090829",6721596,"K","",11,"nem","nem"
"D","20","HU","7025101789","2024","2","HU","7049061702","HU","7025090999",4665472,"a","",11,"nem","igen"
"D","20","HU","7025102074","2024","1","HU","7049061702","HU","7049071163",7020562,"A","",11,"nem","nem"
"D","20","HU","7025102087","2024","1","HU","7049061702","HU","7049075969",4665472,"A","",11,"nem","igen"
"D","20","HU","7025104117","2024","2","HU","7050079752","HU","7049081975","","a","",11,"nem","nem"
"D","20","HU","7025104245","2024","2","HU","7050079752","HU","7049082132","","a","",11,"nem","nem"
"D","20","HU","7025101721","2024","2","HU","7050079752","HU","7050062592","","b","",11,"nem","nem"
"D","20","HU","7025101958","2024","1","HU","7067044817","HU","7050067836","","k","",11,"nem","nem"
"D","20","HU","7025103963","2024","1","HU","7067044817","HU","7050078821","","E","",11,"nem","nem"
"D","2001","HU","7025102003","2024","1","HU","7049061702","HU","7050086532","","E","",11,"nem","nem"
"D","20","HU","7025104191","2024","2","HU","7067044817","HU","7050087153",4665472,"b","",11,"nem","igen"
"D","20","HU","7034090623","2025","1","HU","7049088378","HU","7043046051",6860033,"a","",11,"nem","igen"
"D","20","HU","7067056605","2024","1","HU","7067031367","HU","7019066069",6950433,"K","",11,"nem","nem"
"D","20","HU","7067061834","2024","2","HU","7067031367","HU","7019127362",6737115,"a","",11,"nem","igen"
"D","20","HU","7067061863","2024","2","HU","7067031367","HU","7067031242",6737115,"a","",11,"nem","igen"
"D","20","HU","7067061818","2024","1","HU","7067031367","HU","7067031200","","E","",11,"nem","nem"
"D","20","HU","7091004003","2024","2","HU","7049076410","HU","7043033569",1318221,"a","",11,"nem","igen"
"D","20","HU","7043054931","2024","2","HU","7049076410","HU","7043035462",1318221,"a","",11,"nem","igen"
"D","20","HU","7091003789","2024","1","HU","7049076410","HU","7043035574","","x","",11,"nem","nem"
"D","20","HU","7091000421","2024","2","HU","7030103000","HU","7043041915","","x","",11,"nem","nem"
"D","20","HU","7043055156","2024","1","HU","7030103000","HU","7043042817","","x","",11,"nem","nem"
"D","20","HU","7043054832","2024","1","HU","7049076410","HU","7043044877","","k","",11,"nem","nem"
"D","20","HU","7043054858","2024","2","HU","7049076410","HU","7043044877","","x","",11,"nem","nem"
"D","20","HU","7091003750","2024","1","HU","7030103000","HU","7043045609","","x","",11,"nem","nem"
"D","20","HU","7091000504","2024","2","HU","7030103000","HU","7043046022","","x","",11,"nem","nem"
"D","20","HU","7091003961","2024","1","HU","7049076410","HU","7043052083","","k","",11,"nem","nem"
"D","20","HU","7083021548","2025","1","HU","7083015334","HU","7050099769",6963480,"a","",11,"nem","igen"
"D","20","HU","7083021410","2025","1","HU","7083015334","HU","7083011299","","k","",11,"nem","nem"
"D","20","HU","7083021449","2025","1","HU","7083015334","HU","7083015433",7002621,"K","",11,"nem","nem"
"D","20","HU","7083021506","2025","1","HU","7083015334","HU","7083015529",6880549,"K","",11,"nem","igen"
"D","20","HU","7049097530","2025","2","HU","7049088857","HU","7049071035",7066036,"b","",11,"nem","nem"
"D","20","HU","7024019472","2007","2","","","","","","B","",11,"nem","nem"
"D","20","HU","7025080918","2019","2","HU","7025048710","HU","7050085359","","b","",11,"nem","nem"
"D","20","HU","7019135482","2019","1","HU","7019135213","HU","7019123160","","k","",11,"nem","nem"
"D","20","HU","7031020007","2006","1","","","","","","B","",11,"nem","nem"
"D","20","HU","7019144631","2018","1","","","","","","B","",11,"nem","nem"
"D","20","HU","7043023252","2012","1","HU","7011014507","HU","7043017316","","E","",11,"nem","nem"
"D","20","HU","7031020276","2006","2","","","","","","E","",11,"nem","nem"
"D","20","HU","7043042341","2019","2","HU","7050053497","HU","7043023760","","b","",11,"nem","nem"
"D","20","HU","7043030780","2015","1","HU","7011014507","HU","7009040620","","k","",11,"nem","nem"
"D","20","HU","7019076868","2012","1","HU","7019055991","HU","7019053184","","E","",11,"nem","nem"
"D","20","HU","7043036661","2018","2","HU","7043024208","HU","7043030285","","b","",11,"nem","nem"
"D","20","HU","7049037695","2015","1","HU","7049034506","HU","7049019677","","E","",11,"nem","nem"
"D","2000","HU","7043040787","2018","2","HU","7019123722","HU","7043031103","","b","",11,"nem","nem"
"D","20","HU","7049066062","2019","1","HU","7043035206","HU","7049041711","","E","",11,"nem","nem"
"D","20","HU","7019112526","2018","1","HU","7049041782","HU","7019123186","","k","",11,"nem","nem"
"D","20","HU","7019126949","2016","1","HU","7019091656","HU","7019066353",6668107,"K","",11,"nem","nem"
"D","20","HU","7019088627","2019","2","HU","7019135213","HU","7019123061","","x","",11,"nem","nem"
"D","20","HU","7043030470","2015","1","HU","7019077137","HU","7003051512","","E","",11,"nem","nem"
"D","20","HU","7043033204","2016","1","HU","7050053497","HU","7043019293","","k","",11,"nem","nem"
"D","20","HU","7019127007","2016","1","HU","7019055991","HU","7019076347","","E","",11,"nem","nem"
"D","20","HU","7049051169","2017","1","HU","7043024240","HU","7049019677","","k","",11,"nem","nem"
"D","20","HU","7049034931","2014","1","","","HU","7049019677","","E","",11,"nem","nem"
"D","20","HU","7045031354","2008","1","","","","","","B","",11,"nem","nem"
"D","20","HU","7043036559","2018","2","HU","7043024208","HU","7043025436","","a","",11,"nem","nem"
"D","20","HU","7019094378","2018","1","HU","7049041852","HU","7019123326","","k","",11,"nem","nem"
"D","20","HU","7019060485","2010","1","HU","7019048380","HU","7019042368","","E","",11,"nem","nem"
"D","20","HU","7019076686","2012","2","HU","7019055991","HU","7019052998","","b","",11,"nem","nem"
"D","20","HU","7043037745","2017","1","HU","7050053497","HU","7043023760","","E","",11,"nem","nem"
"D","20","HU","7050095046","2018","1","HU","7019123269","HU","7050053567",9589003,"K","",11,"nem","nem"
"D","20","HU","7050085515","2017","1","HU","7019083127","HU","7050062774","","E","",11,"nem","nem"
"D","20","HU","7019055889","2010","2","","","HU","7019053184","","E","",11,"nem","nem"
"D","20","HU","7019055920","2010","1","HU","7019052969","HU","7019053056","","K","",11,"nem","nem"
"D","20","HU","7043025340","2013","1","HU","7045031242","HU","7003051567","","K","",11,"nem","nem"
"D","20","HU","7043035392","2017","1","HU","7050053497","HU","7043029977","","x","",11,"nem","nem"
"D","20","HU","7030049720","2014","1","HU","7019067495","HU","7030049155","","E","",11,"nem","nem"
"D","20","HU","7019122916","2016","2","HU","7026036103","HU","7019091320","","b","",11,"nem","nem"
"D","20","HU","7038021139","2010","1","HU","7021005685","HU","7008077380","","E","",11,"nem","nem"
"D","20","HU","7049066187","2019","2","HU","7049048820","HU","7049057756","","E","",11,"nem","nem"
"D","20","HU","7019136991","2018","2","HU","7019111749","HU","7019112261","","a","",11,"nem","nem"
"D","20","HU","7043034461","2017","1","HU","7019077137","HU","7031020317","","k","",11,"nem","nem"
"D","20","HU","7043040998","2018","1","HU","7019123722","HU","7043023434","","k","",11,"nem","nem"
"D","20","HU","7026032097","2009","1","","","","","","B","",11,"nem","nem"
"D","20","HU","7019140455","2019","2","HU","7049041849","HU","7019112120","","a","",11,"nem","nem"
"D","20","HU","7043040646","2018","2","HU","7050053497","HU","7043033233","","a","",11,"nem","nem"
"D","20","HU","7049035200","2014","2","","","HU","7049022185","","E","",11,"nem","nem"
"D","20","HU","7025048723","2015","1","HU","7019088106","HU","7032011365","","k","",11,"nem","nem"
"D","20","HU","7043034333","2016","2","HU","7043024208","HU","7045030647","","b","",11,"nem","nem"
"D","20","HU","7019088164","2013","1","HU","7025030450","HU","7019045572","","E","",11,"nem","nem"
"D","20","HU","7019076743","2012","1","HU","7019055991","HU","7019053142","","K","",11,"nem","nem"
"D","20","HU","7003051299","2010","2","","","HU","7031019827","","E","",11,"nem","nem"
"D","20","HU","7019123425","2016","1","HU","7019091771","HU","7019067284","","E","",11,"nem","nem"
"D","201","HU","7019066874","2011","2","HU","7019048377","HU","7019046586","","E","",11,"nem","nem"
"D","20","HU","7019055805","2010","2","","","HU","7024019472","","E","",11,"nem","nem"
"D","20","HU","7049066091","2019","1","HU","7019112133","HU","7049048619","","k","",11,"nem","nem"
"D","20","HU","7050085375","2017","1","HU","7050063519","HU","7050062620","","k","",11,"nem","nem"
"D","20","HU","7049041638","2015","1","HU","7049034506","HU","7049028110","","E","",11,"nem","nem"
"D","20","HU","7019076855","2012","2","HU","7019055991","HU","7019053184",5079108,"E","",11,"nem","nem"
"D","20","HU","7049035028","2014","1","","","HU","7049028110","","E","",11,"nem","nem"
"D","20","HU","7019137187","2018","2","HU","7049041852","HU","7019123131","","x","",11,"nem","nem"
"D","20","HU","7043033361","2016","1","HU","7019067622","HU","7043021135","","k","",11,"nem","nem"
"D","20","HU","7019127742","2016","1","HU","7019055991","HU","7019082692","","K","",11,"nem","nem"
"D","20","HU","7043030441","2015","1","HU","7019077137","HU","7031019942","","k","",11,"nem","nem"
"D","20","HU","7043042099","2018","1","HU","7019123722","HU","7043030706","","a","",11,"nem","nem"
"D","20","HU","7019091151","2014","1","HU","7019067648","HU","7019066465","","E","",11,"nem","nem"
"D","20","HU","7043035321","2017","2","HU","7019067622","HU","7043024336","","a","",11,"nem","nem"
"D","20","HU","7043041001","2018","1","HU","7019123722","HU","7043034841","","E","",11,"nem","nem"
"D","20","HU","7025079978","2019","2","HU","7050063519","HU","7050063494","","b","",11,"nem","nem"
"D","20","HU","7043034106","2016","1","HU","7043024208","HU","7003051567","","k","",11,"nem","nem"
"D","20","HU","7038022044","2011","1","HU","7038006057","HU","7037002885","","E","",11,"nem","nem"
"D","20","HU","7050094805","2018","1","HU","7019123269","HU","7050075419","","k","",11,"nem","nem"
"D","20","HU","7043037633","2017","1","HU","7050053497","HU","7043024451","","k","",11,"nem","nem"
"D","20","HU","7049065933","2019","2","HU","7049048820","HU","7049057686","","E","",11,"nem","nem"
"D","20","HU","7043030821","2015","1","HU","7019067622","HU","7043023942","","E","",11,"nem","nem"
"D","20","HU","7043033598","2016","2","HU","7011014507","HU","7043015666",4170008,"a","",11,"nem","nem"
"D","20","HU","7043041100","2019","1","HU","7050053497","HU","7043035107","","k","",11,"nem","nem"
"D","20","HU","7003051260","2010","1","","","HU","7064002373","","E","",11,"nem","nem"
"D","20","HU","7067030704","2018","2","HU","7019082973","HU","7019127218",4739104,"E","",11,"nem","nem"
"D","20","HU","7019092503","2018","2","HU","7049041849","HU","7019122789","","x","",11,"nem","nem"
"D","202","HU","7019092123","2018","2","","","HU","7019112331","","E","",11,"nem","nem"
"D","20","HU","7043036335","2017","1","HU","7043024208","HU","7003051567","","k","",11,"nem","nem"
"D","20","HU","7043034247","2017","1","HU","7043024208","HU","7003051442","","k","",11,"nem","nem"
"D","20","HU","7050075620","2016","2","HU","7019082647","HU","7025030405","","b","",11,"nem","nem"
"D","20","HU","7043033952","2016","2","HU","7019077137","HU","7043025634","","x","",11,"nem","nem"
"D","20","HU","7025080608","2019","2","HU","7050063519","HU","7050078933","","b","",11,"nem","nem"
"D","20","HU","7019066452","2011","1","HU","7019048380","HU","7028018109","","E","",11,"nem","nem"
"D","2001","HU","7043023083","2012","1","HU","7011014507","HU","7050004589","","E","",11,"nem","nem"
"D","20","HU","7055025521","2011","2","HU","7045031242","HU","7031019971","","E","",11,"nem","nem"
"D","20","HU","7019066337","2011","2","","","","","","E","",11,"nem","nem"
"D","20","HU","7019135284","2017","2","HU","7019111749","HU","7019067606","","a","",11,"nem","nem"
"D","20","HU","7043042846","2019","1","HU","7050053497","HU","7043023715","","a","",11,"nem","nem"
"D","20","HU","7019088838","2019","2","HU","7019135213","HU","7019135185","","x","",11,"nem","nem"
"D","20","HU","7043035389","2017","1","HU","7050053497","HU","7043029964","","k","",11,"nem","nem"
"D","20","HU","7019092615","2018","1","HU","7049041852","HU","7019122747","","k","",11,"nem","nem"
"D","20","HU","7043030607","2015","1","HU","7019077137","HU","7043025692","","K","",11,"nem","nem"
"D","20","HU","7019035111","2010","1","HU","7011014507","HU","7059006793","","E","",11,"nem","nem"
"D","20","HU","7019067383","2012","2","HU","7019048380","HU","7019060274","","E","",11,"nem","nem"
"D","20","HU","7019083002","2015","1","HU","7019055991","HU","7019056231","","k","",11,"nem","nem"
"D","20","HU","7019066283","2011","1","HU","7019055991","HU","7019048405","","E","",11,"nem","nem"
"D","20","HU","7019060261","2010","1","HU","7019048380","HU","7024019120","","E","",11,"nem","nem"
"D","20","HU","7043042680","2019","2","HU","7050053497","HU","7043033316","","b","",11,"nem","nem"
"D","20","HU","7019056215","2011","2","HU","7019052956","HU","7019053056","","E","",11,"nem","nem"
"D","20","HU","7026035579","2014","1","HU","7026032109","HU","7026031843","","E","",11,"nem","nem"
"D","20","HU","7049062112","2018","1","HU","7019112133","HU","7049019705","","k","",11,"nem","nem"
"D","20","HU","7019135549","2019","1","HU","7049041849","HU","7019092277","","k","",11,"nem","nem"
"D","20","HU","7043037323","2019","2","HU","7043024208","HU","7043030355","","a","",11,"nem","nem"
"D","20","HU","7025079994","2019","1","HU","7050038401","HU","7050085586","","k","",11,"nem","nem"
"D","20","HU","7043037662","2017","2","HU","7050053497","HU","7043029878","","b","",11,"nem","nem"
"D","20","HU","7019092107","2018","1","HU","7049041782","HU","7019112191","","E","",11,"nem","nem"
"D","20","HU","7043023629","2013","1","HU","7011014507","HU","7050017998","","E","",11,"nem","nem"
"D","20","HU","7043022925","2012","2","HU","7011014507","HU","7050008088","","E","",11,"nem","nem"
"D","20","HU","7043024253","2014","1","HU","7019067622","HU","7043023434","","K","",11,"nem","nem"
"D","20","HU","7043037969","2018","2","HU","7019123722","HU","7043019280","","a","",11,"nem","nem"
"D","20","HU","7019088432","2019","1","HU","7050087728","HU","7019111934","","x","",11,"nem","nem"
"D","20","HU","7043023562","2013","1","HU","7011014507","HU","7050017998","","E","",11,"nem","nem"
"D","20","HU","7019083664","2013","1","HU","7030044556","HU","7019045725","","E","",11,"nem","nem"
"D","20","HU","7043043694","2019","2","HU","7043024240","HU","7043030115","","b","",11,"nem","nem"
"D","20","HU","7043033473","2016","1","HU","7011014507","HU","7043021263","","a","",11,"nem","nem"
"D","20","HU","7019060500","2010","1","HU","7019048380","HU","7024019414","","E","",11,"nem","nem"
"D","20","HU","7019060120","2010","2","","","HU","7019045572","","E","",11,"nem","nem"
"D","20","HU","7049061984","2018","1","HU","7050075550","HU","7049048721","","E","",11,"nem","nem"
"D","20","HU","7039009963","2004","1","","","","","","B","",11,"nem","nem"
"D","20","HU","7019127713","2016","1","HU","7019055991","HU","7019066225","","k","",11,"nem","nem"
"D","20","HU","7011014268","2008","1","","","","","","B","",11,"nem","nem"
"D","20","HU","7043025580","2014","1","HU","7036005834","HU","7045030452","","E","",11,"nem","nem"
"D","20","HU","7019076558","2012","1","HU","7030044556","HU","7019045811","","E","",11,"nem","nem"
"D","20","HU","7019076462","2012","1","HU","7019055991","HU","7003077851","","E","",11,"nem","nem"
"D","20","HU","7025026785","2012","1","HU","7038006057","HU","7038020688","","E","",11,"nem","nem"
"D","20","HU","7043040914","2018","1","HU","7019123722","HU","7043023054","","E","",11,"nem","nem"
"D","20","HU","7049034973","2014","1","","","HU","7049019680","","E","",11,"nem","nem"
"D","20","HU","7064000540","2000","2","","","HU","7064000157","","E","",11,"nem","nem"
"D","20","HU","7043044749","2019","1","HU","7050053497","HU","7043030818","","k","",11,"nem","nem"
"D","20","HU","7049066202","2019","2","HU","7049048820","HU","7049037682","","b","",11,"nem","nem"
"D","20","HU","7043035491","2017","2","HU","7050053497","HU","7043021250","","x","",11,"nem","nem"
"D","20","HU","7030024213","2007","2","","","","","","E","",11,"nem","nem"
"D","20","HU","7025080637","2019","1","HU","7025048710","HU","7050086165","","k","",11,"nem","nem"
"D","20","HU","7050094920","2018","1","HU","7019123579","HU","7025048640","","E","",11,"nem","nem"
"D","20","HU","7019067578","2012","1","HU","7019048380","HU","7019045585","","E","",11,"nem","nem"
"D","20","HU","7059004704","2001","2","HU","7059004353","HU","7059004379","","B","",11,"nem","nem"
"D","20","HU","7019082481","2013","2","","","HU","7024019472","","E","",11,"nem","nem"
"D","20","HU","7019067028","2011","1","HU","7019048377","HU","7030024383","","E","",11,"nem","nem"
"D","20","HU","7019053113","2008","2","","","","","","B","",11,"nem","nem"
"D","20","HU","7038021902","2011","1","HU","7038006057","HU","7008077629","","E","",11,"nem","nem"
"D","20","HU","7019067510","2012","1","HU","7019048380","HU","7019060555","","E","",11,"nem","nem"
"D","20","HU","7049041683","2015","1","HU","7049034506","HU","7049019705","","E","",11,"nem","nem"
"D","20","HU","7025080215","2019","1","HU","7050063519","HU","7050062758","","k","",11,"nem","nem"
"D","20","HU","7043040745","2018","1","HU","7050053497","HU","7043033316","","E","",11,"nem","nem"
"D","20","HU","7049062295","2018","1","HU","7050075550","HU","7049022200","","K","",11,"nem","nem"
"D","20","HU","7019045639","2008","2","","","","","","E","",11,"nem","nem"
"D","201","HU","7043017543","2010","1","HU","7011014507","HU","7043015752","","E","",11,"nem","nem"
"D","20","HU","7019084892","2013","2","","","HU","7019045613","","E","",11,"nem","nem"
"D","20","HU","7038020790","2010","1","HU","7021005685","HU","7008077629","","E","",11,"nem","nem"
"D","20","HU","7019083651","2013","1","HU","7030044556","HU","7019045725","","E","",11,"nem","nem"
"D","20","HU","7049061645","2018","2","HU","7019112133","HU","7049041625","","x","",11,"nem","nem"
"D","20","HU","7019140145","2019","2","HU","7049041782","HU","7019112104","","a","",11,"nem","nem"
"D","20","HU","7065016779","2019","1","HU","7019091656","HU","7049048862","","E","",11,"nem","nem"
"D","20","HU","7019111989","2015","1","HU","7019079197","HU","7028018084","","K","",11,"nem","nem"
"D","20","HU","7043036364","2017","1","HU","7043024208","HU","7043025436","","k","",11,"nem","nem"
"D","20","HU","7043024224","2014","2","HU","7019067622","HU","7043022909","","E","",11,"nem","nem"
"D","20","HU","7043031129","2015","2","HU","7011014507","HU","7043024349","","a","",11,"nem","nem"
"D","20","HU","7064002443","2004","2","HU","7064007691","HU","7064000339","","E","",11,"nem","nem"
"D","20","HU","7049066299","2019","1","HU","7049048820","HU","7049057743","","E","",11,"nem","nem"
"D","20","HU","7019076727","2012","2","HU","7019055991","HU","7019045770","","E","",11,"nem","nem"
"D","20","HU","7067030759","2018","2","HU","7019082973","HU","7019127250",4739104,"b","",11,"nem","nem"
"D","20","HU","7019079379","2013","1","HU","7019060542","HU","7019066465","","E","",11,"nem","nem"
"D","20","HU","7059007062","2014","1","HU","7011014507","HU","7043022912","","E","",11,"nem","nem"
"D","20","HU","7019126978","2016","1","HU","7019055991","HU","7019076561","","k","",11,"nem","nem"
"D","20","HU","7019066171","2011","2","HU","7019052972","HU","7019045192","","B","",11,"nem","nem"
"D","20","HU","7043025577","2014","1","HU","7036005834","HU","7045030704","","E","",11,"nem","nem"
"D","20","HU","7019076800","2012","1","HU","7019055991","HU","7019053100","","E","",11,"nem","nem"
"D","20","HU","7025036865","2013","1","HU","7038020873","HU","7038021267","","E","",11,"nem","nem"
"D","20","HU","7046024052","2006","2","","","","","","E","",11,"nem","nem"
"D","20","HU","7019088656","2019","1","HU","7050087728","HU","7019123199","","x","",11,"nem","nem"
"D","20","HU","7019083411","2013","2","","","HU","7024019430","","E","",11,"nem","nem"
"D","20","HU","7043030920","2015","1","HU","7019067622","HU","7043023926","","E","",11,"nem","nem"
"D","20","HU","7043023249","2012","1","HU","7011014507","HU","7004048128","","E","",11,"nem","nem"
"D","20","HU","7043020907","2011","1","HU","7011014507","HU","7043017192","","E","",11,"nem","nem"
"D","20","HU","7019127052","2016","1","HU","7019055991","HU","7019076037","","k","",11,"nem","nem"
"D","20","HU","7025080640","2019","1","HU","7025048710","HU","7050086165","","k","",11,"nem","nem"
"D","20","HU","7019111679","2015","2","HU","7019088119","HU","7019067846","","a","",11,"nem","nem"
"D","20","HU","7019055975","2010","1","HU","7019052969","HU","7019053168","","K","",11,"nem","nem"
"D","20","HU","7019112485","2015","2","HU","7050057785","HU","7028018042","","b","",11,"nem","nem"
"D","20","HU","7050099590","2019","1","HU","7019123579","HU","7050075886","","E","",11,"nem","nem"
"D","20","HU","7019083680","2013","2","HU","7030044556","HU","7019053043","","E","",11,"nem","nem"
"D","20","HU","7050099800","2019","2","HU","7019123579","HU","7050087760","","b","",11,"nem","nem"
"D","20","HU","7043023674","2013","2","HU","7043021010","HU","7043020923","","E","",11,"nem","nem"
"D","20","HU","7019127739","2016","2","HU","7019055991","HU","7019076631","","a","",11,"nem","nem"
"D","20","HU","7019079759","2013","1","HU","7019060542","HU","7019066382","","E","",11,"nem","nem"
"D","20","HU","7019066832","2011","1","HU","7019048380","HU","7009011208","","E","",11,"nem","nem"
"D","20","HU","7019137314","2018","1","HU","7049041849","HU","7019112104","","E","",11,"nem","nem"
"D","20","HU","7043015736","2010","1","HU","7011014268","HU","7059006946","","E","",11,"nem","nem"
"D","20","HU","7019122820","2016","2","HU","7026036103","HU","7019091180","","a","",11,"nem","nem"
"D","20","HU","7031020656","2007","2","","","","","","E","",11,"nem","nem"
"D","20","HU","7019060331","2010","1","HU","7019048364","HU","7024019485","","E","",11,"nem","nem"
"D","20","HU","7043033303","2016","1","HU","7050053497","HU","7043029878","","E","",11,"nem","nem"
"D","20","HU","7031020388","2006","2","","","","","","E","",11,"nem","nem"
"D","2050","HU","7050038386","2012","2","HU","7025030450","HU","7006000711","","E","",11,"nem","nem"
"D","20","HU","7030037086","2010","1","","","HU","7010041788","","E","",11,"nem","nem"
"D","20","HU","7019079395","2013","1","","","HU","7019067057","","E","",11,"nem","nem"
"D","20","HU","7019088797","2019","2","HU","7050087728","HU","7019135114","","x","",11,"nem","nem"
"D","20","HU","7037003381","2002","2","","","","","","E","",11,"nem","nem"
"D","20","HU","7043042268","2019","1","HU","7019123722","HU","7043021263","","a","",11,"nem","nem"
"D","20","HU","7050094793","2018","2","HU","7019123269","HU","7050075419","","b","",11,"nem","nem"
"D","20","HU","7019088573","2019","2","HU","7019135213","HU","7019122862","","x","",11,"nem","nem"
"D","20","HU","7043036377","2017","1","HU","7043024208","HU","7043030160","","k","",11,"nem","nem"
"D","20","HU","7019092037","2018","1","HU","7049041849","HU","7019112063","","k","",11,"nem","nem"
"D","20","HU","7050075505","2016","2","HU","7019082647","HU","7050053554","","E","",11,"nem","nem"
"D","20","HU","7019055933","2010","1","HU","7019052969","HU","7019053014","","K","",11,"nem","nem"
"D","20","HU","7043021052","2011","1","HU","7011014507","HU","7009039846","","E","",11,"nem","nem"
"D","20","HU","7043023025","2012","1","HU","7011014507","HU","7050004758","","E","",11,"nem","nem"
"D","20","HU","7019137174","2018","2","HU","7049041852","HU","7019123131","","E","",11,"nem","nem"
"D","202","HU","7019079605","2018","1","HU","7049041782","HU","7019123384","","E","",11,"nem","nem"
"D","20","HU","7059004353","1999","1","","","","","","E","",11,"nem","nem"
"D","20","HU","7043037620","2017","2","HU","7019067622","HU","7043023731","","b","",11,"nem","nem"
"D","20","HU","7043030553","2015","2","HU","7019077137","HU","7003051509","","b","",11,"nem","nem"
"D","20","HU","7025079965","2019","2","HU","7050063519","HU","7050086574","","b","",11,"nem","nem"
"D","20","HU","7043034487","2017","2","HU","7019077137","HU","7043030355","","a","",11,"nem","nem"
"D","20","HU","7049066174","2019","1","HU","7049048820","HU","7049057756","","E","",11,"nem","nem"
"D","20","HU","7043038027","2018","1","HU","7019123722","HU","7043024451","","a","",11,"nem","nem"
"D","20","HU","7049065694","2019","2","HU","7043035206","HU","7049041807","","b","",11,"nem","nem"
"D","20","HU","7019092079","2018","1","HU","7049041782","HU","7019112146","","k","",11,"nem","nem"
"D","20","HU","7043031046","2015","1","HU","7019067622","HU","7043022909","","E","",11,"nem","nem"
"D","20","HU","7043037406","2017","1","HU","7019067622","HU","7043030706","","k","",11,"nem","nem"
"D","20","HU","7019127755","2016","2","HU","7019055991","HU","7019056330","","a","",11,"nem","nem"
"D","20","HU","7019123681","2016","1","HU","7026036103","HU","7019091292","","k","",11,"nem","nem"
"D","20","HU","7049065889","2019","1","HU","7019112133","HU","7049048648","","a","",11,"nem","nem"
"D","20","HU","7050087773","2017","1","HU","7050053512","HU","7025048583","","E","",11,"nem","nem"
"D","20","HU","7019127416","2016","1","HU","7019055991","HU","7019076839","","k","",11,"nem","nem"
"D","20","HU","7043037576","2017","2","HU","7050053497","HU","7043029836","","b","",11,"nem","nem"
"D","20","HU","7025036766","2013","1","HU","7038020873","HU","7038020802","","E","",11,"nem","nem"
"D","20","HU","7043023009","2012","1","HU","7011014507","HU","7059004704","","E","",11,"nem","nem"
"D","20","HU","7043042297","2019","1","HU","7019123722","HU","7043035347","","E","",11,"nem","nem"
"D","20","HU","7043035149","2016","1","HU","7050053497","HU","7043030962","","k","",11,"nem","nem"
"D","20","HU","7051038567","2015","1","HU","7019056327","HU","7051033393","","E","",11,"nem","nem"
"D","20","HU","7019076222","2012","1","HU","7030044556","HU","7019056091","","E","",11,"nem","nem"
"D","20","HU","7050086277","2017","1","HU","7050063519","HU","7050062688","","x","",11,"nem","nem"
"D","2050","HU","7050038373","2012","2","HU","7025030450","HU","7006000711","","E","",11,"nem","nem"
"D","20","HU","7043023153","2012","2","HU","7011014507","HU","7043020923","","E","",11,"nem","nem"
"D","20","HU","7043042057","2018","1","HU","7019123722","HU","7043033134","","k","",11,"nem","nem"
"D","20","HU","7050044318","2013","1","HU","7025030450","HU","7025030380","","E","",11,"nem","nem"
"D","20","HU","7043033600","2016","2","HU","7011014507","HU","7043015666",4170008,"a","",11,"nem","nem"
"D","20","HU","7019083536","2013","2","HU","7030044556","HU","7019053155","","E","",11,"nem","nem"
"D","20","HU","7049066228","2019","2","HU","7043034755","HU","7049035185","","b","",11,"nem","nem"
"D","20","HU","7019048393","2008","2","","","","","","B","",11,"nem","nem"
"D","20","HU","7049061968","2018","1","HU","7050075550","HU","7049048721","","E","",11,"nem","nem"
"D","20","HU","7025079770","2019","2","HU","7050063519","HU","7050078920","","b","",11,"nem","nem"
"D","20","HU","7003050959","2010","1","","","HU","7064002120","","E","",11,"nem","nem"
"D","20","HU","7050075534","2016","1","HU","7019082647","HU","7025039165","","k","",11,"nem","nem"
"D","20","HU","7019076321","2012","2","HU","7019055991","HU","7019053171","","E","",11,"nem","nem"
"D","20","HU","7043033981","2016","1","HU","7019077137","HU","7043026060","","k","",11,"nem","nem"
"D","20","HU","7019123157","2016","2","HU","7019088119","HU","7028010648","","b","",11,"nem","nem"
"D","20","HU","7019091870","2018","2","HU","7019111749","HU","7019091289","","a","",11,"nem","nem"
"D","20","HU","7059013739","2010","1","HU","7011014507","HU","7059006818","","E","",11,"nem","nem"
"D","20","HU","7019140468","2019","2","HU","7049041849","HU","7019112120","","a","",11,"nem","nem"
"D","2001","HU","7025080372","2019","1","HU","7050063519","HU","7050085333","","E","",11,"nem","nem"
"D","20","HU","7043036603","2018","2","HU","7043024208","HU","7043026073","","a","",11,"nem","nem"
"D","20","HU","7019046458","2008","2","","","","","","E","",11,"nem","nem"
"D","20","HU","7019127292","2016","1","HU","7019055991","HU","7019082717","","k","",11,"nem","nem"
"D","20","HU","7019060290","2010","2","HU","7019048364","HU","7019048322","","E","",11,"nem","nem"
"D","20","HU","7019091966","2018","2","HU","7049041849","HU","7019111682","","b","",11,"nem","nem"
"D","20","HU","7059006793","2001","2","HU","7059004353","HU","7059004522","","B","",11,"nem","nem"
"D","20","HU","7050087588","2017","1","HU","7025048653","HU","7025048541","","k","",11,"nem","nem"
"D","20","HU","7019123128","2016","1","HU","7019091771","HU","7019080830","","k","",11,"nem","nem"
"D","20","HU","7019063800","2008","2","","","","","","E","",11,"nem","nem"
"D","20","HU","7019067198","2011","1","","","HU","7019060373","","E","",11,"nem","nem"
"D","20","HU","7024020397","2007","2","","","","","","B","",11,"nem","nem"
"D","20","HU","7043043003","2019","2","HU","7019123722","HU","7043030636","","b","",11,"nem","nem"
"D","20","HU","7019066733","2011","1","HU","7019048380","HU","7024020694","","E","",11,"nem","nem"
"D","20","HU","7049062183","2018","1","HU","7049048820","HU","7049041609","","E","",11,"nem","nem"
"D","20","HU","7049057503","2017","1","HU","7025048710","HU","7049035185","","k","",11,"nem","nem"
"D","20","HU","7059013742","2010","1","HU","7011014268","HU","7059006764","","E","",11,"nem","nem"
"D","20","HU","7043038014","2018","1","HU","7019123722","HU","7043024451","","a","",11,"nem","nem"
"D","20","HU","7019123045","2016","2","HU","7019088119","HU","7019067677","","a","",11,"nem","nem"
"D","20","HU","7049066273","2019","1","HU","7049048820","HU","7049057743","","E","",11,"nem","nem"
"D","20","HU","7025080596","2019","2","HU","7050063519","HU","7050078933","","b","",11,"nem","nem"
"D","20","HU","7043044736","2019","1","HU","7050053497","HU","7043034841","","E","",11,"nem","nem"
"D","20","HU","7043035813","2018","2","HU","7050053497","HU","7043023898","","a","",11,"nem","nem"
"D","20","HU","7019055780","2010","1","","","HU","7019053126","","E","",11,"nem","nem"
"D","20","HU","7049041670","2015","1","HU","7049034506","HU","7049019705","","E","",11,"nem","nem"
"D","2013","HU","7043021036","2010","1","HU","7011014507","HU","7059004618","","E","",11,"nem","nem"
"D","20","HU","7065016795","2019","2","HU","7019091656","HU","7049048859","","b","",11,"nem","nem"
"D","20","HU","7050086826","2018","1","HU","7050038401","HU","7050078227","","E","",11,"nem","nem"
"D","20","HU","7043034586","2017","1","HU","7019077137","HU","7043030537","","k","",11,"nem","nem"
"D","20","HU","7043023322","2012","2","HU","7011014507","HU","7043015570","","E","",11,"nem","nem"
"D","20","HU","7043025890","2013","1","HU","7045031242","HU","7031019760","","E","",11,"nem","nem"
"D","20","HU","7050038401","2012","1","HU","7025030450","HU","7025030364","","B","",11,"nem","nem"
"D","20","HU","7043020840","2011","2","HU","7011014507","HU","7050017998","","E","",11,"nem","nem"
"D","20","HU","7019079212","2013","2","HU","7019060542","HU","7019066618","","a","",11,"nem","nem"
"D","20","HU","7030060725","2012","2","HU","7030048563","HU","7030024325","","b","",11,"nem","nem"
"D","20","HU","7019079353","2013","2","HU","7019060542","HU","7019066379","","a","",11,"nem","nem"
"D","20","HU","7019079366","2013","2","HU","7019060542","HU","7019066465","","A","",11,"nem","nem"
"D","20","HU","7019079506","2013","2","HU","7019066410","HU","7019045668","","B","",11,"nem","nem"
"D","20","HU","7019079580","2013","2","HU","7019066410","HU","7019060469","","a","",11,"nem","nem"
"D","20","HU","7019079621","2013","2","","","HU","7030056782","","E","",11,"nem","nem"
"D","20","HU","7019088122","2013","2","HU","7019060542","HU","7019066407","","E","",11,"nem","igen"
"D","20","HU","7019048377","2004","1","","","","","","B","",11,"nem","igen"
"D","20","HU","7008075784","1999","2","","","","","","E","",11,"nem","nem"
"D","20","HU","7050009443","2003","2","HU","7059004366","HU","7050004815","","E","",11,"nem","nem"
"D","20","HU","7003051512","2011","2","HU","7045031242","HU","7064002373","","E","",11,"nem","nem"
"D","20","HU","7019066353","2011","2","HU","7019055991","HU","7019053043","","B","",11,"nem","nem"
"D","20","HU","7019066449","2011","1","HU","7019048377","HU","7009011419","","K","",11,"nem","nem"
"D","20","HU","7019056257","2011","2","HU","7019048418","HU","7019052985","","B","",11,"nem","nem"
"D","20","HU","7019066759","2011","2","HU","7019048380","HU","7019063800","","B","",11,"nem","nem"
"D","20","HU","7019067099","2011","2","HU","7019048380","HU","7028018042","","E","",11,"nem","igen"
"D","20","HU","7019067156","2011","2","HU","7019048377","HU","7019060469","","E","",11,"nem","nem"
"D","20","HU","7030038904","2010","2","","","HU","7030024411","","E","",11,"nem","nem"
"D","20","HU","7030066297","2011","2","","","","","","E","",11,"nem","nem"
"D","20","HU","7038021225","2010","2","HU","7021005685","HU","7037003828","","E","",11,"nem","nem"
"D","20","HU","7019060469","2010","2","HU","7019048380","HU","7019046445","","B","",11,"nem","nem"
"D","20","HU","7058019950","2005","2","","","","","","E","",11,"nem","igen"
"D","20","HU","7050008088","2004","2","","","HU","7059006793","","E","",11,"nem","nem"
"D","20","HU","7043023434","2012","2","HU","7011014507","HU","7059004704","","B","",11,"nem","nem"
"D","20","HU","7019083565","2013","1","HU","7030044556","HU","7019053113","","E","",11,"nem","igen"
"D","20","HU","7019076660","2012","2","HU","7019055991","HU","7003077554","","B","",11,"nem","nem"
"D","20","HU","7019088065","2013","2","HU","7019066410","HU","7019060328","","a","",11,"nem","nem"
"D","20","HU","7043023054","2012","2","HU","7011014507","HU","7043020840","","E","",11,"nem","nem"
"D","20","HU","7043023591","2013","2","HU","7011014507","HU","7059004465","","B","",11,"nem","nem"
"D","20","HU","7043023757","2013","2","HU","7043020879","HU","7004047903","","a","",11,"nem","nem"
"D","20","HU","7043023827","2013","2","HU","7043020879","HU","7043020402","","B","",11,"nem","nem"
"D","20","HU","7043023843","2013","2","HU","7011014507","HU","7004047705",1318221,"A",3,11,"nem","igen"
"D","20","HU","7043023885","2013","2","HU","7011014507","HU","7059004506","","B","",11,"nem","nem"
"D","20","HU","7043023942","2013","2","HU","7011014507","HU","7043021263","","A","",11,"nem","nem"
"D","20","HU","7043025436","2013","2","HU","7045031242","HU","7045030113","","B","",11,"nem","nem"
"D","20","HU","7039011793","2009","1","","","","","","B","",11,"nem","nem"
"D","20","HU","7019091180","2014","2","HU","7019067648","HU","7019067057","","A","",11,"nem","nem"
"D","20","HU","7043029852","2014","2","HU","7019067622","HU","7043023757","","E","",11,"nem","nem"
"D","20","HU","7019091292","2014","2","HU","7025030450","HU","7019045572","","b","",11,"nem","nem"
"D","20","HU","7019091560","2014","2","HU","7019067648","HU","7019048319","","B","",11,"nem","nem"
"D","20","HU","7019091586","2014","2","HU","7019067648","HU","7019066382","","A","",11,"nem","nem"
"D","20","HU","7019091784","2014","2","","","HU","7019046490","","E","",11,"nem","nem"
"D","20","HU","7043025548","2014","2","HU","7036005834","HU","7031019830","","E","",11,"nem","nem"
"D","20","HU","7043025902","2014","2","HU","7045031242","HU","7003051512","","E","",11,"nem","nem"
"D","20","HU","7043025915","2014","2","HU","7045031242","HU","7003051512","","E","",11,"nem","nem"
"D","20","HU","7050053413","2014","2","HU","7050038399","HU","7050038443",6880549,"A",1,11,"nem","igen"
"D","20","HU","7026031971","2013","2","","","","","","E","",11,"nem","nem"
"D","20","HU","7038021775","2011","1","HU","7038006057","HU","7008076433","","E","",11,"nem","nem"
"D","20","HU","7019077096","2012","2","HU","7019055991","HU","7019053113","","B","",11,"nem","nem"
"D","20","HU","7019067408","2012","2","HU","7019048380","HU","7019045613","","B","",11,"nem","nem"
"D","20","HU","7055025365","2012","2","HU","7045031242","HU","7031019913","","B","",11,"nem","nem"
"D","20","HU","7019067705","2012","2","HU","7019048380","HU","7019046528","","B","",11,"nem","nem"
"D","20","HU","7025026701","2012","2","HU","7038006057","HU","7008075867","","E","",11,"nem","nem"
"D","20","HU","7025026730","2012","2","HU","7038021270","HU","7038020646","","E","",11,"nem","nem"
"D","20","HU","7025026699","2012","2","HU","7038021270","HU","7038021197","","b","",11,"nem","nem"
"D","20","HU","7019067792","2012","2","HU","7019048377","HU","7019045655","","B","",11,"nem","nem"
"D","20","HU","7009039817","2007","2","","","HU","7059004423","","B","",11,"nem","nem"
"D","20","HU","7009039846","2007","2","HU","7012005021","HU","7050009584","","B","",11,"nem","nem"
"D","20","HU","7019053142","2008","2","","","","","","B","",11,"nem","nem"
"D","20","HU","7019053155","2008","2","","","","","","B","",11,"nem","nem"
"D","20","HU","7056021485","2008","2","","","","","","B","",11,"nem","nem"
"D","20","HU","7003051314","2010","2","","","HU","7031020391","","B","",11,"nem","nem"
"D","20","HU","7019045204","2008","2","","","","","","B","",11,"nem","nem"
"D","20","HU","7019045725","2008","2","","","","","","B","",11,"nem","nem"
"D","20","HU","7019046122","2008","2","","","","","","B","",11,"nem","igen"
"D","20","HU","7030024718","2007","2","","","","","","B","",11,"nem","nem"
"D","20","HU","7045031242","2008","1","","","","","","B","",11,"nem","nem"
"D","20","HU","7019066436","2011","2","HU","7019048377","HU","7019046560","","E","",11,"nem","nem"
"D","20","HU","7030036861","2010","2","","","HU","7030024408","","E","",11,"nem","nem"
"D","20","HU","7030036999","2010","2","","","HU","7030024172","","E","",11,"nem","nem"
"D","20","HU","7030049465","2011","2","HU","7030042190","HU","7030024367","","E","",11,"nem","nem"
"D","20","HU","7030049548","2011","2","HU","7030042190","HU","7010041788","","E","",11,"nem","nem"
"D","20","HU","7030037268","2010","2","","","HU","7030024297","","E","",11,"nem","nem"
"D","20","HU","7030049142","2011","1","HU","7030042190","HU","7030024239","","E","",11,"nem","nem"
"D","20","HU","7019060159","2010","1","HU","7019048377","HU","7019048335","","E","",11,"nem","nem"
"D","20","HU","7019060245","2010","2","HU","7019048380","HU","7019046573","","E","",11,"nem","nem"
"D","20","HU","7008076110","2003","2","","","","","","E","",11,"nem","nem"
"D","20","HU","7030060709","2012","1","HU","7030048563","HU","7030037101","","K","",11,"nem","nem"
"D","20","HU","7030060824","2012","1","HU","7030048563","HU","7030024718","","K","",11,"nem","nem"
"D","20","HU","7024020694","2007","2","","","","","","B","",11,"nem","nem"
"D","20","HU","7030024338","2007","2","","","","","","B","",11,"nem","nem"
"D","20","HU","7030024383","2007","2","","","","","","B","",11,"nem","nem"
"D","20","HU","7030024411","2007","2","","","","","","B","",11,"nem","nem"
"D","20","HU","7043025720","2013","2","HU","7045031242","HU","7031020375","","E","",11,"nem","nem"
"D","20","HU","7043025775","2013","2","HU","7045031242","HU","7031020317","","E","",11,"nem","nem"
"D","20","HU","7043025874","2013","2","HU","7045031242","HU","7003051512","","E","",11,"nem","nem"
"D","20","HU","7025036852","2013","2","HU","7038021270","HU","7038020758","","E","",11,"nem","nem"
"D","20","HU","7025036948","2013","2","HU","7038021270","HU","7038021340","","E","",11,"nem","nem"
"D","20","HU","7026032279","2013","2","HU","7046022401","HU","7046023837","","E","",11,"nem","nem"
"D","20","HU","7037003167","2001","2","","","","","","E","",11,"nem","nem"
"D","2001","HU","7050009456","2003","2","HU","7059004366","HU","7050004589","","E","",11,"nem","nem"
"D","20","HU","7010044921","2005","2","HU","7010041890","HU","7010041759","","E","",11,"nem","nem"
"D","20","HU","7019046429","2008","2","","","","","","B","",11,"nem","nem"
"D","20","HU","7019046487","2008","2","","","","","","B","",11,"nem","nem"
"D","20","HU","7019046515","2008","2","","","","","","B","",11,"nem","nem"
"D","20","HU","7003068826","2008","2","","","","","","E","",11,"nem","nem"
"D","20","HU","7019076008","2012","2","HU","7030044556","HU","7019056017","","E","",11,"nem","nem"
"D","20","HU","7019076011","2012","2","HU","7030044556","HU","7019056017","","E","",11,"nem","nem"
"D","20","HU","7019076149","2012","2","HU","7030044556","HU","7019056286","","E","",11,"nem","nem"
"D","20","HU","7019083086","2015","2","HU","7019055991","HU","7019076446","","E","",11,"nem","nem"
"D","20","HU","7043024240","2014","1","HU","7019067622","HU","7043020402",9872354,"B","",11,"nem","nem"
"D","20","HU","7050062576","2012","2","","","","","","B","",11,"nem","nem"
"D","20","HU","7025039178","2010","2","","","","","","B","",11,"nem","nem"
"D","20","HU","7050053471","2014","2","HU","7050038399","HU","7032011464","","B","",11,"nem","nem"
"D","20","HU","7043024310","2014","1","HU","7011014507","HU","7043020949","","K","",11,"nem","nem"
"D","20","HU","7019091573","2014","1","HU","7019067648","HU","7019066382","","K","",11,"nem","nem"
"D","20","HU","7050053512","2014","1","HU","7050038399","HU","7032012056","","B","",11,"nem","nem"
"D","20","HU","7019097553","2013","2","","","","","","B","",11,"nem","nem"
"D","20","HU","7019097579","2013","2","","","","","","B",3,11,"nem","nem"
"D","20","HU","7049035156","2014","2","","","HU","7049028181","","B","",11,"nem","nem"
"D","20","HU","7049035031","2014","2","","","HU","7049028110","","E","",11,"nem","nem"
"D","20","HU","7032011464","2010","2","","","","","","B","",11,"nem","nem"
"D","20","HU","7043030409","2015","1","HU","7019077137","HU","7031020375","","K","",11,"nem","nem"
"D","20","HU","7030050418","2015","2","HU","7050044321","HU","7030059347","","b","",11,"nem","nem"
"D","20","HU","7030050591","2015","1","HU","7050044321","HU","7030049100","","E","",11,"nem","nem"
"D","20","HU","7043025465","2014","2","HU","7036005834","HU","7003051624","","E","",11,"nem","nem"
"D","20","HU","7019092280","2014","2","","","","","","B","",11,"nem","nem"
"D","20","HU","7050062646","2012","2","","","","",4665472,"B",1,11,"nem","igen"
"D","20","HU","7050062688","2012","2","","","","","","B","",11,"nem","nem"
"D","20","HU","7050062745","2012","2","","","","",4665472,"B",2,11,"nem","igen"
"D","20","HU","7050063142","2012","2","","","","","","B","",11,"nem","nem"
"D","20","HU","7050063353","2012","2","","","","","","B","",11,"nem","nem"
"D","20","HU","7050063155","2012","2","","","","",4665472,"B",2,11,"nem","igen"
"D","20","HU","7043023830","2013","2","HU","7043020879","HU","7043020402","","E","",11,"nem","nem"
"D","20","HU","7043017303","2009","1","HU","7012005021","HU","7059004720","","E","",11,"nem","nem"
"D","20","HU","7019046461","2009","2","","","","","","B","",11,"nem","nem"
"D","2011","HU","7043017064","2009","1","HU","7012005021","HU","7009040620","","E","",11,"nem","nem"
"D","20","HU","7050075419","2016","2","HU","7050053512","HU","7025048509","","E","",11,"nem","nem"
"D","20","HU","7050075448","2016","2","HU","7019082647","HU","7032011464",8994963,"b","",11,"nem","nem"
"D","20","HU","7050075589","2016","2","HU","7019082647","HU","7050053426","","E","",11,"nem","nem"
"D","20","HU","7050075633","2016","2","HU","7019082647","HU","7025030405","","E","",11,"nem","nem"
"D","20","HU","7050075703","2016","2","HU","7050070948","HU","7025048679","","E","",11,"nem","nem"
"D","20","HU","7050075857","2016","2","HU","7050070948","HU","7025048583","","E","",11,"nem","nem"
"D","20","HU","7050075860","2016","2","HU","7050070948","HU","7050053525","","E","",11,"nem","nem"
"D","20","HU","7025048538","2015","2","HU","7050038399","HU","7025030393","","B",1,11,"nem","nem"
"D","20","HU","7025048541","2015","2","HU","7050038399","HU","7050037202","","B","",11,"nem","nem"
"D","20","HU","7025048778","2015","2","HU","7019088106","HU","7050057798","","E","",11,"nem","nem"
"D","20","HU","7025048781","2015","2","HU","7019088106","HU","7032012056","","E","",11,"nem","nem"
"D","20","HU","7043033767","2016","1","HU","7011014507","HU","7043023827","","K","",11,"nem","nem"
"D","20","HU","7043033233","2016","2","HU","7019067622","HU","7043023492","","B","",11,"nem","nem"
"D","2000","HU","7043033259","2016","2","HU","7050053497","HU","7043024419","","B",2,11,"nem","nem"
"D","20","HU","7043033316","2016","2","HU","7050053497","HU","7043029878","","B",1,11,"nem","nem"
"D","20","HU","7043033374","2016","2","HU","7019067622","HU","7043021135","","A",3,11,"nem","nem"
"D","20","HU","7043034924","2016","2","HU","7050053497","HU","7043023898","","A","",11,"nem","nem"
"D","20","HU","7043035082","2016","2","HU","7050053497","HU","7043030636","","B","",11,"nem","nem"
"D","20","HU","7050063519","2012","1","","","","","","B","",11,"nem","nem"
"D","20","HU","7025048822","2015","1","HU","7019088106","HU","7050037174",6860332,"B","",11,"nem","nem"
"D","20","HU","7049041612","2015","1","HU","7049034506","HU","7049022200","","K","",11,"nem","nem"
"D","20","HU","7043031017","2015","1","HU","7019067622","HU","7043015666","","K","",11,"nem","nem"
"D","20","HU","7025048695","2015","1","HU","7019088106","HU","7050038443","","K","",11,"nem","nem"
"D","20","HU","7050068035","2015","2","","","HU","7050062758",4665472,"B",2,11,"nem","igen"
"D","20","HU","7019111624","2015","2","HU","7019088119","HU","7019045572","","b","",11,"nem","nem"
"D","20","HU","7019111781","2015","2","HU","7019079197","HU","7019045585","","b","",11,"nem","nem"
"D","20","HU","7019112120","2015","2","HU","7019088119","HU","7019067073",1244991,"A",1,11,"nem","igen"
"D","20","HU","7019082887","2016","2","HU","7019091656","HU","7019076699",6737115,"A",2,11,"nem","igen"
"D","20","HU","7043030243","2015","1","HU","7043025449","HU","7045030519","","k","",11,"nem","nem"
"D","20","HU","7043030355","2015","2","HU","7019077137","HU","7031020317","","B",2,11,"nem","nem"
"D","20","HU","7043030425","2015","2","HU","7019077137","HU","7031019885",6729882,"B",1,11,"nem","nem"
"D","20","HU","7043030508","2015","2","HU","7019077137","HU","7055025365","","B","",11,"nem","nem"
"D","20","HU","7043030649","2015","2","HU","7019067622","HU","7043020808","","A","",11,"nem","nem"
"D","20","HU","7043030678","2015","2","HU","7011014507","HU","7043019293","","A","",11,"nem","nem"
"D","20","HU","7043030777","2015","2","HU","7011014507","HU","7043020910","","E","",11,"nem","igen"
"D","20","HU","7043030904","2015","2","HU","7011014507","HU","7043023434","","A","",11,"nem","nem"
"D","20","HU","7043031033","2015","2","HU","7019067622","HU","7043015666","","A","",11,"nem","nem"
"D","20","HU","7043030834","2015","2","HU","7011014507","HU","7043019280","","E","",11,"nem","nem"
"D","20","HU","7050075518","2016","1","HU","7019082647","HU","7025030393",9979110,"K","",11,"nem","nem"
"D","20","HU","7019123607","2016","1","HU","7019091771","HU","7019066692","","E","",11,"nem","nem"
"D","20","HU","7049041849","2016","1","HU","7043024240","HU","7049019677","","B","",11,"nem","nem"
"D","20","HU","7043035152","2016","1","HU","7019067622","HU","7043030681","","E","",11,"nem","nem"
"D","20","HU","7019122606","2016","2","HU","7026036103","HU","7019091250","","A",1,11,"nem","nem"
"D","202","HU","7019122734","2016","2","","","HU","7019091193","","E","",11,"nem","nem"
"D","202","HU","7019122903","2016","2","","","HU","7019091560","","E","",11,"nem","nem"
"D","20","HU","7019123131","2016","2","HU","7019091771","HU","7019088078",6809825,"B",2,11,"nem","igen"
"D","20","HU","7019123201","2016","2","HU","7019088119","HU","7019067482",7752955,"B",2,11,"nem","nem"
"D","20","HU","7019123230","2016","2","HU","7019088119","HU","7019060555","","B","",11,"nem","nem"
"D","20","HU","7019135057","2017","2","HU","7019112133","HU","7019079311","","A","",11,"nem","nem"
"D","202","HU","7019135086","2017","2","","","HU","7028018042","","E","",11,"nem","nem"
"D","20","HU","7019135156","2017","2","HU","7025048608","HU","7019112159","","a","",11,"nem","nem"
"D","20","HU","7019135242","2017","2","HU","7019112133","HU","7019079410","","B","",11,"nem","nem"
"D","20","HU","7019135099","2017","1","HU","7019112133","HU","7019079689","","K","",11,"nem","nem"
"D","20","HU","7043034755","2017","1","HU","7019077137","HU","7043025647","","B","",11,"nem","nem"
"D","20","HU","7019082957","2016","2","HU","7019091656","HU","7019056004","","a","",11,"nem","nem"
"D","20","HU","7049057446","2017","2","HU","7019112133","HU","7049041711",1145467,"A",1,11,"nem","nem"
"D","20","HU","7043035222","2017","2","HU","7050053497","HU","7043029753","","a","",11,"nem","nem"
"D","20","HU","7043037758","2017","2","HU","7050053497","HU","7043023760","","b","",11,"nem","nem"
"D","20","HU","7019122664","2016","2","HU","7019088119","HU","7019067424","","A",1,11,"nem","nem"
"D","20","HU","7049057389","2017","1","HU","7019112133","HU","7049022200","","K","",11,"nem","nem"
"D","20","HU","7019127531","2017","2","HU","7019082973","HU","7019066069","","a","",11,"nem","nem"
"D","20","HU","7019128475","2017","1","HU","7019091656","HU","7019045754","","k","",11,"nem","nem"
"D","20","HU","7019128503","2017","1","HU","7019082973","HU","7019066353","","k","",11,"nem","nem"
"D","20","HU","7019127250","2016","2","HU","7019055991","HU","7019056356","","E","",11,"nem","nem"
"D","20","HU","7019127263","2016","2","HU","7019055991","HU","7019056356","","E","",11,"nem","nem"
"D","20","HU","7043035037","2016","1","HU","7050053497","HU","7043021250","","E","",11,"nem","nem"
"D","20","HU","7026036116","2014","2","HU","7026032109","HU","7026031869","","E","",11,"nem","nem"
"D","20","HU","7043034812","2017","2","HU","7019077137","HU","7043025973","","b","",11,"nem","nem"
"D","20","HU","7050078904","2017","2","HU","7019083127","HU","7050062732","","E","",11,"nem","nem"
"D","20","HU","7050078933","2017","2","HU","7019083127","HU","7050068345","","a","",11,"nem","nem"
"D","20","HU","7050085292","2017","2","HU","7019083127","HU","7050062633","","E","",11,"nem","nem"
"D","20","HU","7050085573","2017","1","HU","7019083127","HU","7050063142",4677048,"K","",11,"nem","nem"
"D","20","HU","7065007421","2017","2","","","","","","E","",11,"nem","nem"
"D","20","HU","7065007434","2017","2","","","","","","E","",11,"nem","nem"
"D","20","HU","7065007517","2017","2","","","","","","E","",11,"nem","nem"
"D","20","HU","7050078694","2016","2","HU","7050063522","HU","7050063449","","E","",11,"nem","nem"
"D","20","HU","7050078821","2016","2","HU","7050063522","HU","7050062732","","E","",11,"nem","nem"
"D","20","HU","7019137228","2018","2","HU","7049041782","HU","7019112159","","A","",11,"nem","nem"
"D","20","HU","7049061939","2018","2","HU","7049048820","HU","7049048648",6809825,"A",1,11,"nem","igen"
"D","20","HU","7049062365","2018","2","HU","7049048820","HU","7049048635","","E","",11,"nem","nem"
"D","20","HU","7050078339","2016","2","HU","7050038401","HU","7050062774","","E","",11,"nem","nem"
"D","20","HU","7043036405","2018","1","HU","7043024208","HU","7043030272","","K","",11,"nem","nem"
"D","20","HU","7043036517","2018","1","HU","7043024208","HU","7045030519","","B","",11,"nem","nem"
"D","20","HU","7043036616","2018","1","HU","7043024208","HU","7003051314","","k","",11,"nem","nem"
"D","20","HU","7043036674","2018","1","HU","7043024208","HU","7043030285","","k","",11,"nem","nem"
"D","20","HU","7043041014","2018","1","HU","7050053497","HU","7043029977","","a","",11,"nem","nem"
"D","20","HU","7049044529","2016","2","HU","7043024240","HU","7049028053","","B","",11,"nem","nem"
"D","20","HU","7019128660","2017","1","HU","7019082973","HU","7019056314","","k","",11,"nem","nem"
"D","20","HU","7019128350","2017","2","HU","7019091656","HU","7019076040",6737115,"A",1,11,"nem","igen"
"D","20","HU","7019128389","2017","2","HU","7019091656","HU","7019076631","","a","",11,"nem","nem"
"D","20","HU","7019128459","2017","2","HU","7019082973","HU","7019053014","","E","",11,"nem","nem"
"D","20","HU","7019128516","2017","2","HU","7019082973","HU","7019066353","","E","",11,"nem","nem"
"D","20","HU","7019128529","2017","2","HU","7019082973","HU","7019066353","","E","",11,"nem","nem"
"D","20","HU","7050087591","2017","2","HU","7025048653","HU","7050053554","","E","",11,"nem","nem"
"D","20","HU","7050087658","2017","2","HU","7025048653","HU","7050053471","","a","",11,"nem","nem"
"D","20","HU","7050087674","2017","2","HU","7025048653","HU","7032012085","","E","",11,"nem","nem"
"D","20","HU","7026062663","2017","1","RO","2560530977","HU","7026042403","","E","",11,"nem","nem"
"D","20","HU","7026071601","2018","2","RO","2560530977","HU","7026042403","","E","",11,"nem","nem"
"D","20","HU","7049057491","2017","2","HU","7025048710","HU","7049035185","","b","",11,"nem","nem"
"D","20","HU","7049057462","2017","2","HU","7019112133","HU","7049019721","","B",1,11,"nem","nem"
"D","20","HU","7043035714","2018","1","HU","7019123722","HU","7043030649","","K","",11,"nem","nem"
"D","20","HU","7019128110","2018","1","HU","7019091656","HU","7019056356","","E","",11,"nem","nem"
"D","20","HU","7050094946","2018","1","HU","7019123269","HU","7025048583","","A","",11,"nem","nem"
"D","20","HU","7043035826","2018","2","HU","7050053497","HU","7043030719","","a","",11,"nem","nem"
"D","20","HU","7043040732","2018","2","HU","7050053497","HU","7043033585","","E","",11,"nem","nem"
"D","20","HU","7043041072","2018","2","HU","7019123722","HU","7043022912","","E","",11,"nem","nem"
"D","2000","HU","7043041861","2018","2","HU","7019123722","HU","7043034966","","B",3,11,"nem","nem"
"D","20","HU","7043041890","2018","2","HU","7050053497","HU","7043033811","","E","",11,"nem","nem"
"D","20","HU","7049057868","2018","1","HU","7049048820","HU","7049041597","","K","",11,"nem","nem"
"D","20","HU","7049061702","2018","1","HU","7019112133","HU","7049022198",4665472,"B","",11,"igen","igen"
"D","20","HU","7050094748","2018","2","HU","7019123269","HU","7050075394","","B","",11,"nem","nem"
"D","20","HU","7049062237","2018","2","HU","7019112133","HU","7049048622","","a","",11,"nem","nem"
"D","20","HU","7019127979","2018","2","HU","7019091656","HU","7019076699","","E","",11,"nem","nem"
"D","20","HU","7019128011","2018","2","HU","7019091656","HU","7019082845","","E","",11,"nem","nem"
"D","20","HU","7050086714","2018","1","HU","7019083127","HU","7050063212","","K","",11,"nem","nem"
"D","20","HU","7049066075","2019","1","HU","7049048820","HU","7049057446",896432,"B","",11,"nem","nem"
"D","20","HU","7043042961","2019","1","HU","7019123722","HU","7043023492","","K","",11,"nem","nem"
"D","20","HU","7043042127","2019","1","HU","7050053497","HU","7043024349",9028519,"K","",11,"nem","nem"
"D","20","HU","7019135581","2019","1","HU","7049041782","HU","7019112104","","E","",11,"nem","nem"
"D","20","HU","7025079626","2019","2","HU","7050063519","HU","7050085531","","E","",11,"nem","nem"
"D","20","HU","7019128037","2018","1","HU","7019091656","HU","7019082832","","K","",11,"nem","nem"
"D","20","HU","7043037237","2019","1","HU","7043024208","HU","7031020317","","K","",11,"nem","nem"
"D","20","HU","7043044020","2019","1","HU","7043024240","HU","7043034320","","k","",11,"nem","nem"
"D","20","HU","7043044455","2019","2","HU","7043024208","HU","7031020375","","b","",11,"nem","nem"
"D","2001","HU","7043042213","2019","2","HU","7019123722","HU","7043023575",1318221,"B",1,11,"nem","igen"
"D","2001","HU","7043042226","2019","2","HU","7019123722","HU","7043023575","","E","",11,"nem","nem"
"D","20","HU","7043042677","2019","2","HU","7050053497","HU","7043033316","","b","",11,"nem","nem"
"D","20","HU","7043042817","2019","2","HU","7019123722","HU","7043019293",1318221,"A",2,11,"nem","igen"
"D","20","HU","7043045919","2020","1","HU","7050053497","HU","7043035631","","E","",11,"nem","nem"
"D","20","HU","7043045922","2020","2","HU","7050053497","HU","7043035631",8800725,"A","",11,"nem","igen"
"D","20","HU","7043045740","2020","2","HU","7043035628","HU","7043035644","","E","",11,"nem","nem"
"D","20","HU","7049065652","2019","2","HU","7019112133","HU","7049048565",6926272,"a","",11,"nem","nem"
"D","20","HU","7049065821","2019","2","HU","7043034755","HU","7049034957",9915871,"A","",11,"nem","nem"
"D","20","HU","7049065975","2019","2","HU","7019112133","HU","7049057181","","A","",11,"nem","nem"
"D","20","HU","7067030858","2019","1","HU","7019082973","HU","7019082845",8215035,"A","",11,"nem","nem"
"D","20","HU","7067030960","2019","1","HU","7019082973","HU","7019127218","","E","",11,"nem","nem"
"D","20","HU","7065016823","2019","2","HU","7019091656","HU","7049048776","","b","",11,"nem","nem"
"D","20","HU","7049062071","2018","2","HU","7049048820","HU","7049019677","","B",1,11,"nem","nem"
"D","20","HU","7082000601","2019","2","HU","7043034755","HU","7049019677",303295,"b","",11,"nem","nem"
"D","20","HU","7019140046","2019","2","HU","7049041782","HU","7019112063","","B","",11,"nem","nem"
"D","20","HU","7019140356","2019","2","HU","7049041849","HU","7019091614","","A","",11,"nem","nem"
"D","20","HU","7019135479","2019","1","HU","7019135213","HU","7019122961","","E","",11,"nem","nem"
"D","20","HU","7049070922","2020","1","HU","7049061702","HU","7049034999","","E","",11,"nem","nem"
"D","20","HU","7049070766","2020","2","HU","7019112133","HU","7049035185","","b","",11,"nem","nem"
"D","20","HU","7049070964","2020","2","HU","7049061702","HU","7049037653","","E","",11,"nem","nem"
"D","20","HU","7049066851","2020","2","HU","7049061702","HU","7049037710",2296751,"A",1,11,"nem","nem"
"D","20","HU","7049070597","2020","2","HU","7043035206","HU","7049041597",7114652,"a","",11,"nem","nem"
"D","20","HU","7049070427","2020","1","HU","7049048820","HU","7049041609","","B","",11,"nem","nem"
"D","20","HU","7049070878","2020","1","HU","7049048820","HU","7049041807","","E","",11,"nem","nem"
"D","20","HU","7049070612","2020","2","HU","7019112133","HU","7049048648","","a","",11,"nem","nem"
"D","20","HU","7049070836","2020","1","HU","7049048820","HU","7049048693","","k","",11,"nem","nem"
"D","20","HU","7049071048","2020","1","HU","7049048820","HU","7049048846","","k","",11,"nem","nem"
"D","20","HU","7049070542","2020","1","HU","7019112133","HU","7049051156","","k","",11,"nem","nem"
"D","20","HU","7049066822","2020","2","HU","7043035206","HU","7049057446",6673952,"A",1,11,"nem","igen"
"D","20","HU","7049070472","2020","2","HU","7043035206","HU","7049062000",1145467,"A",1,11,"nem","nem"
"D","20","HU","7049070430","2020","1","HU","7043035206","HU","7049062068","","E","",11,"nem","nem"
"D","20","HU","7049070625","2020","1","HU","7043035206","HU","7049062208","","E","",11,"nem","nem"
"D","20","HU","7049070980","2020","1","HU","7019112133","HU","7049062336","","k","",11,"nem","nem"
"D","20","HU","7043045625","2020","1","HU","7019123722","HU","7043023760","","E","",11,"nem","nem"
"D","20","HU","7043045597","2020","1","HU","7043035628","HU","7043033259","","k","",11,"nem","nem"
"D","20","HU","7043045571","2020","1","HU","7043035628","HU","7043034937","","a","",11,"nem","nem"
"D","20","HU","7043045670","2020","1","HU","7043035628","HU","7043035657","","E","",11,"nem","nem"
"D","20","HU","7043045782","2020","1","HU","7043035628","HU","7043021263","","A","",11,"nem","nem"
"D","20","HU","7065021461","2020","1","HU","7043034755","HU","7019123272","","a","",11,"nem","nem"
"D","20","HU","7065021627","2020","1","HU","7019136904","HU","7049048581","","E","",11,"nem","nem"
"D","20","HU","7065021599","2020","2","HU","7019136904","HU","7049048594","","E","",11,"nem","nem"
"D","20","HU","7049068978","2016","1","","","","",6969062,"B","",11,"nem","nem"
"D","20","HU","7019094336","2020","1","HU","7019136751","HU","7019137228","","E","",11,"nem","nem"
"D","20","HU","7082002281","2020","2","HU","7043036463","HU","7019088049","","a","",11,"nem","nem"
"D","20","HU","7067031341","2020","2","HU","7019127797","HU","7019126907",6737115,"A",2,11,"nem","igen"
"D","20","HU","7067031354","2020","2","HU","7019127797","HU","7019127362","","E","",11,"nem","nem"
"D","20","HU","7067031143","2020","2","HU","7019127797","HU","7019128079",6737115,"A",1,11,"nem","igen"
"D","20","HU","7019140653","2020","2","HU","7019136988","HU","7019122792",7752955,"A",1,11,"nem","nem"
"D","20","HU","7019140624","2020","2","HU","7019136988","HU","7019123160","","E","",11,"nem","nem"
"D","20","HU","7019135891","2020","1","HU","7019136751","HU","7019112159","","a","",11,"nem","nem"
"D","20","HU","7019135750","2020","1","HU","7019111749","HU","7019122651","","E","",11,"nem","nem"
"D","20","HU","7019092628","2020","2","HU","7019136751","HU","7019137075","","E","",11,"nem","nem"
"D","20","HU","7019140567","2020","2","HU","7019111749","HU","7049062084",7752955,"B",2,11,"nem","nem"
"D","20","HU","7019140583","2020","2","HU","7019136751","HU","7019091221","","E","",11,"nem","nem"
"D","20","HU","7019145108","2020","2","HU","7019137046","HU","7019111947","","E","",11,"nem","nem"
"D","20","HU","7019140538","2020","2","HU","7019136988","HU","7019112261",7002582,"A",1,11,"nem","nem"
"D","20","HU","7019135718","2020","1","HU","7019136988","HU","7019112261","","a","",11,"nem","nem"
"D","20","HU","7019140723","2020","2","HU","7019136751","HU","7019122648","","E","",11,"nem","nem"
"D","20","HU","7043044679","2019","2","HU","7050053497","HU","7043035503","","E","",11,"nem","nem"
"D","20","HU","7043045456","2020","2","HU","7043035628","HU","7043024336","","a","",11,"nem","nem"
"D","20","HU","7043045357","2020","1","HU","7019123722","HU","7043030649","","a","",11,"nem","nem"
"D","20","HU","7043045373","2020","2","HU","7019123722","HU","7043030649","","a","",11,"nem","nem"
"D","20","HU","7043045089","2020","1","HU","7019123722","HU","7043035305","","a","",11,"nem","nem"
"D","20","HU","7043045951","2020","1","HU","7019123722","HU","7043035701","","E","",11,"nem","nem"
"D","20","HU","7067031367","2020","1","HU","7019127797","HU","7019077070",8215035,"A","",11,"nem","nem"
"D","20","HU","7083003265","2020","1","HU","7050063519","HU","7019111682","","E","",11,"nem","nem"
"D","20","HU","7083003083","2020","1","HU","7050063519","HU","7025048538","","K","",11,"nem","nem"
"D","20","HU","7083003249","2020","2","HU","7050063519","HU","7025048682","","E","",11,"nem","nem"
"D","20","HU","7083003153","2020","2","HU","7050063519","HU","7050053413","","a","",11,"nem","nem"
"D","20","HU","7043046077","2020","2","HU","7043035628","HU","7043035107","","a","",11,"nem","nem"
"D","20","HU","7043046246","2020","1","HU","7043035628","HU","7043020402","","k","",11,"nem","nem"
"D","20","HU","7043046332","2020","2","HU","7043035628","HU","7043023926","","E","",11,"nem","nem"
"D","20","HU","7043046217","2020","2","HU","7043035628","HU","7043030636","","b","",11,"nem","nem"
"D","20","HU","7043040196","2019","2","","","","","","","",11,"nem","nem"
"D","20","HU","7065013677","2020","2","","","","","","","",11,"nem","nem"
"D","20","HU","7067040772","2020","2","","","","","","","",11,"nem","nem"
"D","20","HU","7067040871","2020","2","","","","","","","",11,"nem","nem"
"D","20","HU","7049076519","2021","1","HU","7049061702","HU","7049037682","","E","",11,"nem","nem"
"D","20","HU","7049076522","2021","1","HU","7049061702","HU","7049037682","","E","",11,"nem","nem"
"D","20","HU","7049076494","2021","1","HU","7049065991","HU","7049041584",4961565,"K","",11,"nem","nem"
"D","20","HU","7049075969","2021","2","HU","7019135552","HU","7049048648",4665472,"A",2,11,"nem","igen"
"D","20","HU","7049076197","2021","1","HU","7049065991","HU","7049048721","","k","",11,"nem","nem"
"D","20","HU","7049076225","2021","2","HU","7019135552","HU","7049057392","","a","",11,"nem","nem"
"D","20","HU","7049071220","2021","1","HU","7049065991","HU","7049057756","","a","",11,"nem","nem"
"D","20","HU","7049076254","2021","1","HU","7019135552","HU","7049061632","","a","",11,"nem","nem"
"D","20","HU","7049076423","2021","2","HU","7049061702","HU","7049062211","","b",1,11,"nem","nem"
"D","20","HU","7049076085","2021","2","HU","7049068978","HU","7049062464","","a",2,11,"nem","nem"
"D","20","HU","7049076283","2021","1","HU","7049061702","HU","7049065821","","k","",11,"nem","nem"
"D","20","HU","7049076366","2021","1","HU","7049068978","HU","7049066046","","E","",11,"nem","nem"
"D","20","HU","7049076340","2021","1","HU","7049068978","HU","7049066158","","E","",11,"nem","nem"
"D","20","HU","7049076580","2021","1","HU","7049061702","HU","7049066260","","E","",11,"nem","nem"
"D","20","HU","7049076465","2021","1","HU","7049068978","HU","7049066286","","E","",11,"nem","nem"
"D","20","HU","7083006440","2021","2","HU","7025048822","HU","7050094764","","a","",11,"nem","nem"
"D","20","HU","7083006606","2021","2","HU","7025048822","HU","7050094988","","a","",11,"nem","nem"
"D","20","HU","7083006635","2021","1","HU","7025048822","HU","7050099699","","k","",11,"nem","nem"
"D","20","HU","7083006846","2021","2","HU","7049068978","HU","7049066244",6690319,"B",2,11,"nem","igen"
"D","20","HU","7034086763","2021","2","HU","7049066075","HU","7043042635",8800725,"A","",11,"nem","igen"
"D","20","HU","7030102968","2021","2","HU","7025048822","HU","7050053525","","b","",11,"nem","nem"
"D","20","HU","7083006552","2021","1","HU","7025048822","HU","7025048596","","k","",11,"nem","nem"
"D","20","HU","7083006651","2021","1","HU","7025048822","HU","7050038443","","k","",11,"nem","nem"
"D","20","HU","7083006495","2021","2","HU","7025048822","HU","7050087632","","A","",11,"nem","nem"
"D","20","HU","7067044789","2021","1","HU","7019082973","HU","7019076446","","k","",11,"nem","nem"
"D","20","HU","7067044721","2021","2","HU","7019082973","HU","7019082845",6737115,"A",1,11,"nem","igen"
"D","201","HU","7077020216","2021","2","HU","7050087728","HU","7077009998","","E","",11,"nem","nem"
"D","20","HU","7043047627","2021","1","HU","7043035628","HU","7043033811","","k","",11,"nem","nem"
"D","20","HU","7043047854","2021","2","HU","7019123722","HU","7043023492","","b","",11,"nem","nem"
"D","20","HU","7043047825","2021","2","HU","7043035628","HU","7043035248","","a","",11,"nem","nem"
"D","20","HU","7043047841","2021","1","HU","7019123722","HU","7043035631","","k","",11,"nem","nem"
"D","20","HU","7043047713","2021","1","HU","7019123722","HU","7043038085","","E","",11,"nem","nem"
"D","20","HU","7043047784","2021","2","HU","7019123722","HU","7043040732","","b","",11,"nem","nem"
"D","20","HU","7043047685","2021","1","HU","7043035628","HU","7043041072","","E","",11,"nem","nem"
"D","20","HU","7043047797","2021","1","HU","7019123722","HU","7043041816","","E","",11,"nem","nem"
"D","20","HU","7043049124","2021","1","HU","7043035628","HU","7043042284","","E","",11,"nem","nem"
"D","20","HU","7034086859","2021","2","HU","7049066075","HU","7043042875",8800725,"A","",11,"nem","igen"
"D","20","HU","7043044484","2021","2","HU","7043036645","HU","7043034742","","E","",11,"nem","nem"
"D","20","HU","7043049281","2021","1","HU","7043035628","HU","7043042987","","E","",11,"nem","nem"
"D","20","HU","7043044004","2021","1","HU","7043036645","HU","7045030113","","x","",11,"nem","nem"
"D","20","HU","7067031226","2021","2","HU","7019082973","HU","7019076699",6737115,"E","",11,"nem","nem"
"D","20","HU","7067044820","2021","1","HU","7019082973","HU","7019127375",4794235,"K","",11,"nem","nem"
"D","20","HU","7020212743","2021","1","HU","7043036645","HU","7043030090","","k","",11,"nem","nem"
"D","20","HU","7043049463","2021","2","HU","7043035628","HU","7043035462",1318221,"E","",11,"nem","igen"
"D","20","HU","7043049434","2021","1","HU","7043035628","HU","7043035644","","a","",11,"nem","nem"
"D","20","HU","7043049517","2021","1","HU","7043035628","HU","7043041915","","k","",11,"nem","nem"
"D","20","HU","7043049476","2021","1","HU","7043042271","HU","7043042015","","a","",11,"nem","nem"
"D","20","HU","7043049591","2021","2","HU","7043042271","HU","7043043537","","E","",11,"nem","nem"
"D","20","HU","7025066907","2016","2","","","","","","E","",11,"nem","nem"
"D","20","HU","7025073068","2017","2","","","","","","E","",11,"nem","nem"
"D","20","HU","7019145658","2021","2","HU","7019143177","HU","7019111947","","b",3,11,"nem","nem"
"D","20","HU","7019145489","2021","2","HU","7049066145","HU","7019135309",7752955,"a",1,11,"nem","nem"
"D","20","HU","7019145450","2021","2","HU","7019143177","HU","7019140033","","a",1,11,"nem","nem"
"D","20","HU","7019145421","2021","2","HU","7019143177","HU","7019140103",7752955,"a",2,11,"nem","nem"
"D","20","HU","7049076692","2021","1","HU","7049068978","HU","7049048888","","k","",11,"nem","nem"
"D","20","HU","7025090788","2021","2","HU","7050087070","HU","7050086011",4665472,"A",1,11,"nem","igen"
"D","2001","HU","7025090829","2021","2","HU","7050087070","HU","7050086545",4665472,"B",1,11,"nem","igen"
"D","20","HU","7025092735","2021","1","HU","7050079752","HU","7050086558","","E","",11,"nem","nem"
"D","20","HU","7020219245","2022","1","HU","7019135721","HU","7031020317","","E","",11,"nem","nem"
"D","20","HU","7020219229","2022","1","HU","7019135721","HU","7043036786","","K","",11,"nem","nem"
"D","20","HU","7030102997","2022","2","HU","7019088106","HU","7019112120","","a","",11,"nem","nem"
"D","20","HU","7030103000","2022","1","HU","7019088106","HU","7043046035",1318221,"A","",11,"igen","igen"
"D","20","HU","7033109876","2022","1","HU","7019088106","HU","7049057462",9396612,"K","",11,"nem","nem"
"D","20","HU","7043049885","2022","2","HU","7043042271","HU","7043035277","","a","",11,"nem","nem"
"D","20","HU","7043049900","2022","1","HU","7043035628","HU","7043042031","","a","",11,"nem","nem"
"D","20","HU","7043051417","2022","1","HU","7043035628","HU","7043035248","","k","",11,"nem","nem"
"D","20","HU","7043051532","2022","1","HU","7043042271","HU","7043031033","","a","",11,"nem","nem"
"D","20","HU","7034090339","2022","2","HU","7049071019","HU","7043042875",8800725,"A","",11,"nem","igen"
"D","20","HU","7049081959","2022","1","HU","7049065991","HU","7049037710","","E","",11,"nem","nem"
"D","20","HU","7049082398","2022","2","HU","7049061702","HU","7049057181",7752955,"a","",11,"nem","nem"
"D","20","HU","7049082299","2022","2","HU","7049070427","HU","7049057743",7752955,"E","",11,"nem","nem"
"D","20","HU","7049082091","2022","1","HU","7043045641","HU","7049062055",8821265,"K","",11,"nem","nem"
"D","20","HU","7049082129","2022","2","HU","7043045641","HU","7049062068",4665472,"A",1,11,"nem","igen"
"D","20","HU","7049082132","2022","2","HU","7043045641","HU","7049062068",4665472,"A",1,11,"nem","igen"
"D","20","HU","7049081582","2022","2","HU","7049061702","HU","7049062071",7752955,"E","",11,"nem","nem"
"D","20","HU","7049082257","2022","1","HU","7049061702","HU","7049062167","","a","",11,"nem","nem"
"D","20","HU","7049081636","2022","2","HU","7043045641","HU","7049062208",1145467,"a",1,11,"nem","nem"
"D","20","HU","7049081889","2022","1","HU","7049061702","HU","7049066132",6690319,"A","",11,"igen","igen"
"D","20","HU","7049081764","2022","2","HU","7019135552","HU","7049066851","","E","",11,"nem","nem"
"D","20","HU","7049082004","2022","2","HU","7049070427","HU","7049076478",6809825,"A","",11,"nem","igen"
"D","20","HU","7067044594","2022","2","HU","7067030858","HU","7019127304","","B",3,11,"nem","nem"
"D","20","HU","7025073097","2017","2","","","","","","E","",11,"nem","nem"
"D","20","HU","7025073112","2017","2","","","","","","E","",11,"nem","nem"
"D","20","HU","7025093822","2021","2","","","","","","E","",11,"nem","nem"
"D","20","HU","7025093835","2021","2","","","","","","E","",11,"nem","nem"
"D","20","HU","7025093851","2021","2","","","","","","E","",11,"nem","nem"
"D","20","HU","7025097730","2022","1","HU","7049061702","HU","7025080611","","E","",11,"nem","nem"
"D","20","HU","7025097628","2022","1","HU","7049061702","HU","7050062774","","k","",11,"nem","nem"
"D","20","HU","7025097743","2022","1","HU","7049061702","HU","7050067836","","k","",11,"nem","nem"
"D","20","HU","7025097590","2022","1","HU","7049061702","HU","7050077987","","k","",11,"nem","nem"
"D","20","HU","7067044552","2022","1","HU","7067030858","HU","7019076631","","k","",11,"nem","nem"
"D","20","HU","7067044309","2022","1","HU","7067030858","HU","7067031325","","k","",11,"nem","nem"
"D","20","HU","7019149511","2022","2","HU","7019136988","HU","7019135297",6655815,"B",1,11,"nem","igen"
"D","20","HU","7019149850","2022","2","HU","7019135747","HU","7019140132",6909981,"E","",11,"nem","nem"
"D","20","HU","7032036591","2022","2","HU","7019144631","HU","7019091333","","E","",11,"nem","nem"
"D","20","HU","7032036731","2022","2","HU","7019144631","HU","7019091333","","E","",11,"nem","nem"
"D","20","HU","7032036588","2022","2","HU","7019144631","HU","7019134960","","E","",11,"nem","nem"
"D","20","HU","7083011525","2022","1","HU","7019135523","HU","7050075422","","k","",11,"nem","nem"
"D","20","HU","7083011314","2022","1","HU","7019135523","HU","7050094904","","K","",11,"nem","nem"
"D","20","HU","7083011554","2022","2","HU","7019135523","HU","7050094988","","a","",11,"nem","nem"
"D","20","HU","7083011330","2022","2","HU","7019135523","HU","7050099839","","a","",11,"nem","nem"
"D","2000","HU","7019149917","2022","2","HU","7019144628","HU","7019140682","","b","",11,"nem","nem"
"D","20","HU","7043051727","2022","1","HU","7043035628","HU","7043042721","","k","",11,"nem","nem"
"D","20","HU","7043051884","2022","2","HU","7043042271","HU","7043044794","","a","",11,"nem","nem"
"D","20","HU","7043051842","2022","1","HU","7043042271","HU","7043045836","","x","",11,"nem","nem"
"D","20","HU","7043052067","2022","2","HU","7043035628","HU","7043042987","","a","",11,"nem","nem"
"D","20","HU","7034090409","2022","1","HU","7049071019","HU","7043045708","","a","",11,"nem","nem"
"D","20","HU","7025093286","2022","2","HU","7049061900","HU","7025079837","","E","",11,"nem","nem"
"D","20","HU","7025093484","2022","2","HU","7049061900","HU","7025080132",8246884,"b","",11,"nem","nem"
"D","202","HU","7025092988","2022","1","HU","7049061900","HU","7025089582","","E","",11,"nem","nem"
"D","20","HU","7025093129","2022","2","HU","7049061900","HU","7050063155","","b","",11,"nem","nem"
"D","20","HU","7025092920","2022","1","HU","7049061900","HU","7050079228","","E","",11,"nem","nem"
"D","2001","HU","7025093017","2022","2","HU","7049061900","HU","7050086532","","E","",11,"nem","nem"
"D","20","HU","7043052083","2022","2","HU","7043042271","HU","7043042185",1318221,"b",1,11,"nem","igen"
"D","20","HU","7043052124","2022","1","HU","7043042271","HU","7043042284","","x","",11,"nem","nem"
"D","20","HU","7043052278","2022","1","HU","7043035628","HU","7043043566","","k","",11,"nem","nem"
"D","20","HU","7043052137","2022","2","HU","7043042271","HU","7043045584","","E","",11,"nem","nem"
"D","20","HU","7019145799","2022","1","HU","7019136988","HU","7019136847","","E","",11,"nem","nem"
"D","20","HU","7019145801","2022","1","HU","7019144628","HU","7019140299","","k","",11,"nem","nem"
"D","20","HU","7019149722","2022","2","HU","7019135747","HU","7019112159",7752955,"a","",11,"nem","nem"
"D","20","HU","7019149623","2022","2","HU","7019136988","HU","7019140020",7752955,"a","",11,"nem","nem"
"D","20","HU","7083011228","2022","2","HU","7050085627","HU","7049066129","","x","",11,"nem","nem"
"D","20","HU","7049088761","2023","2","HU","7067031028","HU","7049041584","","a","",11,"nem","nem"
"D","20","HU","7049088787","2023","2","HU","7049065991","HU","7049057602",2296751,"a","",11,"nem","nem"
"D","201","HU","7083011877","2022","1","HU","7049070849","HU","7077010660","","E","",11,"nem","nem"
"D","20","HU","7049082484","2022","1","HU","7049061702","HU","7049061799","","a","",11,"nem","nem"
"D","20","HU","7049082512","2022","2","HU","7049061702","HU","7049061799",1145467,"E",1,11,"nem","nem"
"D","20","HU","7049082471","2022","2","HU","7049070427","HU","7049066778",7002582,"a","",11,"nem","nem"
"D","20","HU","7025077596","2022","2","HU","7050087702","HU","7025066907","","b","",11,"nem","nem"
"D","20","HU","7025077538","2022","2","HU","7050087702","HU","7025073071","","b","",11,"nem","nem"
"D","20","HU","7049088419","2023","1","HU","7049065991","HU","7049070737","","a","",11,"nem","nem"
"D","20","HU","7049088620","2023","2","HU","7067031028","HU","7049071035","","b","",11,"nem","nem"
"D","20","HU","7049088550","2023","1","HU","7067031028","HU","7049071262","","E","",11,"nem","nem"
"D","202","HU","7020219290","2023","1","HU","7019135721","HU","7020212699","","E","",11,"nem","nem"
"D","20","HU","7020223796","2023","2","HU","7019135721","HU","7020212756",6729882,"b","",11,"nem","nem"
"D","20","HU","7020223895","2023","1","HU","7019135721","HU","7031020317","","E","",11,"nem","nem"
"D","20","HU","7020223824","2023","1","HU","7019135721","HU","7043034403","","k","",11,"nem","nem"
"D","20","HU","7020219274","2023","1","HU","7019135721","HU","7043036562","","E","",11,"nem","nem"
"D","20","HU","7020223811","2023","2","HU","7019135721","HU","7043037084","","b","",11,"nem","nem"
"D","20","HU","7034087173","2023","1","","","","","","a","",11,"nem","nem"
"D","20","HU","7067044031","2023","1","HU","7067031367","HU","7019076699",8215035,"E","",11,"nem","igen"
"D","20","HU","7033114472","2023","1","HU","7030102939","HU","7033109863","","a","",11,"nem","nem"
"D","20","HU","7019123975","2023","1","HU","7049062448","HU","7049071204","","k","",11,"nem","nem"
"D","20","HU","7019135015","2023","1","HU","7049076650","HU","7019145562","","E","",11,"nem","nem"
"D","20","HU","7019135396","2023","2","HU","7049076650","HU","7019145562","","b","",11,"nem","nem"
"D","20","HU","7083015011","2023","1","HU","7049070849","HU","7049070571","","A","",11,"nem","nem"
"D","20","HU","7083014940","2023","2","HU","7049070849","HU","7049070571",6962278,"a","",11,"nem","nem"
"D","2001","HU","7083015053","2023","1","HU","7049070849","HU","7077020232","","E","",11,"nem","nem"
"D","20","HU","7083015280","2023","2","HU","7050085627","HU","7049076605","","E","",11,"nem","nem"
"D","20","HU","7083015079","2023","1","HU","7050085627","HU","7083006862","","E","",11,"nem","nem"
"D","20","HU","7083015095","2023","1","HU","7050085627","HU","7083006862","","E","",11,"nem","nem"
"D","20","HU","7034095488","2023","1","HU","7043035628","HU","7019123131","","K","",11,"nem","nem"
"D","20","HU","7043054577","2023","1","HU","7049076410","HU","7043022909","","E","",11,"nem","nem"
"D","20","HU","7043054551","2023","1","HU","7043042271","HU","7043035800","","E","",11,"nem","nem"
"D","20","HU","7043054762","2023","2","HU","7049076410","HU","7043042031",6981817,"E","",11,"nem","igen"
"D","20","HU","7043054689","2023","1","HU","7049076410","HU","7043042804","","E","",11,"nem","nem"
"D","20","HU","7043054704","2023","1","HU","7043042271","HU","7043046080","","E","",11,"nem","nem"
"D","20","HU","7049088253","2023","1","HU","7049068978","HU","7049048651","","k","",11,"nem","nem"
"D","20","HU","7049088279","2023","1","HU","7049068978","HU","7049048693","","k","",11,"nem","nem"
"D","20","HU","7049088349","2023","1","HU","7049068978","HU","7049062000","","k","",11,"nem","nem"
"D","20","HU","7049088336","2023","2","HU","7049068978","HU","7049062068","","a","",11,"nem","nem"
"D","20","HU","7049082567","2023","1","HU","7049068978","HU","7049062071","","k","",11,"nem","nem"
"D","20","HU","7049088716","2023","2","HU","7049068978","HU","7049062167","","a","",11,"nem","nem"
"D","20","HU","7067056829","2023","2","HU","7049076650","HU","7019091289",6655815,"A",2,11,"nem","igen"
"D","20","HU","7019153314","2023","2","HU","7067044817","HU","7019140400",7752955,"a","",11,"nem","nem"
"D","20","HU","7019153257","2023","2","HU","7049076650","HU","7019140752",7752955,"a","",11,"nem","nem"
"D","20","HU","7019123540","2023","1","HU","7049062448","HU","7019140286","","k","",11,"nem","nem"
"D","20","HU","7019123508","2023","1","HU","7049062448","HU","7019140679","","a","",11,"nem","nem"
"D","20","HU","7034086916","2023","2","HU","7049071019","HU","7043044848",8800725,"A","",11,"nem","igen"
"D","20","HU","7034087131","2023","2","HU","7049071019","HU","7043045430",8800725,"E","",11,"nem","igen"
"D","20","HU","7083017844","2024","2","","","","","","E","",11,"nem","nem"
"D","20","HU","7083017857","2024","2","HU","7083003038","HU","7019111682",7109834,"b","",11,"nem","nem"
"D","20","HU","7083017716","2024","1","HU","7083003038","HU","7025048538","","k","",11,"nem","nem"
"D","20","HU","7083017745","2024","1","HU","7083003038","HU","7050099769","","a","",11,"nem","nem"
"D","20","HU","7083017633","2024","2","HU","7083003038","HU","7083006466",7109834,"b","",11,"nem","nem"
"D","20","HU","7083017774","2024","2","HU","7083003038","HU","7083006565","","a","",11,"nem","nem"
"D","20","HU","7083015657","2023","2","HU","7083006297","HU","7050099769","","E","",11,"nem","nem"
"D","20","HU","7083015318","2023","2","HU","7083006297","HU","7083006309",7109834,"b","",11,"nem","nem"
"D","20","HU","7083015321","2023","2","HU","7083006297","HU","7083006523","","b","",11,"nem","nem"
"D","20","HU","7083015389","2023","2","HU","7083006297","HU","7083006622","","a","",11,"nem","nem"
"D","20","HU","7025101648","2023","1","","","","","","E","",11,"nem","nem"
"D","202","HU","7025101718","2023","2","","","","","","E","",11,"nem","nem"
"D","20","HU","7025101309","2023","1","HU","7049061702","HU","7025090788",4665472,"A","",11,"nem","igen"
"D","20","HU","7025097909","2023","2","","","","","","E","",11,"nem","nem"
"D","20","HU","7025101354","2023","1","","","","","","E","",11,"nem","nem"
"D","20","HU","7025101370","2023","1","HU","7043036645","HU","7050078227",4665472,"K","",11,"nem","igen"
"D","20","HU","7049093239","2024","1","HU","7067031028","HU","7049037682","","E","",11,"nem","nem"
"D","20","HU","7049093086","2024","1","HU","7067031028","HU","7049057743",7114652,"K","",11,"nem","nem"
"D","20","HU","7049092762","2024","2","HU","7067031028","HU","7049062000",1145467,"a","",11,"nem","nem"
"D","20","HU","7043054296","2023","2","HU","7049076410","HU","7043041816",1318221,"A","",11,"nem","igen"
"D","20","HU","7049092410","2024","2","HU","7049065991","HU","7049065777","","a","",11,"nem","nem"
"D","20","HU","7049093002","2024","1","HU","7049065991","HU","7049066116","","k","",11,"nem","nem"
"D","20","HU","7049092577","2024","2","HU","7019135552","HU","7049066765","","a","",11,"nem","nem"
"D","20","HU","7049092548","2024","2","HU","7019135552","HU","7049070724","","a","",11,"nem","nem"
"D","20","HU","7049092717","2024","1","HU","7049065991","HU","7049070737","","a","",11,"nem","nem"
"D","20","HU","7049092986","2024","1","HU","7067031028","HU","7049071035",7752955,"K","",11,"nem","nem"
"D","20","HU","7049093114","2024","2","HU","7067031028","HU","7049076506","","x","",11,"nem","nem"
"D","20","HU","7049093172","2024","1","HU","7067031028","HU","7049082075","","A","",11,"nem","nem"
"D","20","HU","7067044143","2023","2","HU","7067030858","HU","7019076347",6737115,"a","",11,"nem","igen"
"D","20","HU","7067044200","2023","2","HU","7067030858","HU","7067030791",6737115,"A","",11,"nem","igen"
"D","20","HU","7067055716","2023","2","HU","7067030858","HU","7067031099",6737115,"A","",11,"nem","igen"
"D","20","HU","7067044239","2023","2","HU","7067030858","HU","7067044718",6737115,"A","",11,"nem","igen"
"D","20","HU","7091000111","2023","1","HU","7049076410","HU","7043047908","","E","",11,"nem","nem"
"D","20","HU","7091000322","2023","1","HU","7049076410","HU","7043041775","","a","",11,"nem","nem"
"D","20","HU","7083017381","2024","2","HU","7049081889","HU","7049065748","","a","",11,"nem","nem"
"D","20","HU","7083017435","2024","1","HU","7049081889","HU","7083006891","","A","",11,"nem","nem"
"D","20","HU","7083017352","2024","1","HU","7049081889","HU","7083010003","","E","",11,"nem","nem"
"D","20","HU","7034098874","2024","2","HU","7049071019","HU","7034090313","","E","",11,"nem","nem"
"D","20","HU","7034098931","2024","2","HU","7049071019","HU","7043045498","","b","",11,"nem","nem"
"D","20","HU","7020223981","2024","2","HU","7019135721","HU","7020212756",6729882,"b","",11,"nem","nem"
"D","20","HU","7020228382","2024","1","HU","7019135721","HU","7043034218","","k","",11,"nem","nem"
"D","20","HU","7020223840","2024","1","HU","7019135721","HU","7043044257","","E","",11,"nem","nem"
"D","201","HU","7083018014","2024","1","HU","7049081607","HU","7077010615","","E","",11,"nem","nem"
"D","201","HU","7083018027","2024","1","HU","7049081607","HU","7077010615","","E","",11,"nem","nem"
"D","201","HU","7083018184","2024","2","HU","7049081607","HU","7077010615",6673952,"E","",11,"nem","igen"
"D","201","HU","7083018043","2024","1","HU","7049081607","HU","7077010631","","E","",11,"nem","nem"
"D","20","HU","7083018069","2024","1","HU","7049081607","HU","7083011864","","k","",11,"nem","nem"
"D","20","HU","7083018270","2024","1","HU","7049081607","HU","7083011918","","E","",11,"nem","nem"
"D","20","HU","7034102740","2024","2","HU","7043035628","HU","7049082046",6809825,"b","",11,"nem","igen"
"D","20","HU","7034098733","2024","2","HU","7049071019","HU","7043042875",8800725,"a","",11,"nem","igen"
"D","20","HU","7043054324","2023","1","HU","7049076410","HU","7043042817","","E","",11,"nem","nem"
"D","20","HU","7034087045","2023","2","HU","7049071019","HU","7043045076",8800725,"A","",11,"nem","igen"
"D","20","HU","7067055787","2023","2","HU","7067031367","HU","7067044383","","E","",11,"nem","nem"
"D","20","HU","7067055914","2023","1","HU","7067031367","HU","7067044536","","E","",11,"nem","nem"
"D","20","HU","7067055899","2023","1","HU","7067031367","HU","7067044578","","k","",11,"nem","nem"
"D","20","HU","7067055860","2023","2","HU","7067031367","HU","7067044664","","E","",11,"nem","nem"
"D","20","HU","7034090607","2024","2","HU","7049070894","HU","7043046275",6860033,"a","",11,"nem","igen"
"D","2002","HU","7067059583","2024","2","HU","7049062448","HU","7019122635",6655815,"b","",11,"nem","igen"
"D","20","HU","7067059611","2024","1","HU","7049062448","HU","7083003111","","A","",11,"nem","nem"
"D","20","HU","7067056072","2024","1","HU","7067031367","HU","7067044776","","A","",11,"nem","nem"
"D","20","HU","7091004090","2024","2","HU","7030103000","HU","7043035772","","b","",11,"nem","nem"
"D","2000","HU","7091004016","2024","1","HU","7049076410","HU","7043040873","","E","",11,"nem","nem"
"D","20","HU","7091004300","2024","1","HU","7030103000","HU","7043041902","","E","",11,"nem","nem"
"D","20","HU","7091004157","2024","1","HU","7049076410","HU","7043045584",1318221,"E","",11,"nem","igen"
"D","20","HU","7091004160","2024","2","HU","7049076410","HU","7043045584","","E","",11,"nem","nem"
"D","20","HU","7091004214","2024","1","HU","7030103000","HU","7043047883","","E","",11,"nem","nem"
"D","20","HU","7034102795","2025","1","HU","7043035628","HU","7049081847",6809825,"k","",11,"nem","igen"
"D","20","HU","7025104852","2025","2","HU","7083003038","HU","7025090791",4665472,"x","",11,"nem","igen"
"D","2000","HU","7025104667","2025","1","HU","7083003038","HU","7025090829",4665472,"x","",11,"nem","igen"
"D","20","HU","7025104711","2025","1","HU","7083003038","HU","7025090999",4665472,"x","",11,"nem","igen"
"D","20","HU","7025104472","2025","2","HU","7050079752","HU","7025093273",4665472,"x","",11,"nem","igen"
"D","20","HU","7025104427","2025","2","HU","7050079752","HU","7049076209",4665472,"x","",11,"nem","igen"
"D","20","HU","7025104753","2025","2","HU","7050079752","HU","7049076618",4665472,"x","",11,"nem","igen"
"D","20","HU","7025104526","2025","2","HU","7050079752","HU","7049081610",4665472,"x","",11,"nem","igen"
"D","20","HU","7025104555","2025","1","HU","7050079752","HU","7049081678",4665472,"x","",11,"nem","igen"
"D","20","HU","7025104683","2025","1","HU","7050079752","HU","7050062646",4665472,"x","",11,"nem","igen"
"D","20","HU","7033121124","2025","1","HU","7049088576","HU","7033109904",6963480,"a","",11,"nem","igen"
"D","20","HU","7033121137","2025","2","HU","7049088576","HU","7033109904",1244991,"a","",11,"nem","igen"
"D","20","HU","7033121236","2025","1","HU","7049088576","HU","7033114328",7109834,"K","",11,"nem","nem"
"D","20","HU","7033121223","2025","1","HU","7049088576","HU","7033114443","","k","",11,"nem","nem"
"D","20","HU","7033121153","2025","1","HU","7049088576","HU","7049057462",1244991,"k","",11,"nem","igen"
"D","20","HU","7033121067","2025","2","HU","7049088576","HU","7049057756",1244991,"a","",11,"nem","igen"
"D","20","HU","7049093466","2025","1","HU","7049088857","HU","7049048635","","k","",11,"nem","nem"
"D","20","HU","7049097275","2025","1","HU","7067031028","HU","7049057181","","k","",11,"nem","nem"
"D","20","HU","7049097288","2025","2","HU","7067031028","HU","7049057181",7066036,"a","",11,"nem","nem"
"D","20","HU","7049097220","2025","1","HU","7049088857","HU","7049057602","","a","",11,"nem","nem"
"D","20","HU","7049097233","2025","2","HU","7049088857","HU","7049057602","","a","",11,"nem","nem"
"D","20","HU","7049097262","2025","2","HU","7067031028","HU","7049062464",1145467,"a","",11,"nem","igen"
"D","20","HU","7049097246","2025","1","HU","7067031028","HU","7049066158","","k","",11,"nem","nem"
"D","20","HU","7049093507","2025","2","HU","7049088857","HU","7049066851","","a","",11,"nem","nem"
"D","20","HU","7067056506","2024","2","HU","7067031367","HU","7019128079",6737115,"E","",11,"nem","igen"
"D","20","HU","7067056423","2024","1","HU","7067031367","HU","7019128280",8215035,"a","",11,"nem","igen"
"D","20","HU","7067056353","2024","2","HU","7067031367","HU","7067044578",6737115,"b","",11,"nem","igen"
"D","20","HU","7067056142","2024","2","HU","7067031367","HU","7019082832",6737115,"a","",11,"nem","igen"
"D","20","HU","7067056241","2024","1","HU","7067031367","HU","7067044370",8215035,"A","",11,"nem","igen"
"D","20","HU","7067056254","2024","2","HU","7067031367","HU","7067044370",6737115,"a","",11,"nem","igen"
"D","20","HU","7078008756","2025","1","HU","7034087003","HU","7034087102","","k","",11,"nem","nem"
"D","20","HU","7078008772","2025","2","HU","7034087003","HU","7034090243",8800725,"a","",11,"nem","igen"
"D","20","HU","7078008673","2025","1","HU","7034087003","HU","7034090285","","k","",11,"nem","nem"
"D","20","HU","7034099044","2025","2","HU","7034087003","HU","7034090397",8800725,"a","",11,"nem","igen"
"D","20","HU","7078008954","2025","2","HU","7034087003","HU","7043045430",8800725,"a","",11,"nem","igen"
"D","20","HU","7078008938","2025","1","HU","7034087003","HU","7043045810","","k","",11,"nem","nem"
"D","20","HU","7067061298","2025","1","HU","7067031367","HU","7067044411",6963480,"a","",11,"nem","igen"
"D","20","HU","7083020761","2025","1","HU","7049081607","HU","7049070571",6673952,"a","",11,"nem","igen"
"D","2001","HU","7083020620","2025","1","HU","7049081607","HU","7083011880","","E","",11,"nem","nem"
"D","20","HU","7083020729","2025","1","HU","7067055659","HU","7083011905",6673952,"a","",11,"nem","igen"
"D","20","HU","7091004962","2025","1","HU","7030103000","HU","7043029753","","a","",11,"nem","nem"
"D","20","HU","7091004777","2025","1","HU","7030103000","HU","7043033374","","a","",11,"nem","nem"
"D","20","HU","7091004537","2025","1","HU","7049076410","HU","7043042817","","a","",11,"nem","nem"
"D","20","HU","7091004876","2025","1","HU","7030103000","HU","7043045683","","k","",11,"nem","nem"
"D","20","HU","7091004889","2025","2","HU","7030103000","HU","7043045683",1318221,"b","",11,"nem","igen"
"D","20","HU","7091004917","2025","2","HU","7030103000","HU","7043046093","","a","",11,"nem","nem"
"D","20","HU","7091005062","2025","2","HU","7049076410","HU","7043047560",1318221,"b","",11,"nem","igen"
"D","20","HU","7091005145","2025","2","HU","7030103000","HU","7043049054",1318221,"b","",11,"nem","igen"
"D","20","HU","7091004988","2025","2","HU","7030103000","HU","7043052038","","b","",11,"nem","nem"
"D","20","HU","7091004850","2025","2","HU","7030103000","HU","7043054494",1318221,"b","",11,"nem","igen"
"D","20","HU","7091004863","2025","2","HU","7030103000","HU","7043054494","","b","",11,"nem","nem"
"D","20","HU","7049097514","2025","1","HU","7083015011","HU","7049034957","","k","",11,"nem","nem"
"D","20","HU","7025104092","2024","1","HU","7067044817","HU","7025092805","","k","",11,"nem","nem"
"D","20","HU","7025104104","2024","2","HU","7067044817","HU","7025092805",4665472,"a","",11,"nem","igen"
"D","20","HU","7025104357","2024","1","HU","7067044817","HU","7049076324",4665472,"A","",11,"nem","igen"
"D","20","HU","7025103989","2024","1","HU","7050079752","HU","7049076618","","k","",11,"nem","nem"
"D","20","HU","7025102115","2024","1","HU","7050079752","HU","7049081920","","a","",11,"nem","nem"
"D","20","HU","7025104229","2024","1","HU","7067044817","HU","7050062646","","k","",11,"nem","nem"
"D","2000","HU","7025102061","2024","2","HU","7067044817","HU","7050079017","","b","",11,"nem","nem"
"D","2001","HU","7025101990","2024","1","HU","7049061702","HU","7050086532","","E","",11,"nem","nem"
"D","20","HU","7067061735","2024","1","HU","7067031367","HU","7067031169","","x","",11,"nem","nem"
"D","20","HU","7067061694","2024","1","HU","7067031367","HU","7067044549","","x","",11,"nem","nem"
"D","20","HU","7067061371","2025","2","HU","7067031031","HU","7019077124",6737115,"x","",11,"nem","igen"
"D","20","HU","7091000405","2024","2","HU","7030103000","HU","7043035277",1318221,"a","",11,"nem","igen"
"D","20","HU","7043055185","2024","2","HU","7049076410","HU","7043035318",1318221,"a","",11,"nem","igen"
"D","20","HU","7043054887","2024","1","HU","7030103000","HU","7043041816","","k","",11,"nem","nem"
"D","20","HU","7043055086","2024","2","HU","7049076410","HU","7043041973","","x","",11,"nem","nem"
"D","20","HU","7043055044","2024","1","HU","7049076410","HU","7043044778",8760030,"A","",11,"nem","nem"
"D","20","HU","7043055127","2024","2","HU","7030103000","HU","7043049463","","x","",11,"nem","nem"
"D","20","HU","7078009885","2025","1","HU","7043035628","HU","7019123131",6809825,"k","",11,"nem","igen"
"D","20","HU","7067061553","2025","2","HU","7067031367","HU","7067031255",6737115,"a","",11,"nem","igen"
"D","20","HU","7083021494","2025","2","HU","7083015334","HU","7083003041",6880549,"a","",11,"nem","igen"
"D","20","HU","7083021407","2025","2","HU","7083015334","HU","7083006718","","a","",11,"nem","nem"
"D","20","HU","7083021337","2025","2","HU","7083015334","HU","7083011509",6880549,"a","",11,"nem","igen"
"D","20","HU","7083021465","2025","2","HU","7083015334","HU","7083015417",6706311,"a","",11,"nem","nem"
"D","20","HU","7019127135","2016","1","HU","7019055991","HU","7019045754","","k","",11,"nem","nem"
"D","20","HU","7019127151","2016","1","HU","7019055991","HU","7019082733","","k","",11,"nem","nem"
"D","20","HU","7019083156","2015","1","HU","7019055991","HU","7019056314","","k","",11,"nem","nem"
"D","20","HU","7043042763","2019","1","HU","7019123722","HU","7043033288","","a","",11,"nem","nem"
"D","20","HU","7019066605","2011","2","HU","7019048380","HU","7030024958","","E","",11,"nem","nem"
"D","20","HU","7064000058","1998","2","","","HU","7064000214","","E","",11,"nem","nem"
"D","20","HU","7028010622","2007","2","","","","","","E","",11,"nem","nem"
"D","20","HU","7019056398","2011","1","HU","7019055991","HU","7019053155",4303596,"K","",11,"nem","nem"
"D","20","HU","7043033796","2016","2","HU","7050053497","HU","7043021234","","a","",11,"nem","nem"
"D","20","HU","7050078298","2016","2","HU","7050063522","HU","7050063494","","x","",11,"nem","nem"
"D","20","HU","7019076053","2012","1","HU","7030044556","HU","7019066072","","E","",11,"nem","nem"
"D","20","HU","7064007691","2000","1","","","","","","E","",11,"nem","nem"
"D","20","HU","7010041803","2000","2","","","","","","E","",11,"nem","nem"
"D","2002","HU","7019088490","2019","2","HU","7049041782","HU","7019122622","","x","",11,"nem","nem"
"D","20","HU","7067030733","2018","1","HU","7019082973","HU","7019127094","","k","",11,"nem","nem"
"D","20","HU","7050094706","2018","1","HU","7019123269","HU","7025030393","","E","",11,"nem","nem"
"D","20","HU","7031020698","2007","2","","","","","","E","",11,"nem","nem"
"D","20","HU","7019092136","2018","1","HU","7049041852","HU","7019122578","","k","",11,"nem","nem"
"D","20","HU","7019136892","2018","2","HU","7019111749","HU","7019111723","","E","",11,"nem","nem"
"D","20","HU","7043043524","2019","1","HU","7019123722","HU","7043024109","","k","",11,"nem","nem"
"D","20","HU","7026013375","2008","2","","","","","","E","",11,"nem","nem"
"D","20","HU","7049065834","2019","1","HU","7043035206","HU","7049041625","","E","",11,"nem","nem"
"D","20","HU","7051036747","2014","1","HU","7019056327","HU","7051033377","","E","",11,"nem","nem"
"D","20","HU","7050079679","2018","1","HU","7025048710","HU","7050067836","","E","",11,"nem","nem"
"D","20","HU","7019066481","2011","1","HU","7019048380","HU","7009011349","","E","",11,"nem","nem"
"D","2013","HU","7059013726","2010","1","HU","7011014507","HU","7050017998","","E","",11,"nem","nem"
"D","20","HU","7043043946","2019","1","HU","7043024240","HU","7043030090","","k","",11,"nem","nem"
"D","20","HU","7030049098","2011","2","HU","7030042190","HU","7010044921","","E","",11,"nem","nem"
"D","20","HU","7019066238","2011","2","HU","7019052956","HU","7019053027","","b","",11,"nem","nem"
"D","20","HU","7030037169","2010","1","","","HU","7030024213","","E","",11,"nem","nem"
"D","20","HU","7025026631","2012","1","HU","7038021270","HU","7038021267","","E","",11,"nem","nem"
"D","20","HU","7038021379","2011","1","HU","7038006057","HU","7008077377","","E","",11,"nem","nem"
"D","20","HU","7043033431","2016","1","HU","7019067622","HU","7043023760","","E","",11,"nem","nem"
"D","20","HU","7019066155","2011","2","HU","7019052972","HU","7019045741","","B","",11,"nem","nem"
"D","20","HU","7059006818","1998","2","","","","","","E","",11,"nem","nem"
"D","20","HU","7051043233","2017","1","HU","7019082647","HU","7051036833","","x","",11,"nem","nem"
"D","20","HU","7043025452","2014","1","HU","7036005834","HU","7003051567","","E","",11,"nem","nem"
"D","20","HU","7030037271","2010","1","","","HU","7030024297","","E","",11,"nem","nem"
"D","20","HU","7049062378","2019","1","HU","7019112133","HU","7049048549","","E","",11,"nem","nem"
"D","20","HU","7067030746","2018","2","HU","7019082973","HU","7019127627",4739104,"b","",11,"nem","nem"
"D","20","HU","7050079682","2018","2","HU","7025048710","HU","7050067836","","E","",11,"nem","nem"
"D","20","HU","7019067721","2012","2","HU","7019048380","HU","7024020397","","E","",11,"nem","nem"
"D","20","HU","7019060498","2010","1","HU","7019048380","HU","7019042368","","E","",11,"nem","nem"
"D","20","HU","7019126923","2016","1","HU","7019091656","HU","7019076011","","k","",11,"nem","nem"
"D","20","HU","7049065904","2019","2","HU","7019112133","HU","7049048648","","a","",11,"nem","nem"
"D","20","HU","7043038069","2018","1","HU","7019123722","HU","7043034937","","k","",11,"nem","nem"
"D","20","HU","7030037099","2010","1","","","HU","7030024312","","E","",11,"nem","nem"
"D","20","HU","7019126879","2016","1","HU","7019091656","HU","7019076446","","E","",11,"nem","nem"
"D","20","HU","7050095145","2018","1","HU","7019123579","HU","7050075729","","k","",11,"nem","nem"
"D","20","HU","7019076280","2012","2","HU","7019052972","HU","7019045217","","E","",11,"nem","nem"
"D","20","HU","7043037604","2017","1","HU","7019067622","HU","7043019280","","k","",11,"nem","nem"
"D","20","HU","7003051301","2010","1","","","HU","7031020672","","E","",11,"nem","nem"
"D","20","HU","7049066020","2019","1","HU","7043035206","HU","7049037653","","E","",11,"nem","nem"
"D","20","HU","7043030764","2015","2","HU","7011014507","HU","7043021135","","a","",11,"nem","nem"
"D","20","HU","7049048747","2016","1","HU","7049034506","HU","7049034999","","k","",11,"nem","nem"
"D","20","HU","7051038570","2015","1","HU","7019056327","HU","7051033377","","E","",11,"nem","nem"
"D","20","HU","7019067213","2011","1","","","HU","7019060162","","E","",11,"nem","nem"
"D","20","HU","7064000157","1999","2","","","","","","E","",11,"nem","nem"
"D","20","HU","7030060613","2012","1","HU","7030048563","HU","7010044934","","E","",11,"nem","nem"
"D","20","HU","7043035219","2017","2","HU","7050053497","HU","7043020402","","b","",11,"nem","nem"
"D","20","HU","7043038072","2018","2","HU","7019123722","HU","7043034937","","x","",11,"nem","nem"
"D","20","HU","7019126952","2016","1","HU","7019091656","HU","7019056314","","k","",11,"nem","nem"
"D","20","HU","7043034982","2016","2","HU","7050053497","HU","7043022884","","a","",11,"nem","nem"
"D","20","HU","7043029766","2015","2","HU","7011014507","HU","7009039846","","a","",11,"nem","nem"
"D","20","HU","7019076871","2012","1","HU","7019055991","HU","7019045754","","E","",11,"nem","nem"
"D","20","HU","7019082548","2014","1","HU","7019055991","HU","7019053030","","k","",11,"nem","nem"
"D","20","HU","7049061744","2018","2","HU","7050075550","HU","7049041641","","a","",11,"nem","nem"
"D","20","HU","7043042776","2019","1","HU","7050053497","HU","7043030722","","k","",11,"nem","nem"
"D","20","HU","7003051369","2011","1","HU","7045031242","HU","7031020276","","E","",11,"nem","nem"
"D","20","HU","7043037691","2017","2","HU","7050053497","HU","7043015666","","a","",11,"nem","nem"
"D","2001","HU","7043024071","2013","1","HU","7043020879","HU","7043020840","","E","",11,"nem","nem"
"D","20","HU","7043042705","2019","1","HU","7019123722","HU","7043033374","","a","",11,"nem","nem"
"D","20","HU","7043029807","2015","1","HU","7019067622","HU","7043023690","","k","",11,"nem","nem"
"D","20","HU","7019060229","2010","1","HU","7019048380","HU","7030024916","","E","",11,"nem","nem"
"D","20","HU","7019083325","2014","1","HU","7030044556","HU","7019045204","","E","",11,"nem","nem"
"D","20","HU","7059006876","2014","1","HU","7011014507","HU","7043017163","","E","",11,"nem","nem"
"D","20","HU","7019076503","2012","2","HU","7019052972","HU","7019056314","","E","",11,"nem","nem"
"D","20","HU","7019092587","2018","1","HU","7049041852","HU","7019122664","","k","",11,"nem","nem"
"D","20","HU","7025079006","2018","2","HU","7050038401","HU","7050062576","","b","",11,"nem","nem"
"D","20","HU","7019052998","2008","2","","","","","","E","",11,"nem","nem"
"D","20","HU","7003051583","2011","2","HU","7045031242","HU","7031020528","","E","",11,"nem","nem"
"D","20","HU","7030038917","2010","1","","","HU","7010044835","","E","",11,"nem","nem"
"D","20","HU","7043025618","2014","1","HU","7036005834","HU","7045030519","","E","",11,"nem","nem"
"D","20","HU","7043025535","2014","1","HU","7036005834","HU","7003051314","","E","",11,"nem","nem"
"D","20","HU","7019066267","2011","1","HU","7019052956","HU","7019053098","","E","",11,"nem","nem"
"D","20","HU","7043029948","2015","1","HU","7019067622","HU","7043023559","","E","",11,"nem","nem"
"D","20","HU","7043037998","2018","2","HU","7019123722","HU","7043035082","","x","",11,"nem","nem"
"D","20","HU","7003051570","2011","2","HU","7045031242","HU","7045030746","","E","",11,"nem","nem"
"D","20","HU","7003051231","2011","1","HU","7045031242","HU","7031019872","","E","",11,"nem","nem"
"D","20","HU","7043036968","2018","2","HU","7043024208","HU","7031020375","","b","",11,"nem","nem"
"D","20","HU","7043015710","2010","1","HU","7011014268","HU","7050004758","","E","",11,"nem","nem"
"D","20","HU","7043040831","2018","1","HU","7050053497","HU","7043033415","","k","",11,"nem","nem"
"D","20","HU","7043042044","2018","2","HU","7019123722","HU","7043033134","","b","",11,"nem","nem"
"D","20","HU","7043030610","2015","1","HU","7019077137","HU","7043025762","","E","",11,"nem","nem"
"D","20","HU","7019066254","2011","2","HU","7019052956","HU","7019045811","","E","",11,"nem","nem"
"D","20","HU","7003051484","2011","2","HU","7045031242","HU","7045030650","","E","",11,"nem","nem"
"D","20","HU","7038021436","2011","1","HU","7038006057","HU","7008076181","","E","",11,"nem","nem"
"D","20","HU","7043035079","2016","1","HU","7050053497","HU","7043030636","","k","",11,"nem","nem"
"D","20","HU","7019048351","2008","2","","","","","","E","",11,"nem","nem"
"D","20","HU","7051041976","2016","2","HU","7019082647","HU","7051036789","","b","",11,"nem","nem"
"D","20","HU","7019140244","2019","2","HU","7050087728","HU","7019112089","","a","",11,"nem","nem"
"D","20","HU","7043023520","2013","1","HU","7011014507","HU","7043017163","","E","",11,"nem","nem"
"D","20","HU","7019112245","2018","2","HU","7049041852","HU","7019123061","","x","",11,"nem","nem"
"D","20","HU","7019112571","2018","2","HU","7049041782","HU","7019123230","","x","",11,"nem","nem"
"D","20","HU","7049065681","2019","2","HU","7043035206","HU","7049041807","","b","",11,"nem","nem"
"D","20","HU","7019066621","2011","1","HU","7019048380","HU","7019045709","","E","",11,"nem","nem"
"D","20","HU","7050085812","2017","1","HU","7050063519","HU","7050062745","","E","",11,"nem","nem"
"D","20","HU","7038021689","2010","2","HU","7021005685","HU","7039009822","","E","",11,"nem","nem"
"D","20","HU","7059013630","2010","1","HU","7011014507","HU","7043015583","","K","",11,"nem","nem"
"D","20","HU","7050075831","2016","1","HU","7050053512","HU","7025030421","","k","",11,"nem","nem"
"D","20","HU","7050085403","2017","1","HU","7019083127","HU","7050062604","","x","",11,"nem","nem"
"D","20","HU","7031019913","2008","2","","","","","","E","",11,"nem","nem"
"D","20","HU","7043041957","2018","1","HU","7019123722","HU","7043023843","","a","",11,"nem","nem"
"D","20","HU","7049062170","2018","1","HU","7049048820","HU","7049041609","","E","",11,"nem","nem"
"D","20","HU","7049065876","2019","2","HU","7019112133","HU","7049048721","","a","",11,"nem","nem"
"D","20","HU","7050086561","2017","1","HU","7019083127","HU","7050062592","","E","",11,"nem","nem"
"D","20","HU","7019079577","2013","1","HU","7019066410","HU","7019060469","","E","",11,"nem","nem"
"D","2001","HU","7043029779","2015","1","HU","7011014507","HU","7009039888","","E","",11,"nem","nem"
"D","20","HU","7043024013","2013","1","HU","7011014507","HU","7043015666","","E","",11,"nem","nem"
"D","20","HU","7019092040","2018","1","HU","7049041849","HU","7019112063","","k","",11,"nem","nem"
"D","20","HU","7019094394","2018","2","HU","7049041782","HU","7019123342","","x","",11,"nem","nem"
"D","20","HU","7043037240","2019","2","HU","7043024208","HU","7031020317","","b","",11,"nem","nem"
"D","20","HU","7019079382","2013","1","","","HU","7019067057","","E","",11,"nem","nem"
"D","20","HU","7030038933","2010","2","","","HU","7010044835","","E","",11,"nem","nem"
"D","20","HU","7043040828","2018","2","HU","7019123722","HU","7043023760","","b","",11,"nem","nem"
"D","20","HU","7019137260","2018","1","HU","7049041849","HU","7019091461","","a","",11,"nem","nem"
"D","20","HU","7050079765","2018","1","HU","7025048710","HU","7050062787","","k","",11,"nem","nem"
"D","20","HU","7043037365","2017","2","HU","7050053497","HU","7043020402","","b","",11,"nem","nem"
"D","20","HU","7043033246","2016","1","HU","7019067622","HU","7043023492","","k","",11,"nem","nem"
"D","20","HU","7008077380","2006","2","","","","","","E","",11,"nem","nem"
"D","20","HU","7049048705","2016","1","HU","7043024240","HU","7049035031","","E","",11,"nem","nem"
"D","20","HU","7043036520","2018","2","HU","7043024208","HU","7045030113","","b","",11,"nem","nem"
"D","20","HU","7019066762","2011","1","HU","7019048380","HU","7019045668","","E","",11,"nem","nem"
"D","20","HU","7050044277","2013","1","HU","7025030450","HU","7025030393","","E","",11,"nem","nem"
"D","20","HU","7019126770","2016","1","HU","7019091656","HU","7019076909","","K","",11,"nem","nem"
"D","20","HU","7043033725","2016","1","HU","7050053497","HU","7043023926","","k","",11,"nem","nem"
"D","20","HU","7043044653","2019","1","HU","7019123722","HU","7043021221","","E","",11,"nem","nem"
"D","20","HU","7043033936","2016","2","HU","7019077137","HU","7043026031","","b","",11,"nem","nem"
"D","20","HU","7019088458","2019","1","HU","7050087728","HU","7019112146","","x","",11,"nem","nem"
"D","20","HU","7019140413","2019","2","HU","7049041849","HU","7019091461","","E","",11,"nem","nem"
"D","20","HU","7043020936","2011","2","HU","7011014507","HU","7059006946","","E","",11,"nem","nem"
"D","20","HU","7043030016","2015","2","HU","7011014507","HU","7043023843","","a","",11,"nem","nem"
"D","20","HU","7043034049","2016","2","HU","7043024208","HU","7003051314","","a","",11,"nem","nem"
"D","20","HU","7050079174","2018","2","HU","7050038401","HU","7050062758","","b","",11,"nem","nem"
"D","20","HU","7050085487","2017","1","HU","7019083127","HU","7050067836","","E","",11,"nem","nem"
"D","20","HU","7019067255","2011","1","","","HU","7019060399","","E","",11,"nem","nem"
"D","20","HU","7019083581","2013","1","HU","7030044556","HU","7019053100","","E","",11,"nem","nem"
"D","20","HU","7019112344","2015","1","HU","7019088119","HU","7019079410","","E","",11,"nem","nem"
"D","20","HU","7019055876","2010","1","","","HU","7019053184","","E","",11,"nem","nem"
"D","20","HU","7043030074","2015","2","HU","7043025449","HU","7003051471","","E","",11,"nem","nem"
"D","20","HU","7043033163","2016","2","HU","7050053497","HU","7043019280","","a","",11,"nem","nem"
"D","202","HU","7019123454","2016","2","","","HU","7019079704","","E","",11,"nem","nem"
"D","20","HU","7049035086","2014","1","","","HU","7049019721","","E","",11,"nem","nem"
"D","20","HU","7038021746","2011","2","HU","7038006057","HU","7037003167","","E","",11,"nem","nem"
"D","20","HU","7050094719","2018","1","HU","7019123269","HU","7025030393","","k","",11,"nem","nem"
"D","20","HU","7019076701","2012","1","HU","7019055991","HU","7024020524","","E","",11,"nem","nem"
"D","20","HU","7043042903","2019","1","HU","7019123722","HU","7043033514","","a","",11,"nem","nem"
"D","20","HU","7030049139","2011","1","HU","7030042190","HU","7030024411","","E","",11,"nem","nem"
"D","20","HU","7049048929","2016","1","HU","7043024240","HU","7049028181","","k","",11,"nem","nem"
"D","20","HU","7043037039","2018","2","HU","7043024208","HU","7043030537","","b","",11,"nem","nem"
"D","20","HU","7043035420","2017","2","HU","7050053497","HU","7043023715","","a","",11,"nem","nem"
"D","20","HU","7043037381","2017","1","HU","7019067622","HU","7043020949","","a","",11,"nem","nem"
"D","20","HU","7050099701","2019","2","HU","7019123579","HU","7050053525","","E","",11,"nem","nem"
"D","20","HU","7043043623","2019","1","HU","7043024240","HU","7043034218","","E","",11,"nem","nem"
"D","20","HU","7043030032","2015","2","HU","7043025449","HU","7045030650","","E","",11,"nem","nem"
"D","20","HU","7043030087","2015","2","HU","7043025449","HU","7045030647","","b","",11,"nem","nem"
"D","20","HU","7019123243","2016","2","HU","7019088119","HU","7019060555","","b","",11,"nem","nem"
"D","2002","HU","7019136834","2018","2","HU","7049041852","HU","7019122903","","E","",11,"nem","nem"
"D","20","HU","7050094777","2018","2","HU","7019123269","HU","7050075815","","b","",11,"nem","nem"
"D","20","HU","7043021094","2011","2","HU","7011014507","HU","7043015666","","E","",11,"nem","nem"
"D","20","HU","7043037857","2017","1","HU","7050053497","HU","7043023926","","k","",11,"nem","nem"
"D","2002","HU","7019137257","2018","2","HU","7049041852","HU","7019123102","","b","",11,"nem","nem"
"D","20","HU","7043023546","2013","1","HU","7011014507","HU","7050008088","","E","",11,"nem","nem"
"D","20","HU","7050086305","2017","2","HU","7019083127","HU","7050062646","","E","",11,"nem","nem"
"D","20","HU","7025036823","2013","1","HU","7038020873","HU","7038021762","","E","",11,"nem","nem"
"D","20","HU","7049062013","2018","1","HU","7049048820","HU","7049048693","","E","",11,"nem","nem"
"D","20","HU","7026071643","2018","1","RO","2560530977","HU","7026031898","","E","",11,"nem","nem"
"D","20","HU","7043037860","2017","1","HU","7050053497","HU","7043024422","","k","",11,"nem","nem"
"D","20","HU","7049051086","2016","1","HU","7043024240","HU","7049041584","","k","",11,"nem","nem"
"D","20","HU","7043033639","2016","1","HU","7019067622","HU","7043022912","","E","",11,"nem","nem"
"D","20","HU","7019136920","2018","2","HU","7049041849","HU","7019091388","","a","",11,"nem","nem"
"D","20","HU","7043023773","2013","2","HU","7011014507","HU","7043019280","","E","",11,"nem","nem"
"D","20","HU","7019060357","2010","2","HU","7019048364","HU","7019045585","","E","",11,"nem","nem"
"D","20","HU","7043033572","2016","1","HU","7050053497","HU","7043017163","","k","",11,"nem","nem"
"D","20","HU","7050079666","2018","2","HU","7019083127","HU","7050062745","","E","",11,"nem","nem"
"D","20","HU","7019067565","2012","1","HU","7019048380","HU","7028018042","","E","",11,"nem","nem"
"D","20","HU","7050095091","2018","1","HU","7019123269","HU","7050075589","","E","",11,"nem","nem"
"D","20","HU","7049065751","2019","1","HU","7019112133","HU","7049051156","","k","",11,"nem","nem"
"D","201","HU","7050087223","2018","2","HU","7019083127","HU","7050063209","","E","",11,"nem","nem"
"D","20","HU","7019091841","2018","2","HU","7019111749","HU","7019091247","","a","",11,"nem","nem"
"D","202","HU","7019122721","2016","2","","","HU","7019091193","","E","",11,"nem","nem"
"D","20","HU","7043037589","2017","1","HU","7050053497","HU","7043021276","","k","",11,"nem","nem"
"D","2011","HU","7059013627","2010","1","HU","7011014268","HU","7050009443","","E","",11,"nem","nem"
"D","20","HU","7055025208","2011","2","HU","7045031242","HU","7031020362","","E","",11,"nem","nem"
"D","2011","HU","7059013614","2010","1","HU","7011014268","HU","7050009443","","E","",11,"nem","nem"
"D","20","HU","7043031075","2015","1","HU","7011014507","HU","7043023591","","k","",11,"nem","nem"
"D","20","HU","7043017192","2009","2","HU","7012005021","HU","7004047903","","a","",11,"nem","nem"
"D","206","HU","7019066944","2011","1","HU","7019048377","HU","7028010606","","E","",11,"nem","nem"
"D","20","HU","7003051385","2011","1","HU","7045031242","HU","7031019827","","E","",11,"nem","nem"
"D","20","HU","7030049692","2014","1","HU","7019067495","HU","7030036986","","E","",11,"nem","nem"
"D","20","HU","7049065959","2019","2","HU","7049048820","HU","7049057686","","E","",11,"nem","nem"
"D","20","HU","7043034531","2016","1","HU","7019077137","HU","7031020528","","E","",11,"nem","nem"
"D","20","HU","7019045217","2008","2","","","","","","E","",11,"nem","nem"
"D","2001","HU","7025079738","2019","2","HU","7050063519","HU","7050085320","","E","",11,"nem","nem"
"D","20","HU","7043035404","2017","1","HU","7050053497","HU","7043030904","","x","",11,"nem","nem"
"D","20","HU","7050099491","2019","1","HU","7019123579","HU","7050075521","","k","",11,"nem","nem"
"D","20","HU","7043037901","2018","1","HU","7019123722","HU","7043015666","","k","",11,"nem","nem"
"D","20","HU","7059007020","2014","1","HU","7019067622","HU","7043015666","","E","",11,"nem","nem"
"D","20","HU","7043033150","2016","2","HU","7050053497","HU","7043019280","","a","",11,"nem","nem"
"D","2002","HU","7019088487","2019","2","HU","7049041782","HU","7019122635","","x","",11,"nem","nem"
"D","20","HU","7043038098","2018","1","HU","7019123722","HU","7043020402","","k","",11,"nem","nem"
"D","20","HU","7043025829","2013","1","HU","7045031242","HU","7031019843","","E","",11,"nem","nem"
"D","20","HU","7019055892","2010","2","","","HU","7019053142","","B","",11,"nem","nem"
"D","20","HU","7019079733","2013","1","HU","7019060542","HU","7019067002","","E","",11,"nem","nem"
"D","20","HU","7019123735","2016","1","HU","7026036103","HU","7019091289","","K","",11,"nem","nem"
"D","20","HU","7019075982","2012","2","HU","7030044556","HU","7019053126","","E","",11,"nem","nem"
"D","20","HU","7051038640","2016","1","HU","7019082647","HU","7051033377","","E","",11,"nem","nem"
"D","20","HU","7026035553","2014","2","HU","7026032109","HU","7026031898","","b","",11,"nem","nem"
"D","20","HU","7043025689","2013","1","HU","7045031242","HU","7055025365","","K","",11,"nem","nem"
"D","20","HU","7043023067","2012","2","","","HU","7043020910","","E","",11,"nem","nem"
"D","20","HU","7019123355","2016","1","HU","7019091771","HU","7019079621","","E","",11,"nem","nem"
"D","20","HU","7049057222","2017","1","HU","7043024240","HU","7049022185","","k","",11,"nem","nem"
"D","20","HU","7019082928","2016","1","HU","7019091656","HU","7019053001","","E","",11,"nem","nem"
"D","20","HU","7019091755","2014","2","HU","7025030450","HU","7019067792","","a","",11,"nem","nem"
"D","20","HU","7019056202","2011","2","HU","7019052956","HU","7019053056","","E","",11,"nem","nem"
"D","20","HU","7043025858","2013","1","HU","7045031242","HU","7031019872","","E","",11,"nem","nem"
"D","20","HU","7039009950","2008","1","","","","","","B","",11,"nem","nem"
"D","2001","HU","7043037336","2017","1","HU","7050053497","HU","7009039888","","E","",11,"nem","nem"
"D","20","HU","7000062993","1997","1","HU","7000069792","HU","7000062638","","E","",11,"nem","nem"
"D","20","HU","7043040899","2018","1","HU","7050053497","HU","7043021221","","E","",11,"nem","nem"
"D","20","HU","7043033626","2016","1","HU","7050053497","HU","7043020402","","k","",11,"nem","nem"
"D","20","HU","7030060840","2012","2","HU","7030048563","HU","7030024172","","E","",11,"nem","nem"
"D","20","HU","7043030058","2015","2","HU","7043025449","HU","7003051244","","E","",11,"nem","nem"
"D","20","HU","7030070537","2014","1","HU","7019067495","HU","7030024718","","E","",11,"nem","nem"
"D","20","HU","7043037138","2018","2","HU","7043024208","HU","7043030425","","b","",11,"nem","nem"
"D","2002","HU","7019092644","2018","2","HU","7049041852","HU","7019122776","","b","",11,"nem","nem"
"D","20","HU","7019088151","2013","1","HU","7025030450","HU","7019045572","","E","",11,"nem","nem"
"D","20","HU","7064007745","2002","2","HU","7064000300","HU","7064000128","","E","",11,"nem","nem"
"D","20","HU","7019094365","2018","2","HU","7049041852","HU","7019122932","","x","",11,"nem","nem"
"D","20","HU","7019083549","2013","1","HU","7030044556","HU","7056021485","","E","",11,"nem","nem"
"D","202","HU","7019092110","2018","2","","","HU","7019112331","","E","",11,"nem","nem"
"D","20","HU","7043036348","2017","2","HU","7043024208","HU","7043030285","","x","",11,"nem","nem"
"D","20","HU","7019135507","2019","1","HU","7049041849","HU","7019067466","","a","",11,"nem","nem"
"D","20","HU","7050094722","2018","1","HU","7019123579","HU","7050075422","","E","",11,"nem","nem"
"D","20","HU","7026032240","2013","1","HU","7046022401","HU","7026013317","","E","",11,"nem","nem"
"D","20","HU","7050086855","2018","1","HU","7025048710","HU","7050062646","","E","",11,"nem","nem"
"D","20","HU","7030037127","2010","2","","","HU","7010044880","","E","",11,"nem","nem"
"D","20","HU","7049057459","2017","1","HU","7019112133","HU","7049041711","","k","",11,"nem","nem"
"D","20","HU","7019066931","2011","2","HU","7019048377","HU","7024020313","","E","",11,"nem","nem"
"D","20","HU","7065016810","2019","1","HU","7019091656","HU","7049048578","","k","",11,"nem","nem"
"D","20","HU","7043042169","2019","2","HU","7019123722","HU","7043035248","","E","",11,"nem","nem"
"D","20","HU","7019082803","2015","1","HU","7019055991","HU","7019056059","","k","",11,"nem","nem"
"D","20","HU","7050099628","2019","1","HU","7019123579","HU","7025030393","","k","",11,"nem","nem"
"D","20","HU","7043035251","2017","1","HU","7019067622","HU","7043021263","","a","",11,"nem","nem"
"D","20","HU","7050075675","2016","1","HU","7019082647","HU","7050044305","","E","",11,"nem","nem"
"D","20","HU","7064000269","1999","2","","","","","","E","",11,"nem","nem"
"D","20","HU","7019127669","2016","2","HU","7019055991","HU","7019076657","","b","",11,"nem","nem"
"D","20","HU","7049062141","2018","1","HU","7049048820","HU","7049041711","","E","",11,"nem","nem"
"D","20","HU","7043040716","2018","1","HU","7050053497","HU","7043022941","","E","",11,"nem","nem"
"D","20","HU","7055023079","2004","2","","","HU","7064007972","","B","",11,"nem","nem"
"D","20","HU","7003051455","2011","2","HU","7045031242","HU","7031019872","","E","",11,"nem","nem"
"D","20","HU","7019064294","2011","2","HU","7019055991","HU","7019055805","","E","",11,"nem","nem"
"D","20","HU","7043035376","2017","1","HU","7050053497","HU","7043015666","","k","",11,"nem","nem"
"D","20","HU","7043038030","2018","1","HU","7050053497","HU","7043030863","","k","",11,"nem","nem"
"D","20","HU","7019083648","2013","1","HU","7030044556","HU","7019045994","","E","",11,"nem","nem"
"D","20","HU","7019127487","2016","1","HU","7019055991","HU","7019082535","","E","",11,"nem","nem"
"D","20","HU","7019140273","2019","2","HU","7019135213","HU","7019123160","","a","",11,"nem","nem"
"D","20","HU","7019077137","2012","1","HU","7019055991","HU","7019052985","","B","",11,"nem","nem"
"D","20","HU","7043034164","2017","1","HU","7043024208","HU","7003051567","","k","",11,"nem","nem"
"D","20","HU","7043031091","2015","2","HU","7011014507","HU","7043024295","","b","",11,"nem","nem"
"D","20","HU","7019083015","2015","1","HU","7019055991","HU","7019045725","","k","",11,"nem","nem"
"D","20","HU","7043023348","2012","1","HU","7011014507","HU","7009039846","","E","",11,"nem","nem"
"D","20","HU","7038021548","2011","2","HU","7038006057","HU","7037003732","","E","",11,"nem","nem"
"D","20","HU","7019091218","2014","1","HU","7019067648","HU","7019066407","","E","",11,"nem","nem"
"D","20","HU","7033054237","2015","1","HU","7019067622","HU","7043021234","","E","",11,"nem","nem"
"D","20","HU","7003051538","2011","2","HU","7045031242","HU","7031020317","","E","",11,"nem","nem"
"D","20","HU","7050086318","2017","2","HU","7019083127","HU","7050062646","","E","",11,"nem","nem"
"D","20","HU","7019060443","2010","2","HU","7019048377","HU","7019045600","","E","",11,"nem","nem"
"D","20","HU","7019092545","2018","1","HU","7049041852","HU","7019122875","","k","",11,"nem","nem"
"D","20","HU","7045030746","2008","2","","","","","","E","",11,"nem","nem"
"D","20","HU","7025079808","2019","1","HU","7025048710","HU","7050062646","","E","",11,"nem","nem"
"D","20","HU","7043037534","2017","1","HU","7019067622","HU","7043022909","","E","",11,"nem","nem"
"D","20","HU","7043037154","2019","2","HU","7043024208","HU","7043025634","","b","",11,"nem","nem"
"D","2012","HU","7059013700","2010","1","HU","7011014507","HU","7050009542","","E","",11,"nem","nem"
"D","20","HU","7043033147","2016","1","HU","7011014507","HU","7043023434","","k","",11,"nem","nem"
"D","20","HU","7031020391","2007","2","","","","","","B","",11,"nem","nem"
"D","20","HU","7003051228","2010","2","","","HU","7031020557","","E","",11,"nem","nem"
"D","20","HU","7050075662","2016","1","HU","7019082647","HU","7050044305","","E","",11,"nem","nem"
"D","20","HU","7003077851","2006","2","","","","","","B","",11,"nem","nem"
"D","20","HU","7019076954","2012","2","HU","7019055991","HU","7019053098","","B","",11,"nem","nem"
"D","20","HU","7019077038","2012","2","HU","7030044556","HU","7019056116","","E","",11,"nem","nem"
"D","20","HU","7050041290","2004","1","","","","","","B","",11,"nem","igen"
"D","20","HU","7030060598","2012","2","HU","7030048563","HU","7010044934","","E","",11,"nem","nem"
"D","20","HU","7030060684","2012","2","HU","7030048563","HU","7030024367","","b","",11,"nem","nem"
"D","20","HU","7030060770","2012","2","HU","7030048563","HU","7030037242","","b","",11,"nem","nem"
"D","20","HU","7050041302","2011","2","","","","","","E","",11,"nem","igen"
"D","20","HU","7030060866","2012","2","HU","7030048563","HU","7030037057","","b","",11,"nem","nem"
"D","20","HU","7030060882","2012","2","HU","7030048563","HU","7030037114","","b","",11,"nem","nem"
"D","20","HU","7030060907","2012","2","HU","7030048563","HU","7030037143","","E","",11,"nem","nem"
"D","20","HU","7019088177","2013","2","HU","7025030450","HU","7019045585","","E","",11,"nem","igen"
"D","20","HU","7019079762","2013","2","HU","7019066410","HU","7019046528","","b","",11,"nem","nem"
"D","20","HU","7043022884","2012","2","HU","7011014507","HU","7043017163","","A","",11,"nem","nem"
"D","20","HU","7031020375","2006","2","","","","","","B","",11,"nem","nem"
"D","20","HU","7009011336","2005","2","","","","","","B","",11,"nem","igen"
"D","20","HU","7019066382","2011","2","HU","7019048377","HU","7009011422","","B","",11,"nem","nem"
"D","20","HU","7019066519","2011","2","HU","7019048380","HU","7019045697","","E","",11,"nem","igen"
"D","20","HU","7019066890","2011","2","HU","7019048380","HU","7030024198","","E","",11,"nem","igen"
"D","20","HU","7019066915","2011","2","HU","7019048377","HU","7019046515","","B","",11,"nem","nem"
"D","20","HU","7030037060","2010","2","","","HU","7030025058","","E","",11,"nem","nem"
"D","20","HU","7019056356","2011","2","HU","7019048418","HU","7019045217","","B",3,11,"nem","nem"
"D","20","HU","7019056385","2011","2","HU","7019048418","HU","7019045754","","B","",11,"nem","nem"
"D","20","HU","7038020873","2010","1","HU","7021005685","HU","7008076181","","B","",11,"nem","nem"
"D","20","HU","7030049254","2011","2","HU","7030042190","HU","7030024718","","E","",11,"nem","nem"
"D","20","HU","7030066239","2011","2","","","","","","E","",11,"nem","nem"
"D","20","HU","7038021197","2010","2","HU","7021005685","HU","7008076110","","E","",11,"nem","nem"
"D","20","HU","7038021267","2010","2","HU","7021005685","HU","7037003167","","E","",11,"nem","nem"
"D","20","HU","7019060232","2010","2","HU","7019048380","HU","7019046573","","B","",11,"nem","nem"
"D","20","HU","7019076615","2012","2","HU","7019055991","HU","7019053014","","E","",11,"nem","nem"
"D","20","HU","7019076714","2012","2","HU","7019055991","HU","7056021485","","E","",11,"nem","nem"
"D","20","HU","7043022909","2012","2","HU","7011014507","HU","7059004465","","E","",11,"nem","nem"
"D","20","HU","7043023632","2013","2","HU","7011014507","HU","7050017998","","b","",11,"nem","nem"
"D","20","HU","7043023760","2013","2","HU","7011014507","HU","7043019280","","E","",11,"nem","nem"
"D","20","HU","7043023984","2013","2","HU","7011014507","HU","7043021078","","E","",11,"nem","nem"
"D","20","HU","7030070470","2014","2","HU","7019067495","HU","7030059417","","E","",11,"nem","nem"
"D","20","HU","7030070483","2014","2","HU","7019067495","HU","7030059417","","E","",11,"nem","nem"
"D","20","HU","7030070508","2014","2","HU","7019067495","HU","7030037130","","E","",11,"nem","nem"
"D","20","HU","7049019680","2009","2","","","","","","E","",11,"nem","nem"
"D","20","HU","7049019718","2009","2","","","","","","B","",11,"nem","nem"
"D","20","HU","7026031898","2009","2","","","","","","E","",11,"nem","nem"
"D","20","HU","7026032310","2013","2","HU","7046022401","HU","7026013375","","E","",11,"nem","nem"
"D","20","HU","7019091193","2014","2","HU","7019067648","HU","7019046502","","b","",11,"nem","nem"
"D","20","HU","7019091333","2014","2","HU","7019079197","HU","7019067408","","A","",11,"nem","nem"
"D","20","HU","7019091490","2014","2","HU","7019079197","HU","7019067747","","a","",11,"nem","nem"
"D","20","HU","7025037134","2014","2","HU","7038020873","HU","7038021548","","E","",11,"nem","nem"
"D","20","HU","7043024109","2014","2","HU","7011014507","HU","7043017316","","B","",11,"nem","nem"
"D","20","HU","7050053554","2014","2","HU","7050038399","HU","7050044305","","A","",11,"nem","nem"
"D","20","HU","7043025634","2014","2","HU","7036005834","HU","7003051471","","B",2,11,"nem","nem"
"D","20","HU","7043026015","2014","2","HU","7045031242","HU","7031020317","","E","",11,"nem","nem"
"D","20","HU","7051036817","2014","2","HU","7019056327","HU","7051033380","","b","",11,"nem","nem"
"D","20","HU","7025036782","2013","2","HU","7038020873","HU","7038021171","","E","",11,"nem","nem"
"D","20","HU","7019082717","2014","2","HU","7019055991","HU","7019077124","","a","",11,"nem","nem"
"D","20","HU","7019082733","2014","2","HU","7019055991","HU","7019076318","","a","",11,"nem","nem"
"D","20","HU","7045030142","2009","2","","","","","","B","",11,"nem","nem"
"D","20","HU","7045030452","2009","2","","","","","","E","",11,"nem","nem"
"D","20","HU","7045030519","2009","2","","","","","","B","",11,"nem","nem"
"D","20","HU","7019079171","2012","2","HU","7019048377","HU","7019046560","","b","",11,"nem","nem"
"D","20","HU","7019067341","2012","2","HU","7019048380","HU","7019046531","","E","",11,"nem","igen"
"D","20","HU","7019067411","2012","2","HU","7019048380","HU","7019045613","","E","",11,"nem","igen"
"D","20","HU","7025026574","2012","2","HU","7038006057","HU","7038021689","","E","",11,"nem","nem"
"D","20","HU","7055025534","2012","2","HU","7045031242","HU","7031020317","","E","",11,"nem","nem"
"D","20","HU","7019067846","2012","2","HU","7019048377","HU","7019046445","","B","",11,"nem","nem"
"D","2012","HU","7009039888","2007","2","HU","7012005021","HU","7050009584","","E","",11,"nem","nem"
"D","20","HU","7025030421","2008","2","","","","","","B","",11,"nem","nem"
"D","20","HU","7028018042","2008","2","","","","","","B","",11,"nem","nem"
"D","20","HU","7019053043","2008","2","","","","","","B","",11,"nem","nem"
"D","20","HU","7019045572","2008","2","","","","","","B","",11,"nem","nem"
"D","20","HU","7019045585","2008","2","","","","","","B","",11,"nem","nem"
"D","20","HU","7019056059","2010","2","HU","7019052969","HU","7019053113","","B",3,11,"nem","nem"
"D","20","HU","7019045697","2008","2","","","","","","B","",11,"nem","igen"
"D","20","HU","7019045712","2008","2","","","","","","B","",11,"nem","igen"
"D","20","HU","7019046490","2008","2","","","","","","E","",11,"nem","nem"
"D","20","HU","7019048319","2008","2","","","","","","B","",11,"nem","nem"
"D","20","HU","7038005944","2008","2","","","","","","E","",11,"nem","nem"
"D","20","HU","7045030650","2008","2","","","","","","E","",11,"nem","nem"
"D","20","HU","7030050380","2014","2","HU","7019067495","HU","7030037255","","E","",11,"nem","nem"
"D","20","HU","7019066861","2011","2","","","HU","7019060328","","E","",11,"nem","nem"
"D","20","HU","7030036960","2010","2","","","HU","7030024239","","E","",11,"nem","nem"
"D","20","HU","7038020646","2010","2","HU","7021005685","HU","7008075809","","E","",11,"nem","nem"
"D","20","HU","7038020815","2010","2","HU","7021005685","HU","7008075784","","E","",11,"nem","nem"
"D","2001","HU","7043017530","2010","2","HU","7011014268","HU","7050004589","","E","",11,"nem","nem"
"D","2013","HU","7043019305","2010","2","HU","7011014507","HU","7050017998","","E","",11,"nem","nem"
"D","20","HU","7019060216","2010","2","HU","7019048380","HU","7019046487","","E","",11,"nem","nem"
"D","20","HU","7019060568","2010","1","HU","7019048364","HU","7024020313","","E","",11,"nem","nem"
"D","20","HU","7043021078","2011","2","HU","7011014507","HU","7059004720","","E","",11,"nem","nem"
"D","20","HU","7030060543","2012","2","HU","7030048563","HU","7010044835","","b","",11,"nem","nem"
"D","20","HU","7026013391","2008","2","","","","","","E","",11,"nem","nem"
"D","20","HU","7026013432","2008","2","","","","","","E","",11,"nem","nem"
"D","20","HU","7019079845","2013","2","HU","7019066410","HU","7009011419","","E","",11,"nem","nem"
"D","2000","HU","7043023096","2012","1","HU","7011014507","HU","7043020811","","E","",11,"nem","nem"
"D","20","HU","7038021452","2011","2","HU","7038006057","HU","7008076181","","E","",11,"nem","nem"
"D","20","HU","7019067635","2012","1","HU","7019048380","HU","7028010648","","K","",11,"nem","nem"
"D","20","HU","7043024451","2014","2","HU","7019067622","HU","7043021250","","A",2,11,"nem","nem"
"D","20","HU","7030024271","2007","2","","","","","","B","",11,"nem","nem"
"D","20","HU","7030024408","2007","2","","","","","","E","",11,"nem","nem"
"D","20","HU","7030024466","2007","2","","","","","","B","",11,"nem","nem"
"D","20","HU","7043025803","2013","2","HU","7045031242","HU","7045030689","","E","",11,"nem","nem"
"D","20","HU","7043025887","2013","2","HU","7045031242","HU","7003051509","","E","",11,"nem","nem"
"D","20","HU","7046023444","2006","2","","","","","","E","",11,"nem","nem"
"D","20","HU","7046023684","2006","2","","","","","","E","",11,"nem","nem"
"D","20","HU","7037002885","2000","2","","","","","","E","",11,"nem","nem"
"D","20","HU","7010041788","2002","2","","","","","","B","",11,"nem","nem"
"D","20","HU","7010044934","2005","2","HU","7010041890","HU","7010041759","","E","",11,"nem","nem"
"D","20","HU","7030042190","2008","1","","","","","","B","",11,"nem","nem"
"D","20","HU","7019045709","2008","2","","","","","","B","",11,"nem","nem"
"D","20","HU","7019082845","2015","2","HU","7019055991","HU","7019076363",6737115,"A",1,11,"nem","igen"
"D","20","HU","7049041737","2015","2","HU","7049034506","HU","7049019721",9915871,"B","",11,"nem","nem"
"D","20","HU","7049041807","2015","2","HU","7049034506","HU","7049022172","","E","",11,"nem","nem"
"D","20","HU","7019091429","2014","1","HU","7025030450","HU","7019066423","","K","",11,"nem","nem"
"D","20","HU","7019082519","2014","1","HU","7030044556","HU","7019053001","","K","",11,"nem","nem"
"D","20","HU","7019097483","2013","2","","","","","","E","",11,"nem","nem"
"D","20","HU","7049035060","2014","2","","","HU","7049022226","","B","",11,"nem","nem"
"D","20","HU","7043031116","2015","1","HU","7011014507","HU","7043024349",8614276,"K","",11,"nem","nem"
"D","20","HU","7043029935","2015","1","HU","7019067622","HU","7043022884","","A","",11,"nem","nem"
"D","20","HU","7025048570","2015","1","HU","7050038399","HU","7025030421","","K","",11,"nem","nem"
"D","20","HU","7019080830","2013","2","","","","","","B","",11,"nem","nem"
"D","20","HU","7050062633","2012","2","","","","","","B","",11,"nem","nem"
"D","20","HU","7043023661","2013","2","HU","7011014507","HU","7043020949","","E","",11,"nem","nem"
"D","20","HU","7043025308","2013","2","HU","7045031242","HU","7031020164","","E","",11,"nem","nem"
"D","20","HU","7043025423","2013","2","HU","7045031242","HU","7031019830","","E","",11,"nem","nem"
"D","20","HU","7043017390","2009","2","HU","7012005021","HU","7059004522","","E","",11,"nem","nem"
"D","20","HU","7043017150","2009","1","HU","7012005021","HU","7050009399","","K","",11,"nem","nem"
"D","2012","HU","7043017217","2009","2","HU","7012005021","HU","7050009542","","E","",11,"nem","nem"
"D","20","HU","7050075435","2016","2","HU","7019082647","HU","7032011464",8994963,"b","",11,"nem","nem"
"D","20","HU","7050075521","2016","2","HU","7019082647","HU","7025030393",8586429,"E","",11,"nem","nem"
"D","20","HU","7050075691","2016","2","HU","7050070948","HU","7025048679","","E","",11,"nem","nem"
"D","20","HU","7050075716","2016","2","HU","7019082647","HU","7032011365",8994963,"b","",11,"nem","nem"
"D","20","HU","7050075802","2016","2","HU","7050053512","HU","7050038443","","E","",11,"nem","nem"
"D","20","HU","7050080060","2016","2","HU","7050070948","HU","7025020680",710013,"E","",11,"nem","nem"
"D","20","HU","7025048679","2015","2","HU","7019088106","HU","7050044293","","a","",11,"nem","nem"
"D","20","HU","7025048848","2015","2","HU","7019088106","HU","7050044305","","a","",11,"nem","nem"
"D","20","HU","7043033288","2016","2","HU","7011014507","HU","7043029753","","A","",11,"nem","nem"
"D","20","HU","7043033585","2016","2","HU","7050053497","HU","7043017163",1318221,"A",2,11,"nem","igen"
"D","20","HU","7043034937","2016","2","HU","7050053497","HU","7043023898","","A","",11,"nem","nem"
"D","20","HU","7043034940","2016","2","HU","7050053497","HU","7043024349","","a","",11,"nem","nem"
"D","20","HU","7043035107","2016","2","HU","7050053497","HU","7043030818",1318221,"B",2,11,"nem","igen"
"D","20","HU","7019082791","2015","1","HU","7019055991","HU","7019056059",6636306,"K","",11,"nem","nem"
"D","20","HU","7019083060","2015","1","HU","7019055991","HU","7024019430","","K","",11,"nem","nem"
"D","20","HU","7049041782","2015","1","HU","7049034506","HU","7049019718","","B","",11,"nem","nem"
"D","20","HU","7043031004","2015","1","HU","7019067622","HU","7043020949","","K","",11,"nem","nem"
"D","20","HU","7019111682","2015","2","HU","7019079197","HU","7019066423",6880549,"E","",11,"nem","igen"
"D","20","HU","7019111710","2015","2","HU","7019088119","HU","7019067354","","E","",11,"nem","nem"
"D","20","HU","7019111723","2015","2","HU","7019079197","HU","7019079184","","A","",11,"nem","nem"
"D","20","HU","7019112034","2015","2","HU","7019079197","HU","7019088180","","b","",11,"nem","nem"
"D","20","HU","7019112104","2015","2","HU","7019088119","HU","7019067466","","A","",11,"nem","nem"
"D","20","HU","7019112159","2015","2","HU","7019088119","HU","7019079311","","A",1,11,"nem","nem"
"D","20","HU","7019112191","2015","2","HU","7019088119","HU","7019079762",6695097,"B","",11,"nem","nem"
"D","20","HU","7019112216","2015","2","HU","7019088119","HU","7019079689","","a","",11,"nem","nem"
"D","20","HU","7019112261","2015","2","HU","7019088119","HU","7019066915","","A","",11,"nem","nem"
"D","20","HU","7019112331","2015","2","HU","7019088119","HU","7019079506","","A","",11,"nem","nem"
"D","20","HU","7019112386","2015","2","HU","7050057785","HU","7019079704","","E","",11,"nem","nem"
"D","20","HU","7019082890","2016","2","HU","7019091656","HU","7019076699",6737115,"A",1,11,"nem","igen"
"D","20","HU","7019126796","2016","2","HU","7019091656","HU","7019056231",6737115,"A",2,11,"nem","igen"
"D","20","HU","7019127573","2016","2","HU","7019055991","HU","7019076488","","E","",11,"nem","nem"
"D","20","HU","7019127601","2016","2","HU","7019055991","HU","7019083763","","E","",11,"nem","nem"
"D","20","HU","7043030115","2015","2","HU","7043025449","HU","7045030452","","B","",11,"nem","nem"
"D","20","HU","7043030144","2015","2","HU","7043025449","HU","7031020164","","B","",11,"nem","nem"
"D","20","HU","7043030256","2015","1","HU","7043025449","HU","7003051314","","K","",11,"nem","nem"
"D","20","HU","7043030285","2015","2","HU","7043025449","HU","7045030410","","B","",11,"nem","nem"
"D","20","HU","7043030863","2015","2","HU","7011014507","HU","7043020840","","B","",11,"nem","nem"
"D","20","HU","7019123227","2016","1","HU","7019091771","HU","7019066379","","K","",11,"nem","nem"
"D","20","HU","7043033217","2016","1","HU","7050053497","HU","7043019293","","E","",11,"nem","nem"
"D","20","HU","7019122578","2016","2","HU","7026036103","HU","7019091247",6809825,"A",2,11,"nem","igen"
"D","20","HU","7019122677","2016","2","HU","7019088119","HU","7019067424","","A","",11,"nem","nem"
"D","202","HU","7019122718","2016","2","","","HU","7019091528","","E","",11,"nem","nem"
"D","20","HU","7019123032","2016","2","HU","7019091771","HU","7019079366","","a","",11,"nem","nem"
"D","202","HU","7019123397","2016","2","","","HU","7009011349","","E","",11,"nem","nem"
"D","20","HU","7049048552","2016","2","HU","7043024240","HU","7049035002","","b","",11,"nem","nem"
"D","20","HU","7049048578","2016","2","HU","7043024240","HU","7049035060","","A","",11,"nem","nem"
"D","20","HU","7049048750","2016","2","HU","7049034506","HU","7049034999","","E","",11,"nem","nem"
"D","20","HU","7049048776","2016","2","HU","7043024240","HU","7049035156","","a","",11,"nem","nem"
"D","20","HU","7049048859","2016","2","HU","7043024240","HU","7049037682","","b","",11,"nem","nem"
"D","20","HU","7049048622","2016","2","HU","7043024240","HU","7049019705","","B","",11,"nem","nem"
"D","20","HU","7049048734","2016","2","HU","7049034506","HU","7049019718",9915871,"B","",11,"nem","nem"
"D","20","HU","7049048846","2016","2","HU","7049034506","HU","7049022226","","B","",11,"nem","nem"
"D","20","HU","7019135031","2017","2","HU","7019112133","HU","7019079621","","E","",11,"nem","nem"
"D","20","HU","7019135044","2017","2","HU","7049041782","HU","7019112063","","B","",11,"nem","nem"
"D","20","HU","7019135169","2017","2","HU","7019111749","HU","7019092293","","b","",11,"nem","nem"
"D","20","HU","7019135341","2017","2","HU","7019112133","HU","7019066379","","A","",11,"nem","nem"
"D","20","HU","7043034205","2017","1","HU","7043024208","HU","7043026060","","K","",11,"nem","nem"
"D","20","HU","7043034784","2017","1","HU","7019077137","HU","7043030508","","K","",11,"nem","nem"
"D","20","HU","7019126882","2016","2","HU","7019091656","HU","7019083523","","b","",11,"nem","nem"
"D","20","HU","7019127388","2016","2","HU","7019055991","HU","7024019430","","E","",11,"nem","nem"
"D","20","HU","7019127656","2016","2","HU","7019055991","HU","7019076657","","b","",11,"nem","nem"
"D","20","HU","7049057376","2017","2","HU","7019112133","HU","7049022200","","b","",11,"nem","nem"
"D","20","HU","7043035363","2017","2","HU","7019067622","HU","7043023731","","b","",11,"nem","nem"
"D","20","HU","7043037550","2017","2","HU","7019067622","HU","7043021221","","b","",11,"nem","nem"
"D","20","HU","7043037592","2017","2","HU","7050053497","HU","7043021276","","a","",11,"nem","nem"
"D","20","HU","7043037688","2017","2","HU","7050053497","HU","7043015666","","E","",11,"nem","nem"
"D","20","HU","7050087702","2017","1","HU","7025048653","HU","7050053413",6722548,"A","",11,"nem","nem"
"D","20","HU","7019128293","2017","1","HU","7019091656","HU","7019056004","","k","",11,"nem","nem"
"D","20","HU","7019127528","2017","1","HU","7019082973","HU","7019083523","","E","",11,"nem","nem"
"D","20","HU","7019127148","2016","2","HU","7019055991","HU","7019045754","","b","",11,"nem","nem"
"D","20","HU","7019127164","2016","2","HU","7019055991","HU","7019082733","","E","",11,"nem","nem"
"D","20","HU","7043035165","2016","1","HU","7050053497","HU","7043030719","","E","",11,"nem","nem"
"D","20","HU","7019126853","2016","1","HU","7019091656","HU","7019077124","","K","",11,"nem","nem"
"D","20","HU","7043034218","2017","2","HU","7043024208","HU","7045030113","","B",1,11,"nem","nem"
"D","20","HU","7043034388","2017","2","HU","7043024208","HU","7003051442","","A","",11,"nem","nem"
"D","20","HU","7050078920","2017","2","HU","7019083127","HU","7050067849","","a","",11,"nem","nem"
"D","20","HU","7050085359","2017","2","HU","7050063519","HU","7050062729","","b","",11,"nem","nem"
"D","201","HU","7050086545","2017","2","HU","7050063519","HU","7050063209","","E","",11,"nem","nem"
"D","201","HU","7050077990","2016","2","HU","7050063522","HU","7050063126","","E","",11,"nem","nem"
"D","20","HU","7050078706","2016","2","HU","7050038401","HU","7050062688","","E","",11,"nem","nem"
"D","20","HU","7019137017","2018","2","HU","7049041852","HU","7019122651","","A","",11,"nem","nem"
"D","20","HU","7019137372","2018","2","HU","7019111749","HU","7019112120","","E","",11,"nem","nem"
"D","20","HU","7049062282","2018","2","HU","7049048820","HU","7049041584","","E","",11,"nem","nem"
"D","201","HU","7050078272","2016","2","HU","7050063522","HU","7050063209","","E","",11,"nem","nem"
"D","20","HU","7050078863","2016","2","HU","7050038401","HU","7050063353","","E","",11,"nem","nem"
"D","20","HU","7043036476","2018","1","HU","7043024208","HU","7043030144","","K","",11,"nem","nem"
"D","20","HU","7043036504","2018","1","HU","7043024208","HU","7045030519","","K","",11,"nem","nem"
"D","20","HU","7043036885","2018","1","HU","7043024208","HU","7043025647","","k","",11,"nem","nem"
"D","20","HU","7043036955","2018","1","HU","7043024208","HU","7031020375","","k","",11,"nem","nem"
"D","20","HU","7043036492","2018","1","HU","7043024208","HU","7043030201","","K","",11,"nem","nem"
"D","20","HU","7043036489","2018","2","HU","7043024208","HU","7043030201","","b","",11,"nem","nem"
"D","20","HU","7019128769","2017","1","HU","7019082973","HU","7019097582","","E","",11,"nem","nem"
"D","20","HU","7019127515","2017","2","HU","7019082973","HU","7019083523","","E","",11,"nem","nem"
"D","20","HU","7019128222","2017","2","HU","7019091656","HU","7019045725",6737115,"B",1,11,"nem","nem"
"D","20","HU","7050087632","2017","2","HU","7025048653","HU","7032012056","","B","",11,"nem","nem"
"D","20","HU","7050087786","2017","1","HU","7050053512","HU","7025039178","","K","",11,"nem","nem"
"D","20","HU","7049062307","2018","1","HU","7049048820","HU","7049034999","","k","",11,"nem","nem"
"D","20","HU","7019137273","2018","1","HU","7049041849","HU","7019091461","","K","",11,"nem","nem"
"D","20","HU","7050087153","2018","2","HU","7050038401","HU","7050068035","","E","",11,"nem","nem"
"D","20","HU","7043035615","2018","2","HU","7050053497","HU","7043023687","","E","",11,"nem","nem"
"D","20","HU","7043035644","2018","2","HU","7019123722","HU","7043017163","","A","",11,"nem","nem"
"D","20","HU","7043035657","2018","2","HU","7050053497","HU","7043030665",1318221,"E","",11,"nem","igen"
"D","20","HU","7043040703","2018","2","HU","7019123722","HU","7043033259",1318221,"A",2,11,"nem","igen"
"D","20","HU","7050095017","2018","2","HU","7019123269","HU","7050075860","","b","",11,"nem","nem"
"D","20","HU","7049061955","2018","2","HU","7050075550","HU","7049048734","","E","",11,"nem","nem"
"D","20","HU","7049062208","2018","2","HU","7019112133","HU","7049048619",1145467,"A",1,11,"nem","nem"
"D","20","HU","7049062211","2018","2","HU","7049048820","HU","7049037653",1244991,"B",2,11,"nem","igen"
"D","20","HU","7049062240","2018","2","HU","7019112133","HU","7049037682","","b","",11,"nem","nem"
"D","20","HU","7049062336","2018","2","HU","7049048820","HU","7049019721","","b","",11,"nem","nem"
"D","20","HU","7019127825","2018","2","HU","7019091656","HU","7019056231","","E","",11,"nem","nem"
"D","20","HU","7019127953","2018","2","HU","7019091656","HU","7019053001","","b",3,11,"nem","nem"
"D","20","HU","7019128079","2018","2","HU","7019091656","HU","7019076699",6737115,"A",2,11,"nem","igen"
"D","20","HU","7019128149","2018","2","HU","7019091656","HU","7019076660",6737115,"A",2,11,"nem","igen"
"D","20","HU","7049057839","2018","1","HU","7050075550","HU","7049028110","","K","",11,"nem","nem"
"D","20","HU","7043037125","2018","2","HU","7043024208","HU","7043030425",6729882,"E","",11,"nem","nem"
"D","20","HU","7043036421","2018","2","HU","7043024208","HU","7043030115",6729882,"E","",11,"nem","nem"
"D","20","HU","7050095062","2018","2","HU","7019123269","HU","7032012056","","E","",11,"nem","nem"
"D","20","HU","7027010214","2015","2","","","","","","E","",11,"nem","nem"
"D","20","HU","7050099785","2019","1","HU","7050087702","HU","7032012056","","E","",11,"nem","nem"
"D","20","HU","7025079642","2019","2","HU","7050038401","HU","7050063155","","E","",11,"nem","nem"
"D","20","HU","7025079882","2019","2","HU","7050063519","HU","7050063212","","E","",11,"nem","nem"
"D","20","HU","7025080525","2019","2","HU","7025048710","HU","7050062787","","E","",11,"nem","nem"
"D","20","HU","7025080611","2019","2","HU","7050063519","HU","7050086011","","E","",11,"nem","nem"
"D","20","HU","7025080468","2019","1","HU","7050063519","HU","7050085630","","E","",11,"nem","nem"
"D","20","HU","7019128040","2018","1","HU","7019091656","HU","7019076839","","K","",11,"nem","nem"
"D","20","HU","7043037211","2019","2","HU","7043024208","HU","7043030425","","b","",11,"nem","nem"
"D","20","HU","7043044509","2019","2","HU","7043024208","HU","7031020375","","E","",11,"nem","nem"
"D","20","HU","7050099756","2019","2","HU","7050087702","HU","7025030405","","B","",11,"nem","nem"
"D","20","HU","7043042990","2019","1","HU","7019123722","HU","7043024295","","k","",11,"nem","nem"
"D","20","HU","7043042255","2019","2","HU","7019123722","HU","7043024451",1318221,"A",2,11,"nem","igen"
"D","20","HU","7043045737","2020","1","HU","7043035628","HU","7043035602","","E","",11,"nem","nem"
"D","20","HU","7043045849","2020","2","HU","7043035628","HU","7043040703",8800725,"A","",11,"nem","igen"
"D","20","HU","7049066231","2019","2","HU","7019112133","HU","7049048734","","E","",11,"nem","nem"
"D","20","HU","7067030775","2019","1","HU","7019082973","HU","7019126907","","A","",11,"nem","nem"
"D","20","HU","7082000599","2019","2","HU","7043034755","HU","7049019677","","b","",11,"nem","nem"
"D","20","HU","7019140033","2019","2","HU","7050087728","HU","7019112203","","A","",11,"nem","nem"
"D","20","HU","7019140330","2019","2","HU","7049041782","HU","7019111666","","E","",11,"nem","nem"
"D","20","HU","7019140343","2019","2","HU","7049041849","HU","7019122578","","A","",11,"nem","nem"
"D","20","HU","7019140372","2019","2","HU","7049041849","HU","7019122792","","E","",11,"nem","nem"
"D","20","HU","7019140400","2019","2","HU","7049041849","HU","7019123300","","A",1,11,"nem","nem"
"D","20","HU","7019140426","2019","2","HU","7049041849","HU","7019122664",7752955,"E","",11,"nem","nem"
"D","20","HU","7049070500","2020","1","HU","7019112133","HU","7049034957","","k","",11,"nem","nem"
"D","20","HU","7049070948","2020","1","HU","7049061702","HU","7049037653","","E","",11,"nem","nem"
"D","20","HU","7049071022","2020","2","HU","7049061702","HU","7049037682","","E","",11,"nem","nem"
"D","20","HU","7049071077","2020","2","HU","7049048820","HU","7049041711","","a","",11,"nem","nem"
"D","20","HU","7049070881","2020","2","HU","7049048820","HU","7049041807",6673952,"B",2,11,"nem","igen"
"D","20","HU","7049066752","2020","1","HU","7019112133","HU","7049048549",8852407,"K","",11,"nem","nem"
"D","20","HU","7049070683","2020","1","HU","7049048820","HU","7049048721","","K","",11,"nem","nem"
"D","20","HU","7049070401","2020","2","HU","7049061702","HU","7049057686","","a","",11,"nem","nem"
"D","20","HU","7049070498","2020","2","HU","7049061702","HU","7049057756","","a","",11,"nem","nem"
"D","20","HU","7049070638","2020","1","HU","7043035206","HU","7049062208","","E","",11,"nem","nem"
"D","20","HU","7049070641","2020","2","HU","7043035206","HU","7049062208","","E","",11,"nem","nem"
"D","20","HU","7049070993","2020","1","HU","7019112133","HU","7049062336","","k","",11,"nem","nem"
"D","20","HU","7043045638","2020","1","HU","7050053497","HU","7043024349","","k","",11,"nem","nem"
"D","20","HU","7043045555","2020","2","HU","7050053497","HU","7043034883",8800725,"B","",11,"nem","igen"
"D","20","HU","7043045584","2020","2","HU","7043035628","HU","7043034937",1318221,"A",2,11,"nem","igen"
"D","20","HU","7043045683","2020","2","HU","7043035628","HU","7043035657","","B",2,11,"nem","nem"
"D","20","HU","7043045795","2020","2","HU","7050053497","HU","7043034908",8800725,"A","",11,"nem","igen"
"D","20","HU","7043045724","2020","1","HU","7043035628","HU","7043035602","","E","",11,"nem","nem"
"D","20","HU","7065021544","2020","2","HU","7019136904","HU","7049048776","","E","",11,"nem","nem"
"D","20","HU","7065021557","2020","2","HU","7019136904","HU","7049048776","","E","",11,"nem","nem"
"D","20","HU","7065021614","2020","2","HU","7019136904","HU","7049048862","","E","",11,"nem","nem"
"D","20","HU","7082002070","2020","2","HU","7043036463","HU","7019123298","","a","",11,"nem","nem"
"D","20","HU","7049071105","2020","2","HU","7043035206","HU","7049057743","","a","",11,"nem","nem"
"D","20","HU","7082002210","2020","1","HU","7043036463","HU","7019123061","","a","",11,"nem","nem"
"D","20","HU","7082002278","2020","1","HU","7043036463","HU","7019088049","","k","",11,"nem","nem"
"D","20","HU","7065015004","2019","1","","","","","","B","",11,"nem","nem"
"D","20","HU","7067031086","2020","2","HU","7019127797","HU","7019127375",6737115,"A",1,11,"nem","igen"
"D","20","HU","7067031172","2020","1","HU","7019127797","HU","7019128066","","E","",11,"nem","nem"
"D","20","HU","7019140484","2020","2","HU","7019137046","HU","7019122664","","a","",11,"nem","nem"
"D","20","HU","7019140749","2020","2","HU","7019136751","HU","7019079296","","a","",11,"nem","nem"
"D","20","HU","7019092631","2020","1","HU","7019136751","HU","7019137145","","E","",11,"nem","nem"
"D","20","HU","7019140765","2020","2","HU","7019136751","HU","7019091726","","A","",11,"nem","nem"
"D","20","HU","7019140778","2020","2","HU","7019136751","HU","7019091726","","A",1,11,"nem","nem"
"D","20","HU","7019145124","2020","2","HU","7019136751","HU","7019092277","","b",2,11,"nem","nem"
"D","20","HU","7019135721","2020","1","HU","7019136988","HU","7019122961","","A","",11,"nem","nem"
"D","20","HU","7043045018","2020","1","HU","7043035628","HU","7043033811","","k","",11,"nem","nem"
"D","20","HU","7043045034","2020","2","HU","7043035628","HU","7043033811","","a","",11,"nem","nem"
"D","2000","HU","7043045498","2020","2","HU","7043035628","HU","7043024419",8800725,"E","",11,"nem","nem"
"D","20","HU","7083003096","2020","2","HU","7050063519","HU","7025048538","","E","",11,"nem","nem"
"D","20","HU","7083003377","2020","2","HU","7050063519","HU","7050094975","","x","",11,"nem","nem"
"D","20","HU","7083003294","2020","1","HU","7050063519","HU","7050095215","","E","",11,"nem","nem"
"D","20","HU","7043046233","2020","2","HU","7043035628","HU","7043023054","","E","",11,"nem","nem"
"D","20","HU","7030085922","2016","2","","","","","","","",11,"nem","nem"
"D","20","HU","7049076618","2021","2","HU","7049068978","HU","7049035185",4665472,"B",1,11,"nem","igen"
"D","20","HU","7049071259","2021","2","HU","7049065991","HU","7049041597",1145467,"A",1,11,"nem","nem"
"D","20","HU","7049071262","2021","2","HU","7049065991","HU","7049041597",6810207,"A",1,11,"nem","nem"
"D","20","HU","7049076171","2021","2","HU","7049065991","HU","7049041737",7752955,"a",2,11,"nem","nem"
"D","20","HU","7049071192","2021","1","HU","7019135552","HU","7049048549","","k","",11,"nem","nem"
"D","20","HU","7049075998","2021","2","HU","7049065991","HU","7049048635","","a",1,11,"nem","nem"
"D","20","HU","7049076270","2021","2","HU","7049065991","HU","7049048651",1145467,"A",2,11,"nem","nem"
"D","20","HU","7049076184","2021","1","HU","7049065991","HU","7049048721","","k","",11,"nem","nem"
"D","20","HU","7049076548","2021","1","HU","7019135552","HU","7049057602","","a","",11,"nem","nem"
"D","20","HU","7049071217","2021","1","HU","7049065991","HU","7049057756","","a","",11,"nem","nem"
"D","20","HU","7049076027","2021","2","HU","7019135552","HU","7049062000","","x","",11,"nem","nem"
"D","20","HU","7049076395","2021","1","HU","7019135552","HU","7049062068",8907143,"K","",11,"nem","nem"
"D","20","HU","7049076238","2021","2","HU","7049068978","HU","7049066116","","a",3,11,"nem","nem"
"D","20","HU","7049076337","2021","2","HU","7049061702","HU","7049066132",2296751,"A",2,11,"nem","nem"
"D","20","HU","7083006507","2021","1","HU","7025048822","HU","7050099839","","K","",11,"nem","nem"
"D","20","HU","7083006325","2021","1","HU","7025048822","HU","7050099842","","k","",11,"nem","nem"
"D","20","HU","7065023658","2021","1","HU","7019136904","HU","7049048862","","E","",11,"nem","nem"
"D","20","HU","7067044763","2021","2","HU","7019082973","HU","7019127362","","a","",11,"nem","nem"
"D","20","HU","7067044747","2021","1","HU","7019082973","HU","7019128321",8215035,"K","",11,"nem","igen"
"D","20","HU","7043047656","2021","2","HU","7043035628","HU","7043024336","","a","",11,"nem","nem"
"D","20","HU","7043047474","2021","1","HU","7043035628","HU","7043030665","","a","",11,"nem","nem"
"D","20","HU","7043047544","2021","1","HU","7019123722","HU","7043035277","","a","",11,"nem","nem"
"D","20","HU","7043047458","2021","2","HU","7043035628","HU","7043035347",1318221,"A",2,11,"nem","igen"
"D","20","HU","7043047528","2021","1","HU","7019123722","HU","7043042156","","E","",11,"nem","nem"
"D","20","HU","7043047698","2021","1","HU","7019123722","HU","7043035305","","a","",11,"nem","nem"
"D","20","HU","7043047742","2021","2","HU","7019123722","HU","7043040729",1318221,"b",1,11,"nem","igen"
"D","2001","HU","7043047937","2021","2","HU","7019123722","HU","7043023575",1318221,"B",2,11,"nem","igen"
"D","20","HU","7043049012","2021","1","HU","7043035628","HU","7043033259","","k","",11,"nem","nem"
"D","20","HU","7034086846","2021","1","HU","7049066075","HU","7043045849","","E","",11,"nem","nem"
"D","20","HU","7019144628","2017","1","","","","","","B","",11,"nem","nem"
"D","20","HU","7043044301","2021","1","HU","7043036645","HU","7031020317","","k","",11,"nem","nem"
"D","20","HU","7043044257","2021","2","HU","7043036645","HU","7043030355","","E","",11,"nem","nem"
"D","20","HU","7043043706","2021","1","HU","7043036645","HU","7003051314","","x","",11,"nem","nem"
"D","20","HU","7043044075","2021","1","HU","7043036645","HU","7043030144","","x","",11,"nem","nem"
"D","20","HU","7043043933","2021","2","HU","7043036645","HU","7043030272","","x","",11,"nem","nem"
"D","20","HU","7043049207","2021","2","HU","7019123722","HU","7043030818",1318221,"B",1,11,"nem","igen"
"D","20","HU","7043049166","2021","2","HU","7043035628","HU","7043035136","","a","",11,"nem","nem"
"D","20","HU","7043049322","2021","2","HU","7043035628","HU","7043035772","","b","",11,"nem","nem"
"D","20","HU","7043049182","2021","1","HU","7043035628","HU","7043041775","","E","",11,"nem","nem"
"D","20","HU","7043043751","2021","2","HU","7043036645","HU","7043036562","","E","",11,"nem","nem"
"D","20","HU","7067044804","2021","1","HU","7019082973","HU","7019076363","","k","",11,"nem","nem"
"D","20","HU","7067031073","2021","1","HU","7019082973","HU","7019126907","","a","",11,"nem","nem"
"D","20","HU","7067031242","2021","2","HU","7019082973","HU","7019127065",6737115,"A",2,11,"nem","igen"
"D","20","HU","7067044859","2021","2","HU","7019082973","HU","7019127700",6737115,"a",2,11,"nem","nem"
"D","20","HU","7083006721","2021","2","HU","7019135523","HU","7050087687","","b","",11,"nem","nem"
"D","20","HU","7043049351","2021","1","HU","7043042271","HU","7043023591","","k","",11,"nem","nem"
"D","20","HU","7043049489","2021","2","HU","7043042271","HU","7043023843","","a","",11,"nem","nem"
"D","20","HU","7043049364","2021","2","HU","7043042271","HU","7043041829",7037085,"E","",11,"nem","nem"
"D","20","HU","7043049335","2021","2","HU","7043042271","HU","7043044752","","a","",11,"nem","nem"
"D","20","HU","7043049559","2021","2","HU","7019123722","HU","7043021221",1318221,"B",3,11,"nem","igen"
"D","20","HU","7043049616","2021","1","HU","7043035628","HU","7043029878","","E","",11,"nem","nem"
"D","20","HU","7043049645","2021","1","HU","7043035628","HU","7043042859","","k","",11,"nem","nem"
"D","20","HU","7025066923","2016","2","","","","","","E","",11,"nem","nem"
"D","20","HU","7025066949","2016","2","","","","","","E","",11,"nem","nem"
"D","20","HU","7019145504","2021","2","HU","7049062448","HU","7019140046","","b",2,11,"nem","nem"
"D","20","HU","7025090960","2021","1","HU","7050087070","HU","7050068035","","E","",11,"nem","nem"
"D","2000","HU","7025090858","2021","1","HU","7049061900","HU","7050079017","","E","",11,"nem","nem"
"D","20","HU","7025090928","2021","1","HU","7050087070","HU","7050085304","","E","",11,"nem","nem"
"D","20","HU","7025090931","2021","1","HU","7050087070","HU","7050085304","","E","",11,"nem","nem"
"D","20","HU","7025091028","2021","1","HU","7050079752","HU","7050085531","","E","",11,"nem","nem"
"D","20","HU","7025090803","2021","2","HU","7050087070","HU","7050087153",4665472,"B",1,11,"nem","igen"
"D","20","HU","7049082442","2022","2","HU","7019135552","HU","7049070724","","E","",11,"nem","nem"
"D","20","HU","7067044510","2022","1","HU","7067030858","HU","7019128602",8215035,"E","",11,"nem","igen"
"D","20","HU","7033109863","2022","2","HU","7019088106","HU","7049057462",1244991,"A",1,11,"nem","igen"
"D","20","HU","7030103013","2022","2","HU","7019088106","HU","7049062211",1244991,"B",2,11,"nem","igen"
"D","20","HU","7043049872","2022","1","HU","7043042271","HU","7043035277","","E","",11,"nem","nem"
"D","20","HU","7043049731","2022","2","HU","7043035628","HU","7043035347","","a","",11,"nem","nem"
"D","20","HU","7043049830","2022","1","HU","7043042271","HU","7043040703","","a","",11,"nem","nem"
"D","20","HU","7043049801","2022","2","HU","7043035628","HU","7043043582","","E","",11,"nem","nem"
"D","20","HU","7043049955","2022","2","HU","7043042271","HU","7043035673","","a","",11,"nem","nem"
"D","20","HU","7043051433","2022","2","HU","7043035628","HU","7043044707","","E","",11,"nem","nem"
"D","20","HU","7043051587","2022","1","HU","7043035628","HU","7043035800","","E","",11,"nem","nem"
"D","20","HU","7043051558","2022","1","HU","7043042271","HU","7043040729","","k","",11,"nem","nem"
"D","20","HU","7043051657","2022","1","HU","7043042271","HU","7043045609","","a","",11,"nem","nem"
"D","20","HU","7034090355","2022","2","HU","7049071019","HU","7043045401",8800725,"B","",11,"nem","igen"
"D","20","HU","7034090272","2022","2","HU","7049071019","HU","7043045427",8800725,"A","",11,"nem","igen"
"D","20","HU","7049082231","2022","2","HU","7049065991","HU","7049041584","","a","",11,"nem","nem"
"D","20","HU","7049081665","2022","1","HU","7049065991","HU","7049048651",1421615,"K","",11,"nem","nem"
"D","20","HU","7049081678","2022","2","HU","7049065991","HU","7049048651",4665472,"A",2,11,"nem","igen"
"D","20","HU","7049081748","2022","2","HU","7049065991","HU","7049048693",6809825,"A","",11,"nem","igen"
"D","20","HU","7049081876","2022","2","HU","7043045641","HU","7049057686",4665472,"A",1,11,"nem","igen"
"D","20","HU","7049081623","2022","1","HU","7043045641","HU","7049062208",9945276,"A","",11,"nem","nem"
"D","20","HU","7049082174","2022","2","HU","7043045641","HU","7049066116",7752955,"E","",11,"nem","nem"
"D","20","HU","7049081722","2022","2","HU","7049070427","HU","7049076267",4665472,"A",1,11,"nem","igen"
"D","20","HU","7067044619","2022","1","HU","7067030858","HU","7019076644","","K","",11,"nem","nem"
"D","20","HU","7067044664","2022","2","HU","7067030858","HU","7019077070",6737115,"A",2,11,"nem","igen"
"D","20","HU","7025074283","2018","2","","","","","","E","",11,"nem","nem"
"D","20","HU","7025074308","2018","2","","","","","","E","",11,"nem","nem"
"D","20","HU","7067044325","2022","2","HU","7067030858","HU","7067031309","","E","",11,"nem","nem"
"D","20","HU","7032036517","2022","2","HU","7019144631","HU","7019111848","","a","",11,"nem","nem"
"D","20","HU","7083011512","2022","1","HU","7019135523","HU","7019111682","","E","",11,"nem","nem"
"D","20","HU","7083011299","2022","2","HU","7019135523","HU","7025048583","","a","",11,"nem","nem"
"D","20","HU","7083011273","2022","2","HU","7019135523","HU","7050087559",6880549,"B","",11,"nem","igen"
"D","20","HU","7019149748","2022","2","HU","7019135747","HU","7019111947","","x","",11,"nem","nem"
"D","20","HU","7043051798","2022","1","HU","7043042271","HU","7043035631","","E","",11,"nem","nem"
"D","20","HU","7043051800","2022","1","HU","7043042271","HU","7043042156","","x","",11,"nem","nem"
"D","20","HU","7043051983","2022","1","HU","7043035628","HU","7043033514","","a","",11,"nem","nem"
"D","20","HU","7043052038","2022","2","HU","7043035628","HU","7043033585",1318221,"a",1,11,"nem","igen"
"D","20","HU","7043052009","2022","1","HU","7043035628","HU","7043035756","","E","",11,"nem","nem"
"D","20","HU","7043051925","2022","1","HU","7043042271","HU","7043041829","","x","",11,"nem","nem"
"D","20","HU","7043051996","2022","1","HU","7043042271","HU","7043041902","","x","",11,"nem","nem"
"D","20","HU","7043052012","2022","2","HU","7043042271","HU","7043045683","","b","",11,"nem","nem"
"D","20","HU","7043052025","2022","2","HU","7043042271","HU","7043045683","","b","",11,"nem","nem"
"D","20","HU","7025097558","2022","1","HU","7049061900","HU","7050078821","","E","",11,"nem","nem"
"D","20","HU","7043052166","2022","2","HU","7043042271","HU","7043033569",6964151,"a","",11,"nem","nem"
"D","2000","HU","7043052223","2022","2","HU","7043035628","HU","7043040873","","b","",11,"nem","nem"
"D","20","HU","7019149537","2022","2","HU","7049066145","HU","7019135028","","E","",11,"nem","nem"
"D","20","HU","7019145616","2022","1","HU","7019144628","HU","7019140046","","k","",11,"nem","nem"
"D","20","HU","7019149678","2022","2","HU","7049066145","HU","7019122648",7752955,"a","",11,"nem","nem"
"D","20","HU","7019149946","2022","2","HU","7019135747","HU","7019140190",7752955,"a","",11,"nem","nem"
"D","20","HU","7019149665","2022","2","HU","7049066145","HU","7049061830",7752955,"a","",11,"nem","nem"
"D","20","HU","7019149920","2022","2","HU","7019136988","HU","7019122961","","a","",11,"nem","nem"
"D","20","HU","7019149889","2022","2","HU","7049066145","HU","7019135255",7752955,"a","",11,"nem","nem"
"D","20","HU","7043052096","2022","1","HU","7043042271","HU","7043046163","","E","",11,"nem","nem"
"D","20","HU","7083009993","2022","2","HU","7050085627","HU","7049065748",6690319,"A",2,11,"nem","igen"
"D","20","HU","7083011257","2022","1","HU","7050085627","HU","7049066129","","k","",11,"nem","nem"
"D","20","HU","7049088521","2023","2","HU","7067031028","HU","7049037710",4455950,"a","",11,"nem","nem"
"D","20","HU","7049088480","2023","1","HU","7049065991","HU","7049066695","","k","",11,"nem","nem"
"D","201","HU","7083011765","2022","1","HU","7049070849","HU","7077009998","","E","",11,"nem","nem"
"D","201","HU","7083011781","2022","2","HU","7049070849","HU","7077009998","","E","",11,"nem","nem"
"D","20","HU","7025077570","2022","2","HU","7050087702","HU","7025073112","","b","",11,"nem","nem"
"D","20","HU","7049088422","2023","2","HU","7049065991","HU","7049070737",6977948,"a","",11,"nem","igen"
"D","20","HU","7049088617","2023","1","HU","7067031028","HU","7049071035","","k","",11,"nem","nem"
"D","20","HU","7049082541","2023","1","HU","7067031028","HU","7049076506","","E","",11,"nem","nem"
"D","202","HU","7020223767","2023","2","HU","7019135721","HU","7020212699","","E","",11,"nem","nem"
"D","20","HU","7020223770","2023","2","HU","7019135721","HU","7043036421","","x","",11,"nem","nem"
"D","20","HU","7020219287","2023","1","HU","7019135721","HU","7043043681","","E","",11,"nem","nem"
"D","20","HU","7034087074","2023","2","HU","7049071019","HU","7043045922",8800725,"A","",11,"nem","igen"
"D","20","HU","7067044156","2023","2","HU","7067031367","HU","7019082845",6737115,"a","",11,"nem","nem"
"D","20","HU","7067044073","2023","2","HU","7067031367","HU","7019082845",6737115,"a","",11,"nem","nem"
"D","20","HU","7019123805","2023","2","HU","7067044817","HU","7019140132","","a","",11,"nem","nem"
"D","20","HU","7019135453","2023","2","HU","7049062448","HU","7049075998","","b","",11,"nem","nem"
"D","20","HU","7083015008","2023","2","HU","7049070849","HU","7049066822",6673952,"A","",11,"nem","igen"
"D","201","HU","7083014966","2023","2","HU","7049070849","HU","7077010660",6962278,"E","",11,"nem","nem"
"D","20","HU","7083015264","2023","1","HU","7050085627","HU","7049076308","","k","",11,"nem","nem"
"D","20","HU","7033109834","2023","1","HU","7030102939","HU","7043046035",9927513,"A","",11,"nem","nem"
"D","20","HU","7033114443","2023","2","HU","7030102939","HU","7049062211","","b","",11,"nem","nem"
"D","20","HU","7034095503","2023","1","HU","7043035628","HU","7019123326",6997575,"K","",11,"nem","nem"
"D","201","HU","7034095446","2023","2","HU","7043035628","HU","7077009985","","E","",11,"nem","nem"
"D","20","HU","7043054650","2023","2","HU","7049076410","HU","7043024422","","a","",11,"nem","nem"
"D","20","HU","7043054720","2023","1","HU","7043042271","HU","7043030649","","a","",11,"nem","nem"
"D","20","HU","7043054746","2023","2","HU","7043042271","HU","7043030649","","a","",11,"nem","nem"
"D","20","HU","7043054366","2023","1","HU","7049076410","HU","7043035347","","a","",11,"nem","nem"
"D","20","HU","7043054692","2023","2","HU","7049076410","HU","7043038085","","b","",11,"nem","nem"
"D","20","HU","7043054775","2023","1","HU","7043042271","HU","7043040729","","k","",11,"nem","nem"
"D","20","HU","7043054621","2023","1","HU","7049076410","HU","7043040790","","E","",11,"nem","nem"
"D","2000","HU","7043054522","2023","1","HU","7043042271","HU","7043042213","","k","",11,"nem","nem"
"D","20","HU","7043054340","2023","1","HU","7049076410","HU","7043043537","","E","",11,"nem","nem"
"D","20","HU","7049082570","2023","2","HU","7049068978","HU","7049062071",4455950,"a","",11,"nem","nem"
"D","20","HU","7049088109","2023","2","HU","7049068978","HU","7049065719",4455950,"a","",11,"nem","nem"
"D","20","HU","7049088084","2023","2","HU","7049068978","HU","7049066132",4455950,"a","",11,"nem","nem"
"D","20","HU","7067056832","2023","2","HU","7049076650","HU","7019091289","","a","",11,"nem","nem"
"D","2002","HU","7067056902","2023","2","HU","7067044817","HU","7019122622",6655815,"B",2,11,"nem","igen"
"D","20","HU","7067056931","2023","1","HU","7067044817","HU","7083003195","","B","",11,"nem","nem"
"D","20","HU","7019153145","2023","2","HU","7049062448","HU","7019122606",7752955,"a","",11,"nem","nem"
"D","20","HU","7019153132","2023","2","HU","7067044817","HU","7019140314",7752955,"a","",11,"nem","nem"
"D","20","HU","7019153231","2023","2","HU","7067044817","HU","7019140567",7752955,"b","",11,"nem","nem"
"D","20","HU","7019153398","2023","2","HU","7049062448","HU","7019122961",7752955,"a","",11,"nem","nem"
"D","20","HU","7019123511","2023","1","HU","7049076650","HU","7019140299","","k","",11,"nem","nem"
"D","20","HU","7019123566","2023","1","HU","7067044817","HU","7019140781","","E","",11,"nem","nem"
"D","20","HU","7049088860","2023","2","HU","7067031028","HU","7049048549",7114652,"a","",11,"nem","nem"
"D","20","HU","7083017729","2024","2","HU","7083003038","HU","7025048538",6880549,"a","",11,"nem","igen"
"D","20","HU","7083017831","2024","1","HU","7083003038","HU","7025048583",8760030,"K","",11,"nem","nem"
"D","20","HU","7083017787","2024","2","HU","7083003038","HU","7050094988","","a","",11,"nem","nem"
"D","20","HU","7083017659","2024","2","HU","7083003038","HU","7050095187",7109834,"a","",11,"nem","nem"
"D","20","HU","7083017732","2024","1","HU","7083003038","HU","7050099769","","a","",11,"nem","nem"
"D","20","HU","7083017761","2024","1","HU","7083003038","HU","7083006565","","a","",11,"nem","nem"
"D","20","HU","7083017688","2024","2","HU","7083003038","HU","7083006718",6880549,"a","",11,"nem","igen"
"D","20","HU","7083015590","2023","1","HU","7083006297","HU","7025048596","","k","",11,"nem","nem"
"D","20","HU","7083015686","2023","1","HU","7083006297","HU","7050038443","","k","",11,"nem","nem"
"D","20","HU","7083015587","2023","2","HU","7083006297","HU","7050087559","","b","",11,"nem","nem"
"D","20","HU","7083015561","2023","1","HU","7083006297","HU","7050099756","","x","",11,"nem","nem"
"D","20","HU","7083015420","2023","2","HU","7083006297","HU","7083006411","","E","",11,"nem","nem"
"D","20","HU","7083015433","2023","2","HU","7083006297","HU","7083006411",6880549,"A","",11,"nem","igen"
"D","20","HU","7083015491","2023","2","HU","7083006297","HU","7083006466","","E","",11,"nem","nem"
"D","20","HU","7083015404","2023","2","HU","7083006297","HU","7083006721",6880549,"B","",11,"nem","igen"
"D","20","HU","7025097839","2023","2","","","","",6962278,"E","",11,"nem","nem"
"D","20","HU","7025101408","2023","1","","","","","","E","",11,"nem","nem"
"D","20","HU","7025100915","2023","1","","","","","","E","",11,"nem","nem"
"D","20","HU","7025100902","2023","1","","","","","","E","",11,"nem","nem"
"D","20","HU","7025101101","2023","2","","","","",4665472,"E","",11,"nem","nem"
"D","20","HU","7049093044","2024","2","HU","7067031028","HU","7049041584",1145467,"a","",11,"nem","nem"
"D","20","HU","7049092944","2024","1","HU","7019135552","HU","7049048651",7752955,"K","",11,"nem","nem"
"D","20","HU","7049093057","2024","1","HU","7049065991","HU","7049062068","","K","",11,"nem","nem"
"D","20","HU","7049093198","2024","1","HU","7067031028","HU","7049062167",8734923,"K","",11,"nem","nem"
"D","20","HU","7049093200","2024","1","HU","7067031028","HU","7049062167","","a","",11,"nem","nem"
"D","20","HU","7033118830","2024","1","HU","7030102939","HU","7049062211",6717766,"K","",11,"nem","nem"
"D","20","HU","7033118843","2024","2","HU","7030102939","HU","7049062211",1244991,"b","",11,"nem","igen"
"D","20","HU","7049092478","2024","1","HU","7049065991","HU","7049066851","","a","",11,"nem","nem"
"D","20","HU","7049092845","2024","1","HU","7067031028","HU","7049071262","","E","",11,"nem","nem"
"D","20","HU","7049092650","2024","2","HU","7067031028","HU","7049076478",1145467,"a","",11,"nem","igen"
"D","20","HU","7049092593","2024","1","HU","7019135552","HU","7049081636",6898742,"K","",11,"nem","nem"
"D","20","HU","7049093255","2024","1","HU","7067031028","HU","7049082215","","x","",11,"nem","nem"
"D","20","HU","7034090566","2024","1","HU","7049070894","HU","7043046051","","A","",11,"nem","nem"
"D","20","HU","7091000195","2023","2","HU","7049076410","HU","7043033585","","a","",11,"nem","nem"
"D","20","HU","7091000038","2023","1","HU","7049076410","HU","7043047487","","E","",11,"nem","nem"
"D","20","HU","7083017464","2024","2","HU","7049081889","HU","7083006888",6690319,"E","",11,"nem","igen"
"D","20","HU","7083017448","2024","2","HU","7049081889","HU","7083006891",6690319,"a","",11,"nem","igen"
"D","20","HU","7083017419","2024","2","HU","7049081889","HU","7083006916",6690319,"a","",11,"nem","igen"
"D","20","HU","7034098845","2024","1","HU","7049071019","HU","7034090285","","E","",11,"nem","nem"
"D","202","HU","7020228308","2024","2","HU","7019135721","HU","7020212699","","E","",11,"nem","nem"
"D","202","HU","7020228311","2024","1","HU","7019135721","HU","7020212699",6729882,"E","",11,"nem","nem"
"D","20","HU","7020228535","2024","1","HU","7019135721","HU","7020212785","","E","",11,"nem","nem"
"D","20","HU","7020228519","2024","2","HU","7019135721","HU","7020219373","","b","",11,"nem","nem"
"D","20","HU","7083018209","2024","2","HU","7049070849","HU","7049066822",6673952,"a","",11,"nem","igen"
"D","20","HU","7083018308","2024","2","HU","7049070849","HU","7049066822",6673952,"a","",11,"nem","igen"
"D","20","HU","7083018212","2024","2","HU","7049081607","HU","7049070881",6673952,"b","",11,"nem","igen"
"D","201","HU","7083018100","2024","2","HU","7049081607","HU","7077010631",6673952,"E","",11,"nem","igen"
"D","201","HU","7083018126","2024","1","HU","7049081607","HU","7077010660","","E","",11,"nem","nem"
"D","20","HU","7034095587","2024","2","HU","7043035628","HU","7019122578",6809825,"a","",11,"nem","igen"
"D","20","HU","7034102766","2024","2","HU","7043035628","HU","7019123326","","a","",11,"nem","nem"
"D","20","HU","7067055969","2024","1","HU","7067043931","HU","7019126796",8215035,"E","",11,"nem","igen"
"D","20","HU","7067055927","2024","1","HU","7067043931","HU","7067030861",8215035,"E","",11,"nem","igen"
"D","20","HU","7034098717","2024","1","HU","7049071019","HU","7043045430",9941867,"A","",11,"nem","nem"
"D","20","HU","7067055732","2023","1","HU","7067031367","HU","7067043902","","E","",11,"nem","nem"
"D","20","HU","7067055815","2023","1","HU","7067031367","HU","7067044424","","E","",11,"nem","nem"
"D","20","HU","7067055729","2023","1","HU","7067031367","HU","7067044859","","k","",11,"nem","nem"
"D","20","HU","7067059710","2024","2","HU","7049062448","HU","7019122664",6655815,"a","",11,"nem","igen"
"D","20","HU","7067059624","2024","2","HU","7049062448","HU","7067056829",6655815,"a","",11,"nem","igen"
"D","2000","HU","7067059653","2024","2","HU","7049062448","HU","7067056902",6655815,"b","",11,"nem","igen"
"D","20","HU","7067056209","2024","2","HU","7067031367","HU","7019056330",6737115,"a","",11,"nem","igen"
"D","20","HU","7067056014","2024","1","HU","7067031367","HU","7019083479",8215035,"k","",11,"nem","igen"
"D","20","HU","7067055857","2024","2","HU","7067031367","HU","7019128149",6737115,"a","",11,"nem","igen"
"D","20","HU","7067056030","2024","1","HU","7067031367","HU","7067044664","","K","",11,"nem","nem"
"D","20","HU","7067056069","2024","1","HU","7067031367","HU","7067044776",8215035,"A","",11,"nem","igen"
"D","20","HU","7091000348","2024","1","HU","7049076410","HU","7043044752","","k","",11,"nem","nem"
"D","2000","HU","7091004032","2024","2","HU","7049076410","HU","7043040873",1318221,"b","",11,"nem","igen"
"D","20","HU","7091003932","2024","1","HU","7030103000","HU","7043045881","","k","",11,"nem","nem"
"D","20","HU","7091004483","2024","2","HU","7030103000","HU","7043033585","","E","",11,"nem","nem"
"D","20","HU","7091004272","2024","2","HU","7030103000","HU","7043049009","","E","",11,"nem","nem"
"D","20","HU","7091004285","2024","2","HU","7049076410","HU","7043049559","","E","",11,"nem","nem"
"D","20","HU","7091004355","2024","1","HU","7030103000","HU","7043054296","","E","",11,"nem","nem"
"D","20","HU","7091004368","2024","1","HU","7030103000","HU","7043054296","","E","",11,"nem","nem"
"D","20","HU","7091004384","2024","2","HU","7030103000","HU","7043054311","","E","",11,"nem","nem"
"D","20","HU","7025104609","2025","2","HU","7083003038","HU","7025092946",4665472,"x","",11,"nem","igen"
"D","20","HU","7025104430","2025","1","HU","7050079752","HU","7049076100",4665472,"x","",11,"nem","igen"
"D","20","HU","7025104414","2025","1","HU","7050079752","HU","7049076209",4665472,"x","",11,"nem","igen"
"D","20","HU","7025104740","2025","2","HU","7050079752","HU","7049076618",4665472,"x","",11,"nem","igen"
"D","20","HU","7025104779","2025","2","HU","7083003038","HU","7049076676",4665472,"x","",11,"nem","igen"
"D","20","HU","7025104568","2025","1","HU","7050079752","HU","7049081678",4665472,"x","",11,"nem","igen"
"D","20","HU","7025104906","2025","2","HU","7050079752","HU","7049082314",4665472,"x","",11,"nem","igen"
"D","20","HU","7025104399","2025","1","HU","7083003038","HU","7050063155",4665472,"x","",11,"nem","igen"
"D","20","HU","7025104641","2025","2","HU","7083003038","HU","7050078227",4665472,"x","",11,"nem","igen"
"D","20","HU","7033121041","2025","1","HU","7049088576","HU","7030103013",1244991,"K","",11,"nem","igen"
"D","20","HU","7033120996","2025","2","HU","7049088576","HU","7033109863",1244991,"a","",11,"nem","igen"
"D","20","HU","7033121012","2025","2","HU","7049088576","HU","7043046035",1244991,"a","",11,"nem","igen"
"D","20","HU","7033121166","2025","2","HU","7049088576","HU","7049057462","","a","",11,"nem","nem"
"D","20","HU","7033121108","2025","2","HU","7049088576","HU","7049066260",1244991,"a","",11,"nem","igen"
"D","20","HU","7049097374","2025","2","HU","7049088857","HU","7049066695","","b","",11,"nem","nem"
"D","20","HU","7049093495","2025","1","HU","7049088857","HU","7049066851","","a","",11,"nem","nem"
"D","20","HU","7049097415","2025","2","HU","7067031028","HU","7049071259","","a","",11,"nem","nem"
"D","20","HU","7049093440","2025","1","HU","7049088857","HU","7049075927","","a","",11,"nem","nem"
"D","20","HU","7049093523","2025","2","HU","7083015011","HU","7049088646","","b","",11,"nem","nem"
"D","20","HU","7067056436","2024","1","HU","7067031367","HU","7019128280",4481759,"K","",11,"nem","nem"
"D","20","HU","7067056168","2024","2","HU","7067031367","HU","7019082832",6737115,"a","",11,"nem","igen"
"D","20","HU","7067056324","2024","1","HU","7067031367","HU","7019128602",8215035,"E","",11,"nem","igen"
"D","20","HU","7067056382","2024","1","HU","7067031367","HU","7067031309",8215035,"A","",11,"nem","igen"
"D","20","HU","7034098829","2025","2","HU","7034087003","HU","7034086820",8800725,"a","",11,"nem","igen"
"D","20","HU","7034099028","2025","2","HU","7034087003","HU","7034086888",8800725,"a","",11,"nem","igen"
"D","20","HU","7078008714","2025","2","HU","7034087003","HU","7034087016",8800725,"a","",11,"nem","igen"
"D","20","HU","7078008912","2025","1","HU","7034087003","HU","7034087061","","E","",11,"nem","nem"
"D","20","HU","7034099169","2025","1","HU","7034087003","HU","7034087115","","k","",11,"nem","nem"
"D","20","HU","7078008730","2025","1","HU","7034087003","HU","7034090272","","a","",11,"nem","nem"
"D","20","HU","7078008660","2025","1","HU","7034087003","HU","7034090285","","k","",11,"nem","nem"
"D","20","HU","7078008699","2025","2","HU","7034087003","HU","7034090313",8800725,"a","",11,"nem","igen"
"D","20","HU","7078008826","2025","1","HU","7034087003","HU","7034090339","","a","",11,"nem","nem"
"D","20","HU","7034099114","2025","1","HU","7034087003","HU","7043045076","","a","",11,"nem","nem"
"D","20","HU","7034099198","2025","2","HU","7034087003","HU","7043045427",8800725,"a","",11,"nem","igen"
"D","20","HU","7078008855","2025","2","HU","7034087003","HU","7043045795",8800725,"a","",11,"nem","igen"
"D","20","HU","7034099130","2025","1","HU","7034087003","HU","7043045922","","a","",11,"nem","nem"
"D","20","HU","7067061272","2025","1","HU","7067031367","HU","7067030861",6737115,"a","",11,"nem","igen"
"D","20","HU","7067061326","2025","2","HU","7067031367","HU","7067044411",6737115,"a","",11,"nem","igen"
"D","20","HU","7083020352","2025","1","HU","7049081889","HU","7083010003","","k","",11,"nem","nem"
"D","201","HU","7083020998","2025","2","HU","7049081607","HU","7077009998",6673952,"E","",11,"nem","igen"
"D","201","HU","7083020815","2025","2","HU","7049081607","HU","7077010615",6673952,"E","",11,"nem","igen"
"D","20","HU","7083020617","2025","1","HU","7067055659","HU","7083011864","","k","",11,"nem","nem"
"D","20","HU","7083020646","2025","2","HU","7067055659","HU","7083011864",6673952,"a","",11,"nem","igen"
"D","20","HU","7083020857","2025","1","HU","7049081607","HU","7083015008",6963480,"a","",11,"nem","igen"
"D","20","HU","7091004649","2025","1","HU","7049076410","HU","7043034883","","k","",11,"nem","nem"
"D","2000","HU","7091004991","2025","1","HU","7049076410","HU","7043040873","","E","",11,"nem","nem"
"D","2000","HU","7091004579","2025","1","HU","7030103000","HU","7043042213","","k","",11,"nem","nem"
"D","2000","HU","7091004607","2025","2","HU","7030103000","HU","7043042213","","b","",11,"nem","nem"
"D","20","HU","7091004748","2025","2","HU","7030103000","HU","7043042284",1318221,"a","",11,"nem","igen"
"D","20","HU","7091004764","2025","2","HU","7030103000","HU","7043045852","","a","",11,"nem","nem"
"D","20","HU","7091005116","2025","1","HU","7030103000","HU","7043054564","","k","",11,"nem","nem"
"D","20","HU","7091004834","2025","1","HU","7030103000","HU","7043054816","","k","",11,"nem","nem"
"D","20","HU","7049097473","2025","2","HU","7083015011","HU","7049088815","","b","",11,"nem","nem"
"D","20","HU","7025101763","2024","2","HU","7067044817","HU","7025079642","","b","",11,"nem","nem"
"D","20","HU","7025101734","2024","2","HU","7067044817","HU","7025080132",4665472,"b","",11,"nem","igen"
"D","202","HU","7025102016","2024","2","HU","7067044817","HU","7025084673","","E","",11,"nem","nem"
"D","20","HU","7025104261","2024","2","HU","7049061702","HU","7025090791",4665472,"b","",11,"nem","igen"
"D","20","HU","7025101776","2024","2","HU","7050079752","HU","7049076100","","a","",11,"nem","nem"
"D","20","HU","7025104328","2024","1","HU","7067044817","HU","7049076689","","k","",11,"nem","nem"
"D","20","HU","7025104203","2024","2","HU","7050079752","HU","7049082129",4665472,"a","",11,"nem","igen"
"D","20","HU","7025104232","2024","1","HU","7067044817","HU","7050062646",4665472,"K","",11,"nem","igen"
"D","20","HU","7025101903","2024","1","HU","7049061702","HU","7050078227","","k","",11,"nem","nem"
"D","20","HU","7025104146","2024","1","HU","7049061702","HU","7050079228","","E","",11,"nem","nem"
"D","20","HU","7025102090","2024","2","HU","7049061702","HU","7050085544","","b","",11,"nem","nem"
"D","20","HU","7025102032","2024","2","HU","7049061702","HU","7050086011",4665472,"a","",11,"nem","igen"
"D","20","HU","7067056618","2024","1","HU","7067031367","HU","7019066069",8215035,"k","",11,"nem","igen"
"D","20","HU","7067061780","2024","2","HU","7067031367","HU","7019127700",6737115,"a","",11,"nem","igen"
"D","20","HU","7067061665","2024","1","HU","7067031367","HU","7019127982","","x","",11,"nem","nem"
"D","20","HU","7067061722","2024","2","HU","7067031367","HU","7067031130","","x","",11,"nem","nem"
"D","20","HU","7067061748","2024","1","HU","7067031367","HU","7067031185","","x","",11,"nem","nem"
"D","20","HU","7067061610","2024","2","HU","7067031367","HU","7067043915","","x","",11,"nem","nem"
"D","20","HU","7067061652","2024","1","HU","7067031367","HU","7067044705","","x","",11,"nem","nem"
"D","20","HU","7043055002","2024","2","HU","7030103000","HU","7043033811","","x","",11,"nem","nem"
"D","20","HU","7043054915","2024","1","HU","7049076410","HU","7043035462","","x","",11,"nem","nem"
"D","20","HU","7043054890","2024","1","HU","7030103000","HU","7043041816","","k","",11,"nem","nem"
"D","20","HU","7043055101","2024","2","HU","7030103000","HU","7043041829","","x","",11,"nem","nem"
"D","20","HU","7043055130","2024","1","HU","7030103000","HU","7043042817","","x","",11,"nem","nem"
"D","20","HU","7043054944","2024","1","HU","7049076410","HU","7043043582","","E","",11,"nem","nem"
"D","20","HU","7043055057","2024","2","HU","7049076410","HU","7043044778",1318221,"a","",11,"nem","igen"
"D","20","HU","7049097358","2025","2","HU","7049088857","HU","7049076337",1145467,"a","",11,"nem","igen"
"D","20","HU","7078009900","2025","2","HU","7043035628","HU","7019123131",6809825,"b","",11,"nem","igen"
"D","20","HU","7083021593","2025","2","HU","7083015334","HU","7050053413","","a","",11,"nem","nem"
"D","20","HU","7067061496","2025","1","HU","7067031367","HU","7067030973",6737115,"a","",11,"nem","igen"
"D","20","HU","7083021324","2025","2","HU","7083015334","HU","7050095187","","a","",11,"nem","nem"
"D","20","HU","7083021478","2025","2","HU","7083015334","HU","7083006411",6880549,"a","",11,"nem","igen"
"D","20","HU","7083021564","2025","2","HU","7083015334","HU","7083011273",6706311,"b","",11,"nem","nem"
"D","20","HU","7043041887","2018","1","HU","7050053497","HU","7043033811","","E","",11,"nem","nem"
"D","20","HU","7049048792","2016","1","HU","7043024240","HU","7049022185","","k","",11,"nem","nem"
"D","20","HU","7051038596","2015","1","HU","7019056327","HU","7051033364","","E","",11,"nem","nem"
"D","20","HU","7019076925","2012","2","HU","7019055991","HU","7019045994",5079108,"E","",11,"nem","nem"
"D","20","HU","7043030454","2015","1","HU","7019077137","HU","7031019942","","k","",11,"nem","nem"
"D","20","HU","7049066103","2019","2","HU","7019112133","HU","7049048619","","a","",11,"nem","nem"
"D","20","HU","7019091995","2018","1","HU","7049041849","HU","7019111781","","k","",11,"nem","nem"
"D","20","HU","7019112229","2018","2","HU","7049041849","HU","7019123003","","b","",11,"nem","nem"
"D","20","HU","7051036750","2014","1","HU","7019056327","HU","7051033377","","E","",11,"nem","nem"
"D","20","HU","7055025659","2011","2","HU","7045031242","HU","7031020362","","E","",11,"nem","nem"
"D","20","HU","7043042073","2018","1","HU","7050053497","HU","7043023827","","k","",11,"nem","nem"
"D","20","HU","7019060302","2010","2","HU","7019048364","HU","7019048322","","E","",11,"nem","nem"
"D","20","HU","7019127221","2016","1","HU","7019055991","HU","7019082692","","k","",11,"nem","nem"
"D","20","HU","7049062154","2018","1","HU","7049048820","HU","7049041711","","E","",11,"nem","nem"
"D","20","HU","7043037927","2018","1","HU","7019123722","HU","7043024196","","k","",11,"nem","nem"
"D","20","HU","7043025564","2014","1","HU","7036005834","HU","7045030704","","E","",11,"nem","nem"
"D","20","HU","7046024135","2006","2","","","","","","E","",11,"nem","nem"
"D","20","HU","7049066161","2019","1","HU","7049048820","HU","7049057756","","E","",11,"nem","nem"
"D","20","HU","7025079655","2019","2","HU","7050038401","HU","7050063155","","E","",11,"nem","nem"
"D","20","HU","7051041893","2016","1","HU","7019082647","HU","7051036792","","k","",11,"nem","nem"
"D","20","HU","7019140129","2019","2","HU","7050087728","HU","7019091250","","a","",11,"nem","nem"
"D","20","HU","7019136946","2018","2","HU","7019111749","HU","7019111765","","a","",11,"nem","nem"
"D","20","HU","7043029795","2015","1","HU","7011014507","HU","7009040620","","k","",11,"nem","nem"
"D","20","HU","7043033543","2016","1","HU","7019067622","HU","7043023942","","k","",11,"nem","nem"
"D","20","HU","7049061773","2018","2","HU","7050075550","HU","7049035172","","E","",11,"nem","nem"
"D","20","HU","7010041759","2002","2","","","","","","E","",11,"nem","nem"
"D","20","HU","7049066004","2019","1","HU","7043035206","HU","7049037653","","E","",11,"nem","nem"
"D","20","HU","7025079952","2019","1","HU","7050063519","HU","7050086574","","k","",11,"nem","nem"
"D","20","HU","7051043217","2017","2","HU","7019082647","HU","7051033364","","x","",11,"nem","nem"
"D","20","HU","7049062279","2018","2","HU","7049048820","HU","7049041584","","x","",11,"nem","nem"
"D","20","HU","7019076516","2012","1","HU","7030044556","HU","7019056413","","E","",11,"nem","nem"
"D","20","HU","7019067130","2011","1","HU","7019048380","HU","7019046557","","E","",11,"nem","nem"
"D","20","HU","7050075493","2016","2","HU","7019082647","HU","7050053554","","E","",11,"nem","nem"
"D","20","HU","7043030313","2015","2","HU","7043025449","HU","7003051442","","a","",11,"nem","nem"
"D","20","HU","7043041845","2019","2","HU","7019123722","HU","7043030649","","a","",11,"nem","nem"
"D","20","HU","7064000186","1999","2","","","HU","7064000074","","E","",11,"nem","nem"
"D","20","HU","7043042664","2019","1","HU","7019123722","HU","7043030904","","a","",11,"nem","nem"
"D","20","HU","7043023236","2012","1","HU","7011014507","HU","7004048128","","E","",11,"nem","nem"
"D","20","HU","7019082593","2014","1","HU","7019055991","HU","7019056385","","E","",11,"nem","nem"
"D","20","HU","7050079835","2018","1","HU","7019083127","HU","7050062688","","k","",11,"nem","nem"
"D","20","HU","7019056301","2011","2","","","","","","E","",11,"nem","nem"
"D","20","HU","7019035124","2010","1","HU","7011014507","HU","7004047903","","E","",11,"nem","nem"
"D","20","HU","7043034797","2017","1","HU","7019077137","HU","7043030355","","k","",11,"nem","nem"
"D","20","HU","7043034768","2017","1","HU","7019077137","HU","7043030508","","k","",11,"nem","nem"
"D","20","HU","7025079923","2019","2","HU","7050063519","HU","7050077987","","E","",11,"nem","nem"
"D","20","HU","7019088739","2019","2","HU","7049041849","HU","7019135028","","x","",11,"nem","nem"
"D","20","HU","7043041717","2019","1","HU","7050053497","HU","7043035136","","E","",11,"nem","nem"
"D","20","HU","7050099602","2019","2","HU","7019123579","HU","7050053413","","a","",11,"nem","nem"
"D","20","HU","7003051372","2011","1","HU","7045031242","HU","7031019827","","E","",11,"nem","nem"
"D","20","HU","7019088474","2019","2","HU","7019135213","HU","7019122594","","x","",11,"nem","nem"
"D","20","HU","7019045192","2008","2","","","","","","B","",11,"nem","nem"
"D","20","HU","7043037464","2017","1","HU","7050053497","HU","7043023942","","E","",11,"nem","nem"
"D","20","HU","7049041724","2015","1","HU","7049034506","HU","7049019721","","E","",11,"nem","nem"
"D","20","HU","7043042734","2019","1","HU","7050053497","HU","7043035446","","E","",11,"nem","nem"
"D","20","HU","7043035516","2017","1","HU","7050053497","HU","7043023843","","a","",11,"nem","nem"
"D","20","HU","7055025406","2012","1","HU","7045031242","HU","7031020164","","E","",11,"nem","nem"
"D","20","HU","7049061728","2018","2","HU","7050075550","HU","7049041641","","a","",11,"nem","nem"
"D","20","HU","7059004436","1997","2","","","","","","E","",11,"nem","nem"
"D","20","HU","7043033291","2016","2","HU","7050053497","HU","7043024451","","E","",11,"nem","nem"
"D","20","HU","7043033402","2016","1","HU","7019067622","HU","7043023054","","E","",11,"nem","nem"
"D","20","HU","7050099545","2019","1","HU","7019123579","HU","7050087546","","E","",11,"nem","nem"
"D","20","HU","7019092152","2018","1","HU","7049041852","HU","7019122606","","k","",11,"nem","nem"
"D","20","HU","7043029922","2015","1","HU","7019067622","HU","7043022884","","k","",11,"nem","nem"
"D","20","HU","7019111819","2018","2","HU","7049041849","HU","7019122974","","b","",11,"nem","nem"
"D","20","HU","7050099727","2019","2","HU","7050087702","HU","7050075563","","E","",11,"nem","nem"
"D","20","HU","7043041098","2019","1","HU","7019123722","HU","7043023559","","E","",11,"nem","nem"
"D","20","HU","7019076293","2012","1","","","HU","7024019430","","E","",11,"nem","nem"
"D","20","HU","7043025311","2013","1","HU","7045031242","HU","7045030650","","E","",11,"nem","nem"
"D","2001","HU","7043023856","2013","2","HU","7043021010","HU","7009039888","","E","",11,"nem","nem"
"D","20","HU","7019055917","2010","1","HU","7019052969","HU","7019053056","","K","",11,"nem","nem"
"D","20","HU","7025020718","2011","2","","","HU","7025030393","","E","",11,"nem","nem"
"D","20","HU","7043034474","2017","2","HU","7019077137","HU","7043030537","","b","",11,"nem","nem"
"D","20","HU","7031020320","2006","2","","","","","","E","",11,"nem","nem"
"D","20","HU","7003051611","2011","1","HU","7045031242","HU","7031020320","","E","",11,"nem","nem"
"D","20","HU","7043023616","2013","1","HU","7011014507","HU","7043019293","","E","",11,"nem","nem"
"D","20","HU","7050087140","2018","2","HU","7050038401","HU","7050068035","","E","",11,"nem","nem"
"D","20","HU","7049057798","2018","1","HU","7050075550","HU","7049019718","","E","",11,"nem","nem"
"D","20","HU","7043035194","2017","1","HU","7019067622","HU","7043023687","","k","",11,"nem","nem"
"D","20","HU","7019112555","2018","2","HU","7049041852","HU","7019123201","","x","",11,"nem","nem"
"D","20","HU","7043034193","2017","2","HU","7043024208","HU","7043030272","","b","",11,"nem","nem"
"D","20","HU","7043044806","2019","1","HU","7019123722","HU","7043033569","","a","",11,"nem","nem"
"D","20","HU","7051043220","2017","2","HU","7019082647","HU","7051036789","","x","",11,"nem","nem"
"D","20","HU","7050094876","2018","1","HU","7019123269","HU","7025048541","","x","",11,"nem","nem"
"D","20","HU","7019091854","2018","1","HU","7019111749","HU","7019091250","","k","",11,"nem","nem"
"D","20","HU","7050077958","2016","1","HU","7050038401","HU","7050063155","","E","",11,"nem","nem"
"D","20","HU","7065016782","2019","2","HU","7019091656","HU","7049048862","","b","",11,"nem","nem"
"D","20","HU","7025026644","2012","1","HU","7038021270","HU","7038021267","","E","",11,"nem","nem"
"D","20","HU","7051041921","2016","1","HU","7019082647","HU","7051033393","","E","",11,"nem","nem"
"D","20","HU","7043035743","2018","2","HU","7019123722","HU","7043021218","","b","",11,"nem","nem"
"D","20","HU","7050099615","2019","1","HU","7019123579","HU","7050053413","","a","",11,"nem","nem"
"D","20","HU","7049057516","2017","2","HU","7019112133","HU","7049041641","","E","",11,"nem","nem"
"D","20","HU","7043017572","2010","1","HU","7011014268","HU","7009039846","","E","",11,"nem","nem"
"D","20","HU","7031019757","2007","2","","","","","","E","",11,"nem","nem"
"D","20","HU","7019123719","2016","1","HU","7019091771","HU","7019079481","","E","",11,"nem","nem"
"D","20","HU","7043034528","2016","1","HU","7019077137","HU","7043025762","","E","",11,"nem","nem"
"D","20","HU","7043030199","2015","1","HU","7043025449","HU","7043025379","","E","",11,"nem","nem"
"D","20","HU","7019088502","2019","2","HU","7049041782","HU","7019122648","","x","",11,"nem","nem"
"D","20","HU","7019075979","2012","2","HU","7030044556","HU","7019053126","","E","",11,"nem","nem"
"D","20","HU","7019053069","2008","2","HU","7019052956","","","","B","",11,"nem","nem"
"D","20","HU","7031020739","2007","2","","","","","","E","",11,"nem","nem"
"D","20","HU","7049061687","2018","2","HU","7050075550","HU","7049041807","","E","",11,"nem","nem"
"D","20","HU","7026032109","2004","1","","","","","","B","",11,"nem","nem"
"D","20","HU","7049061843","2018","1","HU","7050075550","HU","7049037710","","E","",11,"nem","nem"
"D","20","HU","7019066720","2011","1","HU","7019048380","HU","7028010622","","E","",11,"nem","nem"
"D","20","HU","7019091768","2014","2","HU","7025030450","HU","7019067792","","a","",11,"nem","nem"
"D","20","HU","7043044103","2019","1","HU","7043024240","HU","7043034403","","k","",11,"nem","nem"
"D","20","HU","7019088812","2019","1","HU","7050087728","HU","7019135130","","x","",11,"nem","nem"
"D","20","HU","7043033275","2016","1","HU","7011014507","HU","7043029753","","E","",11,"nem","nem"
"D","20","HU","7019076996","2012","1","HU","7030044556","HU","7019055793","","E","",11,"nem","nem"
"D","20","HU","7025036878","2013","1","HU","7038020873","HU","7008075784","","E","",11,"nem","nem"
"D","20","HU","7038020972","2010","2","HU","7021005685","HU","7037002885","","E","",11,"nem","nem"
"D","20","HU","7019082759","2014","1","HU","7019055991","HU","7019076954","","k","",11,"nem","nem"
"D","20","HU","7019082902","2016","1","HU","7019091656","HU","7019052985","","k","",11,"nem","nem"
"D","2001","HU","7025080794","2019","2","HU","7050063519","HU","7050086516","","b","",11,"nem","nem"
"D","20","HU","7019091883","2018","2","HU","7049041849","HU","7019091391","","a","",11,"nem","nem"
"D","201","HU","7050053442","2014","1","HU","7050038399","HU","7025030405","","","",11,"nem","nem"
"D","20","HU","7043044765","2019","1","HU","7019123722","HU","7043030719","","a","",11,"nem","nem"
"D","20","HU","7019052972","2005","1","","","","","","B","",11,"nem","nem"
"D","2000","HU","7043035024","2016","2","HU","7019067622","HU","7043030863","","E","",11,"nem","nem"
"D","20","HU","7043037352","2017","1","HU","7050053497","HU","7043020402","","k","",11,"nem","nem"
"D","20","HU","7019094307","2018","1","HU","7049041849","HU","7019122804","","k","",11,"nem","nem"
"D","20","HU","7030036944","2010","1","","","HU","7030024271","","E","",11,"nem","nem"
"D","20","HU","7019112076","2018","1","HU","7049041849","HU","7019123032","","k","",11,"nem","nem"
"D","20","HU","7043036801","2019","1","HU","7043024240","HU","7043034346","","E","",11,"nem","nem"
"D","20","HU","7019127276","2016","1","HU","7019055991","HU","7019056413","","k","",11,"nem","nem"
"D","20","HU","7019076938","2012","1","HU","7019055991","HU","7024023949","","E","",11,"nem","nem"
"D","20","HU","7049065649","2019","1","HU","7019112133","HU","7049048565","","k","",11,"nem","nem"
"D","20","HU","7049041753","2015","1","HU","7049034506","HU","7049022198","","E","",11,"nem","nem"
"D","201","HU","7043021106","2011","2","HU","7011014507","HU","7043015752","","E","",11,"nem","nem"
"D","20","HU","7029001641","2000","2","","","","","","B","",11,"nem","nem"
"D","20","HU","7019123313","2016","1","HU","7019088119","HU","7019067606","","a","",11,"nem","nem"
"D","20","HU","7019066858","2011","2","HU","7019048380","HU","7019046573","","E","",11,"nem","nem"
"D","20","HU","7019067581","2012","1","HU","7019048380","HU","7019045585","","E","",11,"nem","nem"
"D","20","HU","7043035181","2017","1","HU","7019067622","HU","7043023591","","K","",11,"nem","nem"
"D","20","HU","7025080710","2019","1","HU","7050063519","HU","7050078821","","E","",11,"nem","nem"
"D","2001","HU","7043040844","2018","1","HU","7019123722","HU","7043023575","","E","",11,"nem","nem"
"D","20","HU","7050087083","2018","2","HU","7025048710","HU","7050063353","","b","",11,"nem","nem"
"D","20","HU","7043035660","2018","2","HU","7019123722","HU","7043024196","","a","",11,"nem","nem"
"D","20","HU","7043031020","2015","1","HU","7019067622","HU","7043015666","","k","",11,"nem","nem"
"D","20","HU","7064008366","2003","2","HU","7064007691","HU","7064000540","","E","",11,"nem","nem"
"D","20","HU","7019060472","2010","1","HU","7019048380","HU","7019042368","","E","",11,"nem","nem"
"D","20","HU","7019088234","2018","1","HU","7049041852","HU","7019123441","","E","",11,"nem","nem"
"D","20","HU","7043034669","2017","1","HU","7019077137","HU","7031020375","","k","",11,"nem","nem"
"D","20","HU","7049057251","2017","1","HU","7025048710","HU","7049035172","","E","",11,"nem","nem"
"D","20","HU","7043030959","2015","1","HU","7011014507","HU","7043022938","","E","",11,"nem","nem"
"D","20","HU","7025080905","2019","1","HU","7025048710","HU","7050085359","","k","",11,"nem","nem"
"D","20","HU","7055025518","2011","2","HU","7045031242","HU","7031019939","","E","",11,"nem","nem"
"D","20","HU","7043020879","2010","1","HU","7011014507","HU","7043015570","","B","",11,"nem","nem"
"D","20","HU","7019066506","2011","1","HU","7019048380","HU","7019048319","","E","",11,"nem","nem"
"D","20","HU","7019076082","2013","1","HU","7030044556","HU","7019066308","","E","",11,"nem","nem"
"D","20","HU","7049028053","2012","2","","","","","","E","",11,"nem","nem"
"D","20","HU","7019091416","2014","2","HU","7019067648","HU","7019066759","","b","",11,"nem","nem"
"D","20","HU","7043034911","2016","1","HU","7050053497","HU","7043031033","","k","",11,"nem","nem"
"D","20","HU","7019092008","2018","2","HU","7049041849","HU","7019111781","","b","",11,"nem","nem"
"D","20","HU","7043040675","2018","1","HU","7050053497","HU","7043023559","","E","",11,"nem","nem"
"D","20","HU","7003051426","2011","2","HU","7045031242","HU","7031020391","","E","",11,"nem","nem"
"D","20","HU","7043033527","2016","1","HU","7050053497","HU","7043023731","","E","",11,"nem","nem"
"D","20","HU","7043035686","2018","2","HU","7050053497","HU","7043021263","","a","",11,"nem","nem"
"D","20","HU","7050078892","2016","1","HU","7050038401","HU","7050062675","","k","",11,"nem","nem"
"D","20","HU","7043021065","2011","1","HU","7011014507","HU","7059006764","","E","",11,"nem","nem"
"D","20","HU","7019045600","2008","2","","","","","","B","",11,"nem","nem"
"D","20","HU","7019088643","2019","1","HU","7050087728","HU","7019123131","","x","",11,"nem","nem"
"D","20","HU","7019055988","2010","2","HU","7019052969","HU","7019053168","","B","",11,"nem","nem"
"D","2013","HU","7043022967","2012","2","HU","7011014507","HU","7050017998","","E","",11,"nem","nem"
"D","20","HU","7019079564","2013","1","HU","7019060542","HU","7019066803","","E","",11,"nem","nem"
"D","20","HU","7043035110","2016","1","HU","7050053497","HU","7043022941","","E","",11,"nem","nem"
"D","20","HU","7030037198","2010","1","","","HU","7030024367","","E","",11,"nem","nem"
"D","20","HU","7019082478","2013","2","","","HU","7024019430","","E","",11,"nem","nem"
"D","20","HU","7043035280","2017","2","HU","7050053497","HU","7043017163","","a","",11,"nem","nem"
"D","20","HU","7019088953","2019","2","HU","7049041849","HU","7019135338","","x","",11,"nem","nem"
"D","20","HU","7043043722","2019","1","HU","7043024240","HU","7045030519","","k","",11,"nem","nem"
"D","20","HU","7024023949","2008","2","","","","","","B","",11,"nem","nem"
"D","20","HU","7050078850","2016","1","HU","7050038401","HU","7050063353","","x","",11,"nem","nem"
"D","20","HU","7043021180","2011","1","","","HU","7059006818","","E","",11,"nem","nem"
"D","20","HU","7050078285","2016","1","HU","7050063522","HU","7050063494","","x","",11,"nem","nem"
"D","20","HU","7043042338","2019","2","HU","7050053497","HU","7043033259","","a","",11,"nem","nem"
"D","20","HU","7046023837","2006","2","","","","","","E","",11,"nem","nem"
"D","20","HU","7043030131","2015","1","HU","7043025449","HU","7031020164","","E","",11,"nem","nem"
"D","20","HU","7043030003","2015","2","HU","7011014507","HU","7043029753","","E","",11,"nem","nem"
"D","20","HU","7049062521","2019","1","HU","7043035206","HU","7049041597","","E","",11,"nem","nem"
"D","20","HU","7059006889","2014","2","HU","7011014507","HU","7043017163","","a","",11,"nem","nem"
"D","20","HU","7049065892","2019","1","HU","7019112133","HU","7049048648","","a","",11,"nem","nem"
"D","20","HU","7019067862","2012","2","HU","7019048377","HU","7024019120","","E","",11,"nem","nem"
"D","201","HU","7025080174","2019","2","HU","7050063519","HU","7050063209","","E","",11,"nem","nem"
"D","2001","HU","7043033332","2016","1","HU","7011014507","HU","7043020840","","E","",11,"nem","nem"
"D","20","HU","7043033444","2016","1","HU","7019067622","HU","7043020949","","a","",11,"nem","nem"
"D","20","HU","7049061661","2018","2","HU","7019112133","HU","7049041625","","x","",11,"nem","nem"
"D","2001","HU","7043020824","2011","1","HU","7011014507","HU","7009039888","","E","",11,"nem","nem"
"D","20","HU","7050078326","2016","1","HU","7050038401","HU","7050062774","","E","",11,"nem","nem"
"D","20","HU","7064000230","1998","2","","","","","","E","",11,"nem","nem"
"D","20","HU","7030037200","2010","1","","","HU","7030024367","","E","",11,"nem","nem"
"D","20","HU","7050085490","2017","1","HU","7019083127","HU","7050067836","","E","",11,"nem","nem"
"D","20","HU","7049065805","2019","2","HU","7019112133","HU","7049048875","","b","",11,"nem","nem"
"D","20","HU","7026035988","2014","1","HU","7026032097","HU","7026031926","","E","",11,"nem","nem"
"D","20","HU","7019056129","2010","1","","","HU","7003077554","","E","",11,"nem","nem"
"D","20","HU","7019111893","2015","1","HU","7019088119","HU","7019067606","","k","",11,"nem","nem"
"D","20","HU","7049065988","2019","2","HU","7019112133","HU","7049057181","","E","",11,"nem","nem"
"D","20","HU","7031020560","2007","2","","","","","","E","",11,"nem","nem"
"D","20","HU","7043025791","2013","1","HU","7045031242","HU","7045030689","","E","",11,"nem","nem"
"D","20","HU","7043037378","2017","2","HU","7050053497","HU","7043029753","","a","",11,"nem","nem"
"D","20","HU","7019063813","2008","2","","","","","","B","",11,"nem","nem"
"D","20","HU","7043033642","2016","1","HU","7019067622","HU","7043022912","","E","",11,"nem","nem"
"D","20","HU","7043023955","2014","2","HU","7011014507","HU","7043019280","","a","",11,"nem","nem"
"D","20","HU","7004047705","2006","2","HU","7012005021","HU","7059004618","","B","",11,"nem","nem"
"D","20","HU","7059004407","1997","2","","","","","","E","",11,"nem","nem"
"D","20","HU","7043021148","2011","1","HU","7011014507","HU","7009040620","","E","",11,"nem","nem"
"D","20","HU","7019088911","2019","2","HU","7050087728","HU","7019135271","","x","",11,"nem","nem"
"D","20","HU","7049061942","2018","2","HU","7049048820","HU","7049048648","","E","",11,"nem","nem"
"D","20","HU","7008078563","2005","2","","","","","","E","",11,"nem","nem"
"D","20","HU","7019066184","2011","1","HU","7019048418","HU","7019053100","","E","",11,"nem","nem"
"D","20","HU","7049065917","2019","1","HU","7049048820","HU","7049057392","","E","",11,"nem","nem"
"D","20","HU","7019076912","2012","1","HU","7019055991","HU","7019045994","","E","",11,"nem","nem"
"D","20","HU","7043037448","2017","1","HU","7019067622","HU","7043030722","","k","",11,"nem","nem"
"D","2000","HU","7059006917","2014","1","HU","7019067622","HU","7043023054","","E","",11,"nem","nem"
"D","20","HU","7019056273","2011","2","HU","7019052956","HU","7056021485","","b","",11,"nem","nem"
"D","20","HU","7051041989","2016","2","HU","7019082647","HU","7051036789","","b","",11,"nem","nem"
"D","20","HU","7043042060","2018","1","HU","7050053497","HU","7043030636","","k","",11,"nem","nem"
"D","20","HU","7049057433","2017","1","HU","7019112133","HU","7049041625","","k","",11,"nem","nem"
"D","20","HU","7030049337","2011","2","HU","7030042190","HU","7030024297","","E","",11,"nem","nem"
"D","20","HU","7050085362","2017","1","HU","7050063519","HU","7050062620","","x","",11,"nem","nem"
"D","20","HU","7043024406","2014","1","HU","7019067622","HU","7043023827","","E","",11,"nem","nem"
"D","20","HU","7043023603","2013","1","HU","7011014507","HU","7043019293","","E","",11,"nem","nem"
"D","20","HU","7043037266","2019","1","HU","7043024208","HU","7055025365","","k","",11,"nem","nem"
"D","20","HU","7031020362","2006","2","","","","","","E","",11,"nem","nem"
"D","20","HU","7043033390","2016","1","HU","7019067622","HU","7043023054","","E","",11,"nem","nem"
"D","20","HU","7019077153","2012","1","HU","7030044556","HU","7019053027","","E","",11,"nem","nem"
"D","2000","HU","7043037886","2018","1","HU","7019123722","HU","7043024419","","k","",11,"nem","nem"
"D","20","HU","7043030623","2015","2","HU","7019077137","HU","7043025762","","b","",11,"nem","nem"
"D","20","HU","7050087629","2017","1","HU","7025048653","HU","7025048682","","k","",11,"nem","nem"
"D","20","HU","7043037112","2018","2","HU","7043024208","HU","7043025973","","b","",11,"nem","nem"
"D","20","HU","7019077012","2012","2","HU","7030044556","HU","7019056257","","E","",11,"nem","nem"
"D","20","HU","7019082746","2014","1","HU","7019055991","HU","7019076699","","E","",11,"nem","nem"
"D","20","HU","7031019971","2008","2","","","","","","E","",11,"nem","nem"
"D","20","HU","7019123582","2016","1","HU","7026036103","HU","7019092277","","k","",11,"nem","nem"
"D","20","HU","7019056299","2011","1","HU","7019055991","HU","7019053001","","E","",11,"nem","nem"
"D","20","HU","7019066340","2011","1","HU","7019055991","HU","7019053184","","K","",11,"nem","nem"
"D","20","HU","7043023278","2012","2","HU","7011014507","HU","7009040620","","E","",11,"nem","nem"
"D","20","HU","7049035213","2014","1","","","HU","7049022200","","E","",11,"nem","nem"
"D","20","HU","7049061814","2018","1","HU","7049048820","HU","7049028181","","E","",11,"nem","nem"
"D","20","HU","7043030991","2015","1","HU","7019067622","HU","7043020923","","a","",11,"nem","nem"
"D","20","HU","7019111736","2015","1","HU","7019088119","HU","7019067354","","K","",11,"nem","nem"
"D","20","HU","7050077945","2016","2","HU","7050063522","HU","7050062576","","x","",11,"nem","nem"
"D","20","HU","7043043579","2019","1","HU","7019123722","HU","7043022912","","E","",11,"nem","nem"
"D","20","HU","7019123438","2016","2","HU","7019091771","HU","7019067284","","b","",11,"nem","nem"
"D","20","HU","7019066973","2011","1","HU","7019048377","HU","7028010648","","E","",11,"nem","nem"
"D","20","HU","7043042916","2019","2","HU","7019123722","HU","7043034908","","a","",11,"nem","nem"
"D","20","HU","7019083622","2013","1","HU","7030044556","HU","7019053001","","E","",11,"nem","nem"
"D","20","HU","7050087731","2017","1","HU","7025048653","HU","7050038443","","k","",11,"nem","nem"
"D","20","HU","7019066168","2011","1","HU","7019052972","HU","7019045741","","K","",11,"nem","nem"
"D","201","HU","7043021119","2011","1","HU","7011014507","HU","7043015752","","E","",11,"nem","nem"
"D","20","HU","7003051596","2011","2","HU","7045031242","HU","7031020528","","E","",11,"nem","nem"
"D","20","HU","7019079861","2013","1","HU","7019066410","HU","7028010648","","E","",11,"nem","nem"
"D","20","HU","7031020599","2007","2","","","","","","E","",11,"nem","nem"
"D","20","HU","7049048789","2016","1","HU","7043024240","HU","7049022185","","k","",11,"nem","nem"
"D","20","HU","7049057657","2017","2","HU","7019112133","HU","7049041779","","a","",11,"nem","nem"
"D","20","HU","7019091601","2014","2","HU","7025030450","HU","7019060555","","b","",11,"nem","nem"
"D","20","HU","7050075480","2016","1","HU","7019082647","HU","7050053583","","k","",11,"nem","nem"
"D","20","HU","7030036931","2010","1","","","HU","7030024271","","E","",11,"nem","nem"
"D","20","HU","7003051398","2011","2","HU","7045031242","HU","7031019955","","E","",11,"nem","nem"
"D","20","HU","7049037640","2014","1","","","HU","7049019664","","E","",11,"nem","nem"
"D","20","HU","7003077723","2005","2","","","","","","E","",11,"nem","nem"
"D","20","HU","7043025283","2013","1","HU","7045031242","HU","7045030519","","E","",11,"nem","nem"
"D","20","HU","7043036900","2018","1","HU","7043024208","HU","7043030342","","k","",11,"nem","nem"
"D","20","HU","7043033741","2016","1","HU","7011014507","HU","7043020808","","k","",11,"nem","nem"
"D","20","HU","7019048418","2008","1","","","","","","B","",11,"nem","nem"
"D","20","HU","7019052956","2007","1","","","","","","B","",11,"nem","nem"
"D","20","HU","7003051202","2010","2","","","HU","7055023079","","E","",11,"nem","nem"
"D","20","HU","7030070607","2014","1","HU","7019067495","HU","7030066242","","E","",11,"nem","nem"
"D","20","HU","7019076941","2012","2","HU","7019055991","HU","7024023949","","E","",11,"nem","nem"
"D","20","HU","7019076967","2012","1","HU","7019055991","HU","7019053098","","K","",11,"nem","igen"
"D","20","HU","7043020808","2011","2","HU","7011014507","HU","7009039817","","B","",11,"nem","nem"
"D","20","HU","7019076235","2012","1","HU","7030044556","HU","7019053030","","K","",11,"nem","igen"
"D","20","HU","7019079241","2013","2","HU","7019066410","HU","7019046560","","b","",11,"nem","nem"
"D","20","HU","7030060655","2012","2","HU","7030048563","HU","7030024312","","b","",11,"nem","nem"
"D","20","HU","7019079494","2013","2","HU","7019060542","HU","7019067172","","b","",11,"nem","nem"
"D","20","HU","7019079692","2013","2","HU","7019066410","HU","7028018042","","b","",11,"nem","nem"
"D","20","HU","7019079775","2013","2","HU","7019066410","HU","7019046528","","B","",11,"nem","nem"
"D","20","HU","7019079803","2013","2","HU","7019060542","HU","7019066915","","E","",11,"nem","igen"
"D","20","HU","7008077629","2006","2","","","","","","E","",11,"nem","nem"
"D","20","HU","7046023808","2006","2","","","","","","E","",11,"nem","nem"
"D","20","HU","7046023895","2006","2","","","","","","E","",11,"nem","nem"
"D","20","HU","7019042368","2006","2","","","","","","B","",11,"nem","nem"
"D","20","HU","7009011419","2005","2","","","","","","B","",11,"nem","nem"
"D","20","HU","7003051509","2011","2","HU","7045031242","HU","7064002373","","E","",11,"nem","nem"
"D","20","HU","7019066379","2011","2","HU","7019048377","HU","7009011422","","B","",11,"nem","nem"
"D","20","HU","7019056413","2011","2","HU","7019055991","HU","7019053030","","B","",11,"nem","nem"
"D","20","HU","7019067114","2011","2","HU","7019048377","HU","7019045600","","E","",11,"nem","igen"
"D","20","HU","7019067172","2011","2","","","HU","7019060555","","E","",11,"nem","nem"
"D","20","HU","7019067284","2011","2","","","HU","7019046429","","E","",11,"nem","nem"
"D","20","HU","7019064306","2011","2","HU","7019055991","HU","7019053142","","E","",11,"nem","nem"
"D","20","HU","7030049085","2011","2","HU","7030042190","HU","7030024271","","E","",11,"nem","nem"
"D","20","HU","7038020633","2010","2","HU","7021005685","HU","7008076420","","E","",11,"nem","nem"
"D","20","HU","7019066241","2011","2","HU","7019052956","HU","7019053098","","E","",11,"nem","nem"
"D","20","HU","7030066255","2011","2","","","","","","E","",11,"nem","nem"
"D","20","HU","7025030393","2010","2","","","","","","B",2,11,"nem","nem"
"D","20","HU","7043019280","2010","2","HU","7011014507","HU","7059004647","","B","",11,"nem","nem"
"D","20","HU","7009021221","2006","2","","","","","","E","",11,"nem","igen"
"D","20","HU","7019076318","2012","2","HU","7019055991","HU","7024019472","","B","",11,"nem","nem"
"D","20","HU","7019088049","2013","2","HU","7025030450","HU","7024020706","","B","",11,"nem","nem"
"D","20","HU","7043022938","2012","2","HU","7011014507","HU","7059006793","","E","",11,"nem","nem"
"D","20","HU","7043022941","2012","2","HU","7011014507","HU","7059006764","","E","",11,"nem","nem"
"D","20","HU","7043023559","2013","2","HU","7011014507","HU","7059004647","","E","",11,"nem","nem"
"D","20","HU","7030049689","2014","2","HU","7019067495","HU","7030036986","","E","",11,"nem","nem"
"D","20","HU","7030049704","2014","2","HU","7019067495","HU","7030024312","","E","",11,"nem","nem"
"D","20","HU","7030049803","2014","2","HU","7019067495","HU","7030049100","","E","",11,"nem","nem"
"D","20","HU","7043023731","2013","2","HU","7043020879","HU","7009039846","","E","",11,"nem","nem"
"D","20","HU","7043023898","2013","2","HU","7011014507","HU","7043021250","","A","",11,"nem","nem"
"D","20","HU","7030070467","2014","2","HU","7019067495","HU","7030060725","","E","",11,"nem","nem"
"D","20","HU","7030070566","2014","2","HU","7019067495","HU","7030049254","","E","",11,"nem","nem"
"D","20","HU","7019045684","2009","2","","","","","","E","",11,"nem","nem"
"D","20","HU","7026031843","2009","2","","","","","","E","",11,"nem","nem"
"D","20","HU","7026031926","2009","2","","","","","","E","",11,"nem","nem"
"D","20","HU","7045030113","2009","2","","","","","","B","",11,"nem","nem"
"D","20","HU","7030049634","2014","2","HU","7019067495","HU","7030049423","","E","",11,"nem","nem"
"D","20","HU","7050044321","2013","1","HU","7025030450","HU","7025030380","","B","",11,"nem","nem"
"D","20","HU","7026032323","2013","2","HU","7046022401","HU","7046024135","","E","",11,"nem","nem"
"D","20","HU","7025037048","2014","2","HU","7038020873","HU","7038020662","","E","",11,"nem","nem"
"D","20","HU","7019091289","2014","2","HU","7025030450","HU","7019045572",6909981,"B",2,11,"nem","nem"
"D","20","HU","7019091474","2014","2","HU","7025030450","HU","7019067789","","A","",11,"nem","nem"
"D","20","HU","7025037064","2014","2","HU","7038020873","HU","7038021746","","E","",11,"nem","nem"
"D","20","HU","7043023971","2014","2","HU","7019067622","HU","7050004758","","E","",11,"nem","nem"
"D","20","HU","7019091614","2014","2","HU","7025030450","HU","7019046528","","B","",11,"nem","nem"
"D","20","HU","7019091713","2014","2","HU","7019079197","HU","7024019485","","B","",11,"nem","nem"
"D","20","HU","7043025605","2014","2","HU","7036005834","HU","7045030519","","E","",11,"nem","nem"
"D","20","HU","7043025999","2014","2","HU","7045031242","HU","7055025534","","E","",11,"nem","nem"
"D","20","HU","7043026044","2014","2","HU","7045031242","HU","7031019885","","E","",11,"nem","nem"
"D","20","HU","7019082618","2014","2","HU","7019055991","HU","7019056385","","a","",11,"nem","nem"
"D","20","HU","7019082663","2014","2","HU","7019055991","HU","7019076488",6737115,"A",2,11,"nem","igen"
"D","20","HU","7019083309","2014","2","HU","7030044556","HU","7019056059","","E","",11,"nem","nem"
"D","20","HU","7019082564","2014","2","HU","7019055991","HU","7019076488","","E","",11,"nem","nem"
"D","20","HU","7019082605","2014","2","HU","7019055991","HU","7019056385","","E","",11,"nem","nem"
"D","20","HU","7036023245","2011","2","","","","","","E","",11,"nem","nem"
"D","20","HU","7038021324","2011","2","HU","7038006057","HU","7008077380","","E","",11,"nem","nem"
"D","20","HU","7019079184","2012","2","HU","7019048377","HU","7019045572","","B","",11,"nem","nem"
"D","20","HU","7019079197","2012","1","HU","7019048377","HU","7019045572","","B","",11,"nem","nem"
"D","20","HU","7019067354","2012","2","HU","7019048380","HU","7019060399","","B","",11,"nem","nem"
"D","20","HU","7025026590","2012","2","HU","7038006057","HU","7008076350","","E","",11,"nem","nem"
"D","20","HU","7051033364","2012","2","","","","","","E","",11,"nem","nem"
"D","20","HU","7019067549","2012","2","HU","7019048380","HU","7019060232","","E","",11,"nem","igen"
"D","20","HU","7019067622","2012","1","HU","7019048380","HU","7019045709","","B","",11,"nem","nem"
"D","20","HU","7019067651","2012","2","HU","7019048380","HU","7030024916","","B","",11,"nem","nem"
"D","20","HU","7019067718","2012","2","HU","7019048380","HU","7019048319","","B","",11,"nem","nem"
"D","20","HU","7025026769","2012","2","HU","7038021270","HU","7038020758","","E","",11,"nem","nem"
"D","20","HU","7025026772","2012","2","HU","7038021270","HU","7038020758","","E","",11,"nem","nem"
"D","20","HU","7043021164","2011","2","HU","7011014507","HU","7043017163","","A","",11,"nem","nem"
"D","20","HU","7019067747","2012","2","HU","7019048377","HU","7019046429","","B","",11,"nem","nem"
"D","20","HU","7019048405","2008","2","","","","","","B","",11,"nem","nem"
"D","20","HU","7019053056","2008","2","","","","","","B","",11,"nem","nem"
"D","20","HU","7019045741","2008","2","","","","","","B","",11,"nem","nem"
"D","20","HU","7019046528","2008","2","","","","","","B","",11,"nem","nem"
"D","20","HU","7024020706","2008","2","","","","","","B","",11,"nem","igen"
"D","20","HU","7030049436","2011","1","HU","7030042190","HU","7030024396","","E","",11,"nem","nem"
"D","20","HU","7030049564","2011","2","HU","7030042190","HU","7030024750","","E","",11,"nem","nem"
"D","20","HU","7030037101","2010","2","","","HU","7030024718","","E","",11,"nem","nem"
"D","20","HU","7019067226","2011","2","HU","7019048380","HU","7019063813","","E","",11,"nem","nem"
"D","20","HU","7030049113","2011","1","HU","7030042190","HU","7030024411","","K","",11,"nem","nem"
"D","20","HU","7038020688","2010","2","HU","7021005685","HU","7008077504","","E","",11,"nem","nem"
"D","20","HU","7030049324","2011","1","HU","7030042190","HU","7030024297","","K","",11,"nem","nem"
"D","20","HU","7038021270","2010","1","HU","7021005685","HU","7037003633","","B","",11,"nem","nem"
"D","2001","HU","7043015749","2010","2","HU","7011014268","HU","7050004589","","E","",11,"nem","nem"
"D","20","HU","7043017569","2010","2","HU","7011014268","HU","7059006946","","E","",11,"nem","nem"
"D","20","HU","7019060188","2010","1","HU","7019048377","HU","7024023486","","K","",11,"nem","nem"
"D","2011","HU","7043021007","2011","2","HU","7011014507","HU","7050009443","","E","",11,"nem","nem"
"D","20","HU","7030060530","2012","1","HU","7030048563","HU","7010044835","","E","",11,"nem","nem"
"D","20","HU","7030060712","2012","1","HU","7030048563","HU","7030038904","","E","",11,"nem","nem"
"D","20","HU","7030060783","2012","1","HU","7030048563","HU","7030037156","","K","",11,"nem","nem"
"D","20","HU","7019079436","2013","2","","","HU","7024019120","","E","",11,"nem","nem"
"D","20","HU","7019079522","2013","2","","","HU","7019048335","","E","",11,"nem","nem"
"D","2001","HU","7043023041","2012","2","HU","7011014507","HU","7043021106","","b","",11,"nem","nem"
"D","20","HU","7043023124","2012","1","HU","7011014507","HU","7059004506","","E","",11,"nem","nem"
"D","20","HU","7043023111","2012","1","HU","7011014507","HU","7059004506","","E","",11,"nem","nem"
"D","20","HU","7036023232","2011","2","","","","","","E","",11,"nem","nem"
"D","20","HU","7038021494","2011","1","HU","7038006057","HU","7008075867","","E","",11,"nem","nem"
"D","20","HU","7043025506","2014","2","HU","7036005834","HU","7045030650","","E","",11,"nem","nem"
"D","20","HU","7030024172","2007","2","","","","","","B","",11,"nem","nem"
"D","20","HU","7030024255","2007","2","","","","","","E","",11,"nem","nem"
"D","20","HU","7030024297","2007","2","","","","","","B","",11,"nem","nem"
"D","20","HU","7043025717","2013","2","HU","7045031242","HU","7031020375","","E","",11,"nem","nem"
"D","20","HU","7043025832","2013","2","HU","7045031242","HU","7031019885","","E","",11,"nem","nem"
"D","20","HU","7008077504","2006","2","","","","","","E","",11,"nem","nem"
"D","20","HU","7030048563","2006","1","","","","","","B","",11,"nem","nem"
"D","20","HU","7046023712","2006","2","","","","","","E","",11,"nem","nem"
"D","20","HU","7059004506","1998","2","","","","","","E","",11,"nem","nem"
"D","20","HU","7058037121","2000","2","","","","","","E","",11,"nem","nem"
"D","20","HU","7019045671","2008","2","","","","","","B","",11,"nem","nem"
"D","20","HU","7019048322","2008","2","","","","","","B","",11,"nem","nem"
"D","20","HU","7019083044","2015","2","HU","7019055991","HU","7019056286","","E","",11,"nem","nem"
"D","20","HU","7050053567","2014","2","HU","7050038399","HU","7024025165","","E","",11,"nem","nem"
"D","20","HU","7019091359","2014","1","HU","7025030450","HU","7028010648","","K","",11,"nem","nem"
"D","20","HU","7019097508","2013","2","","","","","","B","",11,"nem","nem"
"D","20","HU","7025030405","2010","2","","","","","","E","",11,"nem","nem"
"D","20","HU","7019092181","2014","2","","","","","","E","",11,"nem","nem"
"D","20","HU","7019092277","2014","2","","","","","","B","",11,"nem","nem"
"D","20","HU","7050062729","2012","2","","","","","","B","",11,"nem","nem"
"D","20","HU","7050062774","2012","2","","","","",4665472,"B",1,11,"nem","igen"
"D","20","HU","7043025324","2013","2","HU","7045031242","HU","7003051624","","E","",11,"nem","nem"
"D","20","HU","7043025395","2013","2","HU","7045031242","HU","7003051442","","E","",11,"nem","nem"
"D","20","HU","7039009893","2009","2","","","","","","E","",11,"nem","nem"
"D","2013","HU","7043015877","2009","1","HU","7012005021","HU","7059004618","","E","",11,"nem","nem"
"D","20","HU","7043017077","2009","2","HU","7012005021","HU","7009039817","","E","",11,"nem","nem"
"D","20","HU","7050075394","2016","2","HU","7050053512","HU","7050057798","","E","",11,"nem","nem"
"D","20","HU","7050075729","2016","2","HU","7019082647","HU","7032011365",8994963,"b","",11,"nem","nem"
"D","20","HU","7050075732","2016","2","HU","7050053512","HU","7050053509","","E","",11,"nem","nem"
"D","20","HU","7050075774","2016","2","HU","7050070948","HU","7025048567","","E","",11,"nem","nem"
"D","20","HU","7050075873","2016","2","HU","7050070948","HU","7050053525",9909243,"E","",11,"nem","nem"
"D","20","HU","7050080044","2016","2","HU","7050070948","HU","7050053400","","E","",11,"nem","nem"
"D","20","HU","7025048640","2015","2","HU","7019088106","HU","7025039165",6909981,"B",2,11,"nem","nem"
"D","20","HU","7025048682","2015","2","HU","7019088106","HU","7050044293","","A","",11,"nem","nem"
"D","20","HU","7025048806","2015","2","HU","7019088106","HU","7032012085","","E","",11,"nem","nem"
"D","20","HU","7025048835","2015","2","HU","7019088106","HU","7050037174","","b","",11,"nem","nem"
"D","20","HU","7043033415","2016","2","HU","7019067622","HU","7043023054","","b","",11,"nem","nem"
"D","2001","HU","7043034966","2016","2","HU","7050053497","HU","7043023575","","B","",11,"nem","nem"
"D","20","HU","7043035066","2016","2","HU","7019067622","HU","7043023715","","a","",11,"nem","nem"
"D","20","HU","7043035136","2016","2","HU","7050053497","HU","7043024196","","A","",11,"nem","nem"
"D","20","HU","7043029964","2015","2","HU","7019067622","HU","7043021250","","A","",11,"nem","nem"
"D","20","HU","7019111765","2015","2","HU","7019088119","HU","7019067763","","A","",11,"nem","nem"
"D","20","HU","7019111880","2015","2","HU","7019088119","HU","7019067606","","A","",11,"nem","nem"
"D","20","HU","7019111950","2015","2","HU","7019079197","HU","7019088065","","E","",11,"nem","nem"
"D","20","HU","7019112089","2015","2","HU","7019088119","HU","7028010648","","B","",11,"nem","nem"
"D","20","HU","7019112203","2015","2","HU","7019088119","HU","7019079689","","A",1,11,"nem","nem"
"D","20","HU","7050063449","2014","2","","","","","","B","",11,"nem","nem"
"D","20","HU","7019127218","2016","2","HU","7019055991","HU","7019048405","","B",3,11,"nem","nem"
"D","20","HU","7043030186","2015","1","HU","7043025449","HU","7003051567","","k","",11,"nem","nem"
"D","20","HU","7043030214","2015","1","HU","7043025449","HU","7045030113","","k","",11,"nem","nem"
"D","20","HU","7043030847","2015","2","HU","7011014507","HU","7043019280","","A","",11,"nem","nem"
"D","20","HU","7043030962","2015","2","HU","7011014507","HU","7043022938","","b","",11,"nem","nem"
"D","20","HU","7019123722","2016","1","HU","7019091771","HU","7019079296","","B","",11,"nem","nem"
"D","20","HU","7019122705","2016","2","HU","7026036103","HU","7019091292","","b","",11,"nem","nem"
"D","20","HU","7019122747","2016","2","HU","7026036103","HU","7019091784","","b","",11,"nem","nem"
"D","20","HU","7019122945","2016","2","HU","7019088119","HU","7019067466","","a","",11,"nem","nem"
"D","20","HU","7019123061","2016","2","HU","7019091771","HU","7019079775","","A","",11,"nem","nem"
"D","20","HU","7019123298","2016","2","HU","7026036103","HU","7019091474","","A","",11,"nem","nem"
"D","20","HU","7049048581","2016","2","HU","7043024240","HU","7049035060","","E","",11,"nem","nem"
"D","20","HU","7049048648","2016","2","HU","7043024240","HU","7049034957",9915871,"A","",11,"nem","nem"
"D","20","HU","7019135127","2017","2","HU","7019112133","HU","7019079506","","A","",11,"nem","nem"
"D","202","HU","7019135200","2017","2","","","HU","7028010648","","E","",11,"nem","nem"
"D","20","HU","7043034544","2017","1","HU","7019077137","HU","7043030342","","K","",11,"nem","nem"
"D","20","HU","7019128462","2017","1","HU","7019082973","HU","7019076839","","K","",11,"nem","nem"
"D","20","HU","7019127375","2016","2","HU","7019055991","HU","7019045725",6737115,"B",1,11,"nem","nem"
"D","20","HU","7043035347","2017","2","HU","7050053497","HU","7043029980",1318221,"A",2,11,"nem","igen"
"D","20","HU","7043037422","2017","2","HU","7019067622","HU","7043021263","","E","",11,"nem","nem"
"D","20","HU","7043037617","2017","2","HU","7019067622","HU","7043019280","","E","",11,"nem","nem"
"D","20","HU","7049057615","2017","1","HU","7019112133","HU","7049034957","","E","",11,"nem","nem"
"D","20","HU","7019128433","2017","2","HU","7019082973","HU","7019076839",6737115,"A",2,11,"nem","igen"
"D","20","HU","7019128686","2017","2","HU","7019082973","HU","7019056286","","E","",11,"nem","nem"
"D","20","HU","7019128587","2017","1","HU","7019091656","HU","7019083763","","E","",11,"nem","nem"
"D","20","HU","7019126936","2016","2","HU","7019091656","HU","7019076011","","b","",11,"nem","nem"
"D","20","HU","7019127081","2016","2","HU","7019055991","HU","7019056385","","a","",11,"nem","nem"
"D","20","HU","7043035053","2016","1","HU","7019067622","HU","7043023715","","E","",11,"nem","nem"
"D","20","HU","7026042403","2015","2","HU","7019091362","HU","7026031971",4543495,"E","",11,"nem","nem"
"D","20","HU","7043034151","2017","2","HU","7043024208","HU","7043030090","","B","",11,"nem","nem"
"D","20","HU","7026052327","2016","2","HU","7026035566","HU","7026031898","","E","",11,"nem","nem"
"D","20","HU","7050085586","2017","2","HU","7019083127","HU","7050063142","","E","",11,"nem","nem"
"D","20","HU","7050085601","2017","1","HU","7019083127","HU","7050063171",4677048,"K","",11,"nem","nem"
"D","201","HU","7050078029","2016","2","HU","7050063522","HU","7050062589","","E","",11,"nem","nem"
"D","20","HU","7019137145","2018","2","HU","7049041782","HU","7019111947","","B","",11,"nem","nem"
"D","20","HU","7049057871","2018","2","HU","7049048820","HU","7049041597","","a","",11,"nem","nem"
"D","20","HU","7049061830","2018","2","HU","7049048820","HU","7049028181","","B","",11,"nem","nem"
"D","20","HU","7049062138","2018","2","HU","7019112133","HU","7049019705","","B","",11,"nem","nem"
"D","20","HU","7043036546","2018","1","HU","7043024208","HU","7043025436","","k","",11,"nem","nem"
"D","20","HU","7043036588","2018","1","HU","7043024208","HU","7043030090","","K","",11,"nem","nem"
"D","20","HU","7043036629","2018","1","HU","7043024208","HU","7003051314","","k","",11,"nem","nem"
"D","20","HU","7019128280","2017","2","HU","7019091656","HU","7019056004",6737115,"A",1,11,"nem","igen"
"D","20","HU","7019128376","2017","2","HU","7019091656","HU","7019076011","","E","",11,"nem","nem"
"D","20","HU","7019128673","2017","2","HU","7019082973","HU","7019083479","","E","",11,"nem","nem"
"D","20","HU","7019128701","2017","2","HU","7019082973","HU","7019076251","","E","",11,"nem","nem"
"D","20","HU","7019128727","2017","2","HU","7019082973","HU","7024019430","","E","",11,"nem","nem"
"D","20","HU","7050087728","2017","1","HU","7025048653","HU","7050038443","","B","",11,"nem","nem"
"D","20","HU","7050087760","2017","2","HU","7050053512","HU","7025048509","","b","",11,"nem","nem"
"D","20","HU","7019136847","2018","2","HU","7049041852","HU","7019123173",7752955,"A",1,11,"nem","nem"
"D","20","HU","7049057558","2017","2","HU","7025048710","HU","7049037682","","b","",11,"nem","nem"
"D","20","HU","7049057532","2017","2","HU","7019112133","HU","7049019664","","b","",11,"nem","nem"
"D","20","HU","7049057206","2017","2","HU","7043024240","HU","7049022185","","b","",11,"nem","nem"
"D","201","HU","7050078991","2018","2","HU","7050038401","HU","7050063072","","E","",11,"nem","nem"
"D","20","HU","7043035587","2018","2","HU","7019123722","HU","7043020808","","E","",11,"nem","nem"
"D","20","HU","7043035800","2018","2","HU","7050053497","HU","7043023898","","E","",11,"nem","nem"
"D","20","HU","7043041973","2018","2","HU","7019123722","HU","7043024295",1318221,"B",2,11,"nem","igen"
"D","20","HU","7043042028","2018","2","HU","7019123722","HU","7043024336","","a","",11,"nem","nem"
"D","20","HU","7050094933","2018","2","HU","7019123579","HU","7025048640","","E","",11,"nem","nem"
"D","20","HU","7050095187","2018","2","HU","7019123269","HU","7050053554","","A",1,11,"nem","nem"
"D","20","HU","7049061799","2018","2","HU","7049048820","HU","7049034957","","A","",11,"nem","nem"
"D","20","HU","7049062039","2018","2","HU","7019112133","HU","7049048536","","a","",11,"nem","nem"
"D","20","HU","7019127982","2018","2","HU","7019091656","HU","7019076040",6737115,"A",2,11,"nem","igen"
"D","20","HU","7019128066","2018","2","HU","7019091656","HU","7019082832",6737115,"A",2,11,"nem","igen"
"D","20","HU","7043037084","2018","2","HU","7043024208","HU","7055025365",6729882,"E","",11,"nem","nem"
"D","20","HU","7043036562","2018","2","HU","7043024208","HU","7043030090","","E","",11,"nem","nem"
"D","20","HU","7050094863","2018","2","HU","7019123269","HU","7025048682","","E","",11,"nem","nem"
"D","20","HU","7050095075","2018","2","HU","7019123269","HU","7050075758","","E","",11,"nem","nem"
"D","20","HU","7019135552","2019","1","HU","7049041782","HU","7019091560",7002582,"B","",11,"nem","nem"
"D","20","HU","7025079907","2019","2","HU","7050063519","HU","7050085304","","E","",11,"nem","nem"
"D","20","HU","7025080132","2019","2","HU","7050038401","HU","7050062745","","E","",11,"nem","nem"
"D","20","HU","7025080723","2019","1","HU","7050063519","HU","7050078821","","E","",11,"nem","nem"
"D","20","HU","7019127940","2018","1","HU","7019091656","HU","7019127700","","K","",11,"nem","nem"
"D","20","HU","7043037279","2019","1","HU","7043024208","HU","7043030425","","k","",11,"nem","nem"
"D","20","HU","7019137059","2018","2","HU","7049041849","HU","7019079311","","E","",11,"nem","nem"
"D","20","HU","7043036731","2019","2","HU","7043024240","HU","7043030144","","b",1,11,"nem","nem"
"D","20","HU","7050099558","2019","2","HU","7019123579","HU","7050075732","","E","",11,"nem","nem"
"D","20","HU","7050099826","2019","2","HU","7019123579","HU","7050087632","","a","",11,"nem","nem"
"D","20","HU","7043042271","2019","1","HU","7019123722","HU","7043021263","","A","",11,"nem","nem"
"D","20","HU","7043041829","2019","2","HU","7019123722","HU","7043023559",1318221,"B",2,11,"nem","igen"
"D","20","HU","7043044707","2019","2","HU","7050053497","HU","7043022941","","E","",11,"nem","nem"
"D","20","HU","7049071246","2021","2","HU","7049065991","HU","7049057756","","a",2,11,"nem","nem"
"D","20","HU","7049062406","2019","2","HU","7019112133","HU","7049048549","","a","",11,"nem","nem"
"D","20","HU","7049062422","2019","2","HU","7043035206","HU","7049048693","","a","",11,"nem","nem"
"D","20","HU","7049071303","2021","2","HU","7049065991","HU","7049041807","","E","",11,"nem","nem"
"D","20","HU","7067030944","2019","1","HU","7019082973","HU","7019127304","","E","",11,"nem","nem"
"D","20","HU","7067030887","2019","2","HU","7019082973","HU","7019097524","","B",3,11,"nem","nem"
"D","20","HU","7019140174","2019","2","HU","7049041782","HU","7019122929","","a","",11,"nem","nem"
"D","20","HU","7019135510","2019","1","HU","7050087728","HU","7019091333",6737115,"B","",11,"nem","igen"
"D","20","HU","7049071035","2020","2","HU","7049061702","HU","7049037682",2296751,"B",1,11,"nem","nem"
"D","20","HU","7049066848","2020","2","HU","7049061702","HU","7049037710","","E","",11,"nem","nem"
"D","20","HU","7049070865","2020","1","HU","7049048820","HU","7049041807","","E","",11,"nem","nem"
"D","20","HU","7049070696","2020","1","HU","7049048820","HU","7049048721","","k","",11,"nem","nem"
"D","20","HU","7049070977","2020","1","HU","7043035206","HU","7049057462",6684875,"K","",11,"nem","nem"
"D","20","HU","7049070443","2020","1","HU","7043035206","HU","7049062068","","E","",11,"nem","nem"
"D","20","HU","7049066749","2020","2","HU","7019112133","HU","7049062211","","E","",11,"nem","nem"
"D","20","HU","7043045526","2020","1","HU","7019123722","HU","7043033192","","k","",11,"nem","nem"
"D","20","HU","7043045779","2020","1","HU","7043035628","HU","7043021263","","a","",11,"nem","nem"
"D","20","HU","7065021656","2020","1","HU","7043034755","HU","7049048606","","E","",11,"nem","nem"
"D","20","HU","7065021669","2020","1","HU","7043034755","HU","7049048606","","E","",11,"nem","nem"
"D","20","HU","7065021458","2020","1","HU","7043034755","HU","7049048718","","k","",11,"nem","nem"
"D","20","HU","7065021474","2020","1","HU","7019136904","HU","7049048763","","E","",11,"nem","nem"
"D","20","HU","7019094349","2020","2","HU","7019136751","HU","7019137231","","E","",11,"nem","nem"
"D","20","HU","7049071150","2020","1","HU","7043035206","HU","7049041737","","K","",11,"nem","nem"
"D","20","HU","7067031312","2020","2","HU","7019127797","HU","7019076334","","A",2,11,"nem","nem"
"D","20","HU","7067031114","2020","1","HU","7019127797","HU","7019127966","","E","",11,"nem","nem"
"D","20","HU","7067031370","2020","1","HU","7019127797","HU","7019128321",8215035,"K","",11,"nem","igen"
"D","20","HU","7019140806","2020","2","HU","7019136988","HU","7019111880","","a","",11,"nem","nem"
"D","20","HU","7019140637","2020","2","HU","7019136988","HU","7019123160","","a","",11,"nem","nem"
"D","20","HU","7019140707","2020","2","HU","7019137046","HU","7019123441","","b","",11,"nem","nem"
"D","2002","HU","7019140596","2020","2","HU","7019137046","HU","7019135086","","E","",11,"nem","nem"
"D","20","HU","7019135859","2020","1","HU","7019136751","HU","7019079296","","k","",11,"nem","nem"
"D","20","HU","7019140640","2020","2","HU","7019137046","HU","7019112089","","A",1,11,"nem","nem"
"D","20","HU","7019135664","2020","1","HU","7019137046","HU","7019091614","","E","",11,"nem","nem"
"D","20","HU","7019135875","2020","1","HU","7019136988","HU","7019111848","","a","",11,"nem","nem"
"D","20","HU","7043044992","2020","1","HU","7019123722","HU","7043024451","","a","",11,"nem","nem"
"D","20","HU","7043044851","2020","2","HU","7043035628","HU","7043035561","","E","",11,"nem","nem"
"D","20","HU","7043045414","2020","1","HU","7043035628","HU","7043024422","","a","",11,"nem","nem"
"D","2000","HU","7043045401","2020","2","HU","7019123722","HU","7043034966",8800725,"E","",11,"nem","nem"
"D","2000","HU","7043045386","2020","1","HU","7019123722","HU","7043034966","","k","",11,"nem","nem"
"D","20","HU","7067031099","2020","2","HU","7019127797","HU","7019077070",6737115,"A",2,11,"nem","igen"
"D","20","HU","7083003041","2020","2","HU","7019123579","HU","7025048596","","A",2,11,"nem","nem"
"D","20","HU","7083003322","2020","1","HU","7050063519","HU","7025048640","","k","",11,"nem","nem"
"D","20","HU","7083003054","2020","2","HU","7050087702","HU","7050075633","","E","",11,"nem","nem"
"D","20","HU","7083003380","2020","2","HU","7050063519","HU","7050075844",6909981,"B",2,11,"nem","nem"
"D","20","HU","7083003166","2020","2","HU","7050063519","HU","7050075857","","b","",11,"nem","nem"
"D","20","HU","7083003278","2020","2","HU","7050063519","HU","7050087559","","E","",11,"nem","nem"
"D","20","HU","7043046048","2020","2","HU","7019123722","HU","7043033514",1318221,"A",3,11,"nem","igen"
"D","20","HU","7043046176","2020","2","HU","7043035628","HU","7043041861","","E","",11,"nem","nem"
"D","20","HU","7043046316","2020","1","HU","7043035628","HU","7043033569","","a","",11,"nem","nem"
"D","20","HU","7043046192","2020","1","HU","7043035628","HU","7043042015","","E","",11,"nem","nem"
"D","20","HU","7067040800","2020","2","","","","","","","",11,"nem","nem"
"D","20","HU","7049076621","2021","1","HU","7049068978","HU","7049034957","","k","",11,"nem","nem"
"D","20","HU","7049076098","2021","1","HU","7049065991","HU","7049037710","","k","",11,"nem","nem"
"D","20","HU","7049075930","2021","1","HU","7049065991","HU","7049041711","","k","",11,"nem","nem"
"D","20","HU","7049071288","2021","1","HU","7049065991","HU","7049041807","","E","",11,"nem","nem"
"D","20","HU","7049071163","2021","2","HU","7019135552","HU","7049048622",4665472,"A",1,11,"nem","igen"
"D","20","HU","7049071374","2021","2","HU","7019135552","HU","7049057181","","a",2,11,"nem","nem"
"D","20","HU","7049076212","2021","2","HU","7019135552","HU","7049057392","","a",1,11,"nem","nem"
"D","20","HU","7049076410","2021","1","HU","7049065991","HU","7049057446",1318221,"A","",11,"igen","igen"
"D","20","HU","7049071390","2021","1","HU","7019135552","HU","7049057686","","k","",11,"nem","nem"
"D","20","HU","7049076564","2021","1","HU","7049061702","HU","7049062167",1927591,"A","",11,"nem","nem"
"D","20","HU","7049076593","2021","1","HU","7049061702","HU","7049066260","","E","",11,"nem","nem"
"D","20","HU","7083006578","2021","2","HU","7025048822","HU","7050099769","","E","",11,"nem","nem"
"D","20","HU","7083006396","2021","1","HU","7025048822","HU","7050099826","","k","",11,"nem","nem"
"D","20","HU","7083006862","2021","2","HU","7049061702","HU","7049065748",6690319,"A",1,11,"nem","igen"
"D","20","HU","7083006817","2021","1","HU","7049061702","HU","7049066129","","E","",11,"nem","nem"
"D","20","HU","7083006833","2021","1","HU","7049068978","HU","7049066244","","K","",11,"nem","nem"
"D","20","HU","7034086776","2021","1","HU","7049066075","HU","7043045810","","K","",11,"nem","nem"
"D","20","HU","7083006523","2021","2","HU","7025048822","HU","7050075521","","B","",11,"nem","nem"
"D","20","HU","7083006309","2021","2","HU","7025048822","HU","7050094748","","b","",11,"nem","nem"
"D","20","HU","7067044718","2021","2","HU","7019082973","HU","7019082845",6737115,"A",1,11,"nem","igen"
"D","20","HU","7067044705","2021","2","HU","7019082973","HU","7019082845",6737115,"A",2,11,"nem","igen"
"D","201","HU","7077020261","2021","2","HU","7050087728","HU","7077010615",6858092,"E","",11,"nem","nem"
"D","20","HU","7043047643","2021","2","HU","7043035628","HU","7043024336","","a","",11,"nem","nem"
"D","20","HU","7043047490","2021","1","HU","7019123722","HU","7043035657","","E","",11,"nem","nem"
"D","20","HU","7043047755","2021","2","HU","7043035628","HU","7043035756",1318221,"b",1,11,"nem","igen"
"D","20","HU","7043049025","2021","2","HU","7043035628","HU","7043033259","","a","",11,"nem","nem"
"D","20","HU","7043049067","2021","1","HU","7043035628","HU","7043035318","","a","",11,"nem","nem"
"D","20","HU","7043049108","2021","2","HU","7043035628","HU","7043035615","","b","",11,"nem","nem"
"D","20","HU","7034086888","2021","2","HU","7049066075","HU","7043045076",8800725,"A","",11,"nem","igen"
"D","20","HU","7043044286","2021","1","HU","7043036645","HU","7043030537","","k","",11,"nem","nem"
"D","20","HU","7043044314","2021","2","HU","7043036645","HU","7043034742","","a","",11,"nem","nem"
"D","2000","HU","7043049252","2021","2","HU","7043035628","HU","7043031103","","x","",11,"nem","nem"
"D","2000","HU","7043049265","2021","2","HU","7043035628","HU","7043031103","","x","",11,"nem","nem"
"D","20","HU","7043049306","2021","2","HU","7043035628","HU","7043042987","","E","",11,"nem","nem"
"D","20","HU","7043044017","2021","2","HU","7043036645","HU","7043034218","","E","",11,"nem","nem"
"D","20","HU","7043043777","2021","1","HU","7043036645","HU","7043036786","","E","",11,"nem","nem"
"D","20","HU","7067044792","2021","1","HU","7019082973","HU","7019076363","","k","",11,"nem","nem"
"D","20","HU","7067044817","2021","1","HU","7019082973","HU","7019077070",4665472,"A","",11,"igen","igen"
"D","20","HU","7020212730","2021","1","HU","7043036645","HU","7043025634",6977135,"K","",11,"nem","nem"
"D","20","HU","7020212644","2021","1","HU","7043036645","HU","7043036731","","x","",11,"nem","nem"
"D","20","HU","7020212756","2021","2","HU","7043036645","HU","7043037125","","E",2,11,"nem","nem"
"D","20","HU","7043049348","2021","2","HU","7043035628","HU","7043024109",1318221,"A",1,11,"nem","igen"
"D","20","HU","7043049520","2021","2","HU","7043042271","HU","7043033316",7037085,"E","",11,"nem","nem"
"D","20","HU","7043049690","2021","1","HU","7043042271","HU","7043035574","","a","",11,"nem","nem"
"D","2000","HU","7043049546","2021","2","HU","7043035628","HU","7043040873",7037085,"E","",11,"nem","nem"
"D","20","HU","7043049562","2021","1","HU","7019123722","HU","7043042817","","E","",11,"nem","nem"
"D","20","HU","7043049588","2021","1","HU","7043042271","HU","7043043537","","E","",11,"nem","nem"
"D","20","HU","7043049603","2021","2","HU","7043042271","HU","7043043537","","E","",11,"nem","nem"
"D","20","HU","7019145434","2021","1","HU","7019143177","HU","7019112159",6635309,"A","",11,"nem","nem"
"D","20","HU","7019145533","2021","2","HU","7019143177","HU","7019123160","","a","",11,"nem","nem"
"D","20","HU","7019145687","2021","2","HU","7019143177","HU","7019140260","","b",1,11,"nem","nem"
"D","20","HU","7019145520","2021","1","HU","7019143177","HU","7019140343",4445146,"A","",11,"nem","nem"
"D","20","HU","7025090593","2021","1","HU","7049061900","HU","7050063142","","E","",11,"nem","nem"
"D","20","HU","7025092694","2021","2","HU","7050087070","HU","7050067836","","E","",11,"nem","nem"
"D","20","HU","7025090973","2021","1","HU","7050087070","HU","7050068035","","E","",11,"nem","nem"
"D","20","HU","7025090692","2021","2","HU","7050087070","HU","7050077987","","E","",11,"nem","nem"
"D","20","HU","7025090762","2021","1","HU","7049061900","HU","7050079228","","E","",11,"nem","nem"
"D","2001","HU","7025091002","2021","1","HU","7049061900","HU","7050086516","","E","",11,"nem","nem"
"D","20","HU","7020219331","2022","2","HU","7019135721","HU","7043030425",6729882,"b",1,11,"nem","nem"
"D","20","HU","7020219360","2022","1","HU","7019135721","HU","7043034148",6729882,"E","",11,"nem","nem"
"D","20","HU","7020219175","2022","2","HU","7019135721","HU","7043034218",6729882,"E","",11,"nem","nem"
"D","20","HU","7020212813","2022","2","HU","7019135721","HU","7043036562",6729882,"E","",11,"nem","nem"
"D","20","HU","7020219203","2022","2","HU","7019135721","HU","7043037084",6729882,"E","",11,"nem","nem"
"D","20","HU","7020219146","2022","2","HU","7019135721","HU","7043037125",6729882,"b",1,11,"nem","nem"
"D","20","HU","7020212798","2022","1","HU","7019135721","HU","7043043681","","K","",11,"nem","nem"
"D","20","HU","7067044549","2022","2","HU","7067030858","HU","7019127065","","a",3,11,"nem","nem"
"D","20","HU","7067044523","2022","1","HU","7067030858","HU","7019128602",8215035,"E","",11,"nem","igen"
"D","20","HU","7033109818","2022","1","HU","7019088106","HU","7043046150","","E","",11,"nem","nem"
"D","20","HU","7034090467","2022","1","HU","7049070894","HU","7043046019","","E","",11,"nem","nem"
"D","20","HU","7043049814","2022","1","HU","7043035628","HU","7043045399","","k","",11,"nem","nem"
"D","20","HU","7043049786","2022","2","HU","7043042271","HU","7043046080","","a","",11,"nem","nem"
"D","20","HU","7043051392","2022","2","HU","7043042271","HU","7043030722","","E","",11,"nem","nem"
"D","20","HU","7043051363","2022","2","HU","7043042271","HU","7043033259","","a","",11,"nem","nem"
"D","2000","HU","7043051318","2022","1","HU","7043042271","HU","7043042213","","k","",11,"nem","nem"
"D","20","HU","7043051561","2022","2","HU","7043035628","HU","7043024349","","a","",11,"nem","nem"
"D","20","HU","7043051628","2022","2","HU","7043042271","HU","7043035107","","E","",11,"nem","nem"
"D","20","HU","7043051631","2022","2","HU","7043042271","HU","7043035107","","E","",11,"nem","nem"
"D","20","HU","7043051545","2022","2","HU","7043042271","HU","7043044835","","E","",11,"nem","nem"
"D","20","HU","7043051644","2022","1","HU","7043042271","HU","7043045609","","a","",11,"nem","nem"
"D","20","HU","7034090342","2022","1","HU","7049071019","HU","7043045401","","E","",11,"nem","nem"
"D","20","HU","7049081962","2022","2","HU","7049065991","HU","7049037710",7114652,"a","",11,"nem","nem"
"D","20","HU","7049082187","2022","1","HU","7049070427","HU","7049057602","","A","",11,"nem","nem"
"D","20","HU","7049081863","2022","1","HU","7043045641","HU","7049057686","","k","",11,"nem","nem"
"D","20","HU","7049082017","2022","1","HU","7049070427","HU","7049062000","","k","",11,"nem","nem"
"D","20","HU","7049081595","2022","2","HU","7049061702","HU","7049062071",7752955,"E","",11,"nem","nem"
"D","20","HU","7049082202","2022","2","HU","7043045641","HU","7049062464",1145467,"A",2,11,"nem","nem"
"D","20","HU","7049082314","2022","2","HU","7043045641","HU","7049066046",4665472,"A",2,11,"nem","igen"
"D","20","HU","7049082033","2022","1","HU","7049070427","HU","7049070737","","E","",11,"nem","nem"
"D","20","HU","7049081719","2022","2","HU","7049070427","HU","7049076267",4665472,"A",1,11,"nem","igen"
"D","20","HU","7067044578","2022","2","HU","7067030858","HU","7019128433",6737115,"a",2,11,"nem","nem"
"D","20","HU","7025073071","2017","2","","","","","","E","",11,"nem","nem"
"D","20","HU","7025093893","2021","2","","","","",6722548,"E","",11,"nem","nem"
"D","20","HU","7025097727","2022","2","HU","7049061702","HU","7025080611",4665472,"B",1,11,"nem","igen"
"D","20","HU","7025097660","2022","2","HU","7049061702","HU","7050068035",4665472,"A",1,11,"nem","igen"
"D","20","HU","7025097587","2022","1","HU","7049061702","HU","7050086660","","E","",11,"nem","nem"
"D","20","HU","7025097615","2022","1","HU","7049061702","HU","7050087153","","E","",11,"nem","nem"
"D","20","HU","7067044271","2022","2","HU","7067030858","HU","7019127049","","b","",11,"nem","nem"
"D","20","HU","7067044312","2022","1","HU","7067030858","HU","7067031312","","E","",11,"nem","nem"
"D","20","HU","7032036575","2022","1","HU","7019144631","HU","7019122789","","a","",11,"nem","nem"
"D","20","HU","7032036687","2022","2","HU","7019144631","HU","7019122804","","a","",11,"nem","nem"
"D","20","HU","7032036645","2022","2","HU","7019144631","HU","7019122987","","a","",11,"nem","nem"
"D","20","HU","7032036520","2022","2","HU","7019144631","HU","7019135268","","E","",11,"nem","nem"
"D","20","HU","7032036629","2022","2","HU","7019144631","HU","7019137161",7752955,"a","",11,"nem","nem"
"D","20","HU","7083011286","2022","1","HU","7019135523","HU","7025048583","","a","",11,"nem","nem"
"D","20","HU","7083011567","2022","1","HU","7019135523","HU","7050094988","","E","",11,"nem","nem"
"D","20","HU","7083011468","2022","1","HU","7019135523","HU","7050099798","","k","",11,"nem","nem"
"D","20","HU","7083011385","2022","1","HU","7019135523","HU","7050099855","","E","",11,"nem","nem"
"D","20","HU","7043051855","2022","2","HU","7043042271","HU","7043046093","","a","",11,"nem","nem"
"D","20","HU","7043051686","2022","1","HU","7043042271","HU","7043046220","","x","",11,"nem","nem"
"D","20","HU","7043052041","2022","2","HU","7043035628","HU","7043023715","","a","",11,"nem","nem"
"D","20","HU","7043051897","2022","2","HU","7043035628","HU","7043035462","","a","",11,"nem","nem"
"D","20","HU","7034090384","2022","1","HU","7049071019","HU","7043045430",8942160,"A","",11,"nem","nem"
"D","20","HU","7025093004","2022","2","HU","7049061900","HU","7050078227","","a","",11,"nem","nem"
"D","20","HU","7025097561","2022","1","HU","7049061900","HU","7050078821","","E","",11,"nem","nem"
"D","2001","HU","7025093426","2022","1","HU","7049061900","HU","7050085333","","E","",11,"nem","nem"
"D","20","HU","7025092904","2022","2","HU","7049061900","HU","7050085531","","E","",11,"nem","nem"
"D","20","HU","7025097503","2022","2","HU","7049061900","HU","7050086558","","E","",11,"nem","nem"
"D","20","HU","7019149777","2022","2","HU","7019135747","HU","7019140075","","E","",11,"nem","nem"
"D","20","HU","7019149933","2022","2","HU","7019135747","HU","7019140190",7752955,"a","",11,"nem","nem"
"D","20","HU","7019149652","2022","2","HU","7049066145","HU","7049061830",7752955,"a","",11,"nem","nem"
"D","20","HU","7019149904","2022","2","HU","7019136988","HU","7019112261",7002582,"a","",11,"nem","nem"
"D","20","HU","7019145869","2022","1","HU","7019136988","HU","7019140103","","a","",11,"nem","nem"
"D","20","HU","7019149694","2022","2","HU","7019144628","HU","7019140202","","a","",11,"nem","nem"
"D","20","HU","7019145690","2022","2","HU","7019136988","HU","7019140257",7002582,"E","",11,"nem","nem"
"D","20","HU","7019149793","2022","2","HU","7019136988","HU","7019140356",7002582,"E","",11,"nem","nem"
"D","20","HU","7019145702","2022","2","HU","7019136988","HU","7019140187","","E","",11,"nem","nem"
"D","20","HU","7034090438","2022","2","HU","7049071019","HU","7043045766",8800725,"A","",11,"nem","igen"
"D","20","HU","7083011215","2022","1","HU","7050085627","HU","7049065920","","E","",11,"nem","nem"
"D","20","HU","7083011202","2022","2","HU","7050085627","HU","7049065920","","a","",11,"nem","nem"
"D","20","HU","7083009964","2022","1","HU","7050085627","HU","7049066244","","k","",11,"nem","nem"
"D","20","HU","7083011190","2022","2","HU","7050085627","HU","7049070414","","E","",11,"nem","nem"
"D","20","HU","7049088534","2023","2","HU","7067031028","HU","7049037710",6977948,"a","",11,"nem","igen"
"D","20","HU","7049088448","2023","1","HU","7067031028","HU","7049066851","","a","",11,"nem","nem"
"D","20","HU","7083011918","2022","2","HU","7049070849","HU","7049066822","","A","",11,"nem","nem"
"D","20","HU","7049088691","2023","1","HU","7067031028","HU","7049076337","","E","",11,"nem","nem"
"D","20","HU","7020223741","2023","2","HU","7019135721","HU","7020212657","","E","",11,"nem","nem"
"D","20","HU","7020223808","2023","2","HU","7019135721","HU","7043037084","","E","",11,"nem","nem"
"D","20","HU","7034087186","2023","2","HU","7049071019","HU","7034086763",8800725,"A","",11,"nem","igen"
"D","20","HU","7034087003","2023","1","HU","7049071019","HU","7034086820",9769214,"A","",11,"nem","nem"
"D","20","HU","7034087115","2023","2","HU","7049071019","HU","7043045401",8800725,"B","",11,"nem","igen"
"D","20","HU","7067044086","2023","1","HU","7067031367","HU","7067031086","","A","",11,"nem","nem"
"D","20","HU","7067044099","2023","1","HU","7067031367","HU","7067031086",8215035,"E","",11,"nem","igen"
"D","20","HU","7033114469","2023","2","HU","7030102939","HU","7033109917",1244991,"A","",11,"nem","igen"
"D","20","HU","7019123793","2023","1","HU","7067044817","HU","7019140385","","a","",11,"nem","nem"
"D","20","HU","7019123863","2023","1","HU","7049062448","HU","7019145674","","k","",11,"nem","nem"
"D","20","HU","7019123623","2023","2","HU","7067044817","HU","7049076407","","b","",11,"nem","nem"
"D","20","HU","7019124017","2023","1","HU","7049062448","HU","7019140653","","a","",11,"nem","nem"
"D","20","HU","7019124059","2023","2","HU","7049076650","HU","7019145517","","b","",11,"nem","nem"
"D","20","HU","7019135437","2023","1","HU","7049062448","HU","7049075956","","E","",11,"nem","nem"
"D","20","HU","7083015277","2023","2","HU","7050085627","HU","7083006891",6690319,"A","",11,"nem","igen"
"D","20","HU","7083015110","2023","1","HU","7050085627","HU","7049065920","","E","",11,"nem","nem"
"D","20","HU","7033114414","2023","1","HU","7030102939","HU","7019112120",6627544,"K","",11,"nem","nem"
"D","20","HU","7033114357","2023","1","HU","7030102939","HU","7049057462",6962278,"K","",11,"nem","nem"
"D","20","HU","7033114328","2023","2","HU","7030102939","HU","7049066260",1244991,"A","",11,"nem","igen"
"D","20","HU","7043054580","2023","2","HU","7043042271","HU","7043023492",1318221,"b","",11,"nem","igen"
"D","20","HU","7043054816","2023","2","HU","7049076410","HU","7043035644",1318221,"a","",11,"nem","igen"
"D","20","HU","7049088211","2023","1","HU","7049068978","HU","7049062055",4838067,"K","",11,"nem","nem"
"D","20","HU","7049088167","2023","1","HU","7049068978","HU","7049062464","","k","",11,"nem","nem"
"D","20","HU","7049088576","2023","1","HU","7049068978","HU","7049065777",1244991,"A","",11,"igen","igen"
"D","20","HU","7067056999","2023","2","HU","7067044817","HU","7083003380",6655815,"B",2,11,"nem","igen"
"D","20","HU","7019153228","2023","2","HU","7049076650","HU","7019123201",7752955,"b","",11,"nem","nem"
"D","20","HU","7019153174","2023","2","HU","7049076650","HU","7019140538",7752955,"a","",11,"nem","nem"
"D","20","HU","7019123470","2023","1","HU","7049062448","HU","7019145450","","k","",11,"nem","nem"
"D","20","HU","7083017790","2024","1","HU","7083003038","HU","7083006411",6809825,"A","",11,"igen","igen"
"D","20","HU","7083015699","2023","2","HU","7083006297","HU","7025048538",7109834,"a","",11,"nem","nem"
"D","20","HU","7083015392","2023","2","HU","7083006297","HU","7050095187",6880549,"A","",11,"nem","igen"
"D","20","HU","7083015574","2023","2","HU","7083006297","HU","7050099756","","b","",11,"nem","nem"
"D","20","HU","7083015660","2023","2","HU","7083006297","HU","7050099769",7109834,"a","",11,"nem","nem"
"D","20","HU","7083015631","2023","2","HU","7083006297","HU","7050099798",7109834,"b","",11,"nem","nem"
"D","20","HU","7083015488","2023","2","HU","7083006297","HU","7083006466","","E","",11,"nem","nem"
"D","20","HU","7083015462","2023","2","HU","7083006297","HU","7083006495",7109834,"a","",11,"nem","nem"
"D","20","HU","7025101284","2023","1","","","","","","E","",11,"nem","nem"
"D","20","HU","7025097855","2023","2","","","","","","E","",11,"nem","nem"
"D","20","HU","7025097897","2023","1","","","","","","E","",11,"nem","nem"
"D","20","HU","7025101651","2023","1","","","","","","E","",11,"nem","nem"
"D","20","HU","7025101664","2023","2","","","","","","E","",11,"nem","nem"
"D","20","HU","7025100944","2023","2","","","","","","E","",11,"nem","nem"
"D","2001","HU","7025101424","2023","2","","","","","","E","",11,"nem","nem"
"D","20","HU","7025101099","2023","2","","","","","","E","",11,"nem","nem"
"D","20","HU","7025101073","2023","2","","","","","","E","",11,"nem","nem"
"D","20","HU","7049092915","2024","2","HU","7067031028","HU","7049037710","","a","",11,"nem","nem"
"D","20","HU","7049092931","2024","2","HU","7067031028","HU","7049037710","","a","",11,"nem","nem"
"D","20","HU","7049092775","2024","2","HU","7067031028","HU","7049062000","","a","",11,"nem","nem"
"D","20","HU","7049092890","2024","2","HU","7049065991","HU","7049062464","","a","",11,"nem","nem"
"D","20","HU","7049092720","2024","1","HU","7049065991","HU","7049066132","","a","",11,"nem","nem"
"D","20","HU","7049092692","2024","1","HU","7049065991","HU","7049070737","","a","",11,"nem","nem"
"D","20","HU","7049092704","2024","1","HU","7049065991","HU","7049070737","","a","",11,"nem","nem"
"D","20","HU","7049092999","2024","2","HU","7067031028","HU","7049071035","","b","",11,"nem","nem"
"D","20","HU","7049092832","2024","1","HU","7067031028","HU","7049071262","","a","",11,"nem","nem"
"D","20","HU","7049092861","2024","2","HU","7067031028","HU","7049071262","","a","",11,"nem","nem"
"D","20","HU","7049092676","2024","1","HU","7019135552","HU","7049076270","","a","",11,"nem","nem"
"D","20","HU","7049092788","2024","1","HU","7049065991","HU","7049076337","","a","",11,"nem","nem"
"D","20","HU","7049093101","2024","1","HU","7067031028","HU","7049076506","","a","",11,"nem","nem"
"D","20","HU","7049092423","2024","1","HU","7019135552","HU","7049076663","","a","",11,"nem","nem"
"D","20","HU","7067044130","2023","2","HU","7067030858","HU","7019128149",6737115,"A","",11,"nem","igen"
"D","20","HU","7067055703","2023","2","HU","7067030858","HU","7067031099",6737115,"A","",11,"nem","igen"
"D","20","HU","7091000179","2023","1","HU","7049076410","HU","7043049009","","E","",11,"nem","nem"
"D","20","HU","7091000166","2023","1","HU","7049076410","HU","7043049393","","E","",11,"nem","nem"
"D","20","HU","7091000265","2023","2","HU","7049076410","HU","7043033514","","a","",11,"nem","nem"
"D","20","HU","7091000278","2023","1","HU","7049076410","HU","7043035756","","E","",11,"nem","nem"
"D","20","HU","7091000252","2023","1","HU","7049076410","HU","7043042015","","E","",11,"nem","nem"
"D","20","HU","7083017378","2024","1","HU","7049081889","HU","7049065748","","K","",11,"nem","nem"
"D","20","HU","7083017310","2024","2","HU","7049081889","HU","7083006862","","a","",11,"nem","nem"
"D","20","HU","7083017422","2024","1","HU","7049081889","HU","7083009993","","a","",11,"nem","nem"
"D","20","HU","7083017365","2024","2","HU","7049081889","HU","7083010003",6690319,"a","",11,"nem","igen"
"D","20","HU","7020223965","2024","2","HU","7019135721","HU","7020212657",6729882,"b","",11,"nem","nem"
"D","20","HU","7020223866","2024","2","HU","7019135721","HU","7020212660",6729882,"b","",11,"nem","nem"
"D","20","HU","7020228494","2024","2","HU","7019135721","HU","7020219159","","x","",11,"nem","nem"
"D","20","HU","7020228564","2024","2","HU","7019135721","HU","7020219203","","b","",11,"nem","nem"
"D","20","HU","7020228340","2024","1","HU","7019135721","HU","7020219328","","E","",11,"nem","nem"
"D","20","HU","7020223738","2024","2","HU","7019135721","HU","7043036421",6729882,"b","",11,"nem","nem"
"D","20","HU","7020223882","2024","2","HU","7019135721","HU","7043044385",6729882,"b","",11,"nem","nem"
"D","201","HU","7083018197","2024","1","HU","7049081607","HU","7077009998","","E","",11,"nem","nem"
"D","201","HU","7083018030","2024","2","HU","7049081607","HU","7077010631",6673952,"E","",11,"nem","igen"
"D","20","HU","7083018085","2024","2","HU","7049081607","HU","7083011905","","a","",11,"nem","nem"
"D","20","HU","7083018155","2024","2","HU","7049081607","HU","7083011905","","a","",11,"nem","nem"
"D","20","HU","7034095590","2024","2","HU","7043035628","HU","7019123131",6809825,"b","",11,"nem","igen"
"D","20","HU","7043054481","2023","2","HU","7043042271","HU","7043024349","","a","",11,"nem","nem"
"D","20","HU","7043054241","2023","2","HU","7049076410","HU","7043033811","","a","",11,"nem","nem"
"D","20","HU","7043054663","2023","2","HU","7043042271","HU","7043035561",6962278,"b","",11,"nem","nem"
"D","20","HU","7067055761","2023","1","HU","7067031367","HU","7067043960","","E","",11,"nem","nem"
"D","20","HU","7067055873","2023","1","HU","7067031367","HU","7067044622","","k","",11,"nem","nem"
"D","20","HU","7067055675","2023","2","HU","7067031367","HU","7067044776","","E","",11,"nem","nem"
"D","20","HU","7067059695","2024","2","HU","7049062448","HU","7083003380",6655815,"b","",11,"nem","igen"
"D","20","HU","7067056085","2024","2","HU","7067031367","HU","7067031086",6737115,"a","",11,"nem","igen"
"D","20","HU","7067055844","2024","1","HU","7067031367","HU","7067044424",8215035,"a","",11,"nem","igen"
"D","20","HU","7091003734","2024","1","HU","7030103000","HU","7043045852","","a","",11,"nem","nem"
"D","20","HU","7091004173","2024","2","HU","7049076410","HU","7043035657",1318221,"E","",11,"nem","igen"
"D","20","HU","7091004298","2024","1","HU","7030103000","HU","7043041902","","E","",11,"nem","nem"
"D","20","HU","7091004269","2024","1","HU","7030103000","HU","7043043537","","E","",11,"nem","nem"
"D","20","HU","7091004454","2024","1","HU","7030103000","HU","7043047458","","E","",11,"nem","nem"
"D","20","HU","7034102782","2025","2","HU","7043035628","HU","7049081751",6809825,"a","",11,"nem","igen"
"D","20","HU","7049093309","2024","1","HU","7067031028","HU","7049070472","","a","",11,"nem","nem"
"D","20","HU","7049093284","2024","1","HU","7067031028","HU","7049082059","","a","",11,"nem","nem"
"D","20","HU","7025104708","2025","1","HU","7083003038","HU","7025090999",4665472,"x","",11,"nem","igen"
"D","20","HU","7025104836","2025","1","HU","7083003038","HU","7025092681",4665472,"x","",11,"nem","igen"
"D","20","HU","7025104638","2025","2","HU","7083003038","HU","7050078227",4665472,"x","",11,"nem","igen"
"D","20","HU","7025104469","2025","1","HU","7083003038","HU","7050085531",4665472,"x","",11,"nem","igen"
"D","20","HU","7033121265","2025","1","HU","7049088576","HU","7019112120",1244991,"k","",11,"nem","igen"
"D","20","HU","7033121210","2025","2","HU","7049088576","HU","7033114331",1244991,"a","",11,"nem","igen"
"D","20","HU","7033121083","2025","2","HU","7049088576","HU","7043046150",1244991,"a","",11,"nem","igen"
"D","20","HU","7049097189","2025","1","HU","7083015011","HU","7049062167","","a","",11,"nem","nem"
"D","20","HU","7049097345","2025","2","HU","7067031028","HU","7049070472",1145467,"a","",11,"nem","igen"
"D","20","HU","7049097402","2025","1","HU","7067031028","HU","7049071259","","a","",11,"nem","nem"
"D","20","HU","7049097192","2025","1","HU","7067031028","HU","7049071262","","a","",11,"nem","nem"
"D","20","HU","7049097303","2025","1","HU","7083015011","HU","7049088141","","k","",11,"nem","nem"
"D","20","HU","7049093536","2025","1","HU","7067031028","HU","7049082075","","a","",11,"nem","nem"
"D","20","HU","7067056139","2024","2","HU","7067031367","HU","7019082832",6737115,"a","",11,"nem","igen"
"D","20","HU","7067056267","2024","1","HU","7067031367","HU","7067043902",8215035,"a","",11,"nem","igen"
"D","20","HU","7078008839","2025","1","HU","7034087003","HU","7034087074","","a","",11,"nem","nem"
"D","20","HU","7078008743","2025","2","HU","7034087003","HU","7034090272",8800725,"a","",11,"nem","igen"
"D","20","HU","7078008813","2025","1","HU","7034087003","HU","7034090339","","a","",11,"nem","nem"
"D","20","HU","7034099172","2025","2","HU","7034087003","HU","7043044710",8800725,"b","",11,"nem","igen"
"D","20","HU","7034099143","2025","2","HU","7034087003","HU","7043045922",8800725,"a","",11,"nem","igen"
"D","20","HU","7083020592","2025","1","HU","7049081889","HU","7083006846",6963480,"k","",11,"nem","igen"
"D","20","HU","7083020422","2025","1","HU","7049081889","HU","7083006862","","a","",11,"nem","nem"
"D","20","HU","7083020394","2025","2","HU","7049081889","HU","7083006891",6690319,"a","",11,"nem","igen"
"D","20","HU","7083020381","2025","1","HU","7049081889","HU","7083006891","","a","",11,"nem","nem"
"D","20","HU","7083020589","2025","1","HU","7049081889","HU","7083006916","","a","",11,"nem","nem"
"D","20","HU","7083020406","2025","1","HU","7049081889","HU","7083015066","","k","",11,"nem","nem"
"D","20","HU","7083020336","2025","1","HU","7049081889","HU","7083015277",6963480,"k","",11,"nem","igen"
"D","201","HU","7083020985","2025","1","HU","7049081607","HU","7077009998","","E","",11,"nem","nem"
"D","20","HU","7083020927","2025","2","HU","7067055659","HU","7083011905","","a","",11,"nem","nem"
"D","20","HU","7083020828","2025","2","HU","7067055659","HU","7083011918",6673952,"a","",11,"nem","igen"
"D","20","HU","7091004623","2025","1","HU","7049076410","HU","7043033811","","k","",11,"nem","nem"
"D","20","HU","7091004511","2025","1","HU","7030103000","HU","7043040703","","a","",11,"nem","nem"
"D","20","HU","7091004524","2025","1","HU","7030103000","HU","7043042156","","a","",11,"nem","nem"
"D","2000","HU","7091004595","2025","2","HU","7030103000","HU","7043042213","","b","",11,"nem","nem"
"D","20","HU","7091005046","2025","1","HU","7049076410","HU","7043047560","","k","",11,"nem","nem"
"D","20","HU","7091005091","2025","1","HU","7030103000","HU","7043049207",1318221,"k","",11,"nem","igen"
"D","20","HU","7091005129","2025","2","HU","7030103000","HU","7043054564",1318221,"b","",11,"nem","igen"
"D","20","HU","7049097527","2025","1","HU","7083015011","HU","7049034957","","k","",11,"nem","nem"
"D","20","HU","7049097444","2025","2","HU","7067031028","HU","7049066765","","a","",11,"nem","nem"
"D","20","HU","7049097460","2025","2","HU","7083015011","HU","7049076717",1145467,"a","",11,"nem","igen"
"D","20","HU","7025104159","2024","2","HU","7049061702","HU","7025080611","","b","",11,"nem","nem"
"D","20","HU","7025101820","2024","2","HU","7049061702","HU","7025090803",4665472,"b","",11,"nem","igen"
"D","20","HU","7025101916","2024","1","HU","7050079752","HU","7025090915","","k","",11,"nem","nem"
"D","20","HU","7025101792","2024","2","HU","7049061702","HU","7025090999",4665472,"a","",11,"nem","igen"
"D","20","HU","7025101974","2024","1","HU","7049061702","HU","7025092946","","k","",11,"nem","nem"
"D","20","HU","7025104302","2024","1","HU","7050079752","HU","7025097727","","k","",11,"nem","nem"
"D","20","HU","7025104290","2024","1","HU","7050079752","HU","7049076209","","a","",11,"nem","nem"
"D","20","HU","7025104216","2024","1","HU","7049061702","HU","7049081678","","a","",11,"nem","nem"
"D","20","HU","7025102131","2024","2","HU","7067044817","HU","7050085531",4665472,"a","",11,"nem","igen"
"D","20","HU","7025102102","2024","2","HU","7049061702","HU","7050085544",4665472,"b","",11,"nem","igen"
"D","2001","HU","7025101862","2024","1","HU","7049061702","HU","7050086545","","E","",11,"nem","nem"
"D","20","HU","7025104005","2024","2","HU","7067044817","HU","7050086660",4665472,"a","",11,"nem","igen"
"D","20","HU","7067056577","2024","1","HU","7067031367","HU","7019077070",8215035,"K","",11,"nem","igen"
"D","20","HU","7067061805","2024","2","HU","7067031367","HU","7019128321",6737115,"a","",11,"nem","igen"
"D","20","HU","7067061793","2024","1","HU","7067031367","HU","7067031198",8215035,"A","",11,"nem","igen"
"D","20","HU","7067061751","2024","2","HU","7067031367","HU","7067031312","","x","",11,"nem","nem"
"D","20","HU","7067061384","2025","1","HU","7067031031","HU","7019077124",6737115,"k","",11,"nem","igen"
"D","20","HU","7043054861","2024","1","HU","7049076410","HU","7043029753",1318221,"A","",11,"nem","igen"
"D","20","HU","7091003891","2024","2","HU","7030103000","HU","7043033259",1318221,"a","",11,"nem","igen"
"D","20","HU","7091003987","2024","1","HU","7049076410","HU","7043033569","","x","",11,"nem","nem"
"D","20","HU","7091003990","2024","1","HU","7049076410","HU","7043033569","","x","",11,"nem","nem"
"D","20","HU","7043055015","2024","2","HU","7030103000","HU","7043033811","","x","",11,"nem","nem"
"D","20","HU","7043055198","2024","1","HU","7049076410","HU","7043035318","","x","",11,"nem","nem"
"D","20","HU","7043055200","2024","1","HU","7049076410","HU","7043035347","","x","",11,"nem","nem"
"D","20","HU","7043055226","2024","2","HU","7049076410","HU","7043035347","","x","",11,"nem","nem"
"D","20","HU","7091000364","2024","1","HU","7049076410","HU","7043035631","","x","",11,"nem","nem"
"D","20","HU","7091003820","2024","2","HU","7049076410","HU","7043035701","","x","",11,"nem","nem"
"D","20","HU","7091003916","2024","2","HU","7049076410","HU","7043041072","","x","",11,"nem","nem"
"D","20","HU","7091003929","2024","2","HU","7049076410","HU","7043041072",1318221,"b","",11,"nem","igen"
"D","20","HU","7043055099","2024","2","HU","7030103000","HU","7043041829","","x","",11,"nem","nem"
"D","20","HU","7091000434","2024","2","HU","7030103000","HU","7043041915","","x","",11,"nem","nem"
"D","20","HU","7043055060","2024","2","HU","7030103000","HU","7043042156","","x","",11,"nem","nem"
"D","20","HU","7043054957","2024","1","HU","7049076410","HU","7043043582","","E","",11,"nem","nem"
"D","20","HU","7091000377","2024","1","HU","7030103000","HU","7043045399","","k","",11,"nem","nem"
"D","20","HU","7091003763","2024","2","HU","7030103000","HU","7043045609","","x","",11,"nem","nem"
"D","20","HU","7091003804","2024","1","HU","7049076410","HU","7043045836","","k","",11,"nem","nem"
"D","20","HU","7091003846","2024","1","HU","7030103000","HU","7043046093","","x","",11,"nem","nem"
"D","20","HU","7091003859","2024","2","HU","7030103000","HU","7043046093",1318221,"a","",11,"nem","igen"
"D","20","HU","7091003875","2024","2","HU","7030103000","HU","7043047742","","x","",11,"nem","nem"
"D","20","HU","7091000476","2024","1","HU","7049076410","HU","7043049054","","x","",11,"nem","nem"
"D","20","HU","7067061454","2025","1","HU","7067031031","HU","7067044185","","a","",11,"nem","nem"
"D","20","HU","7083021580","2025","2","HU","7083015334","HU","7025048538",6880549,"a","",11,"nem","igen"
"D","20","HU","7083021551","2025","2","HU","7083015334","HU","7083011273",9930672,"b","",11,"nem","nem"
"D","20","HU","7083021423","2025","2","HU","7083015334","HU","7083011299",6706311,"b","",11,"nem","nem"
"D","20","HU","7083021340","2025","2","HU","7083015334","HU","7083011509",6880549,"a","",11,"nem","igen"
"D","20","HU","7083021519","2025","1","HU","7083015334","HU","7083015529","","a","",11,"nem","nem"
"D","201","HU","7083020873","2025","1","HU","7049081607","HU","7077010660","","E","",11,"nem","nem"
"D","20","HU","7043040688","2018","1","HU","7050053497","HU","7043023559","","E","",11,"nem","nem"
"D","20","HU","7043044819","2019","1","HU","7019123722","HU","7043033569","","a","",11,"nem","nem"
"D","20","HU","7019076897","2012","1","HU","7019055991","HU","7019053043","","B","",11,"nem","nem"
"D","20","HU","7019088870","2019","2","HU","7019135213","HU","7019135239","","x","",11,"nem","nem"
"D","20","HU","7019056116","2010","2","","","HU","7003077554","","E","",11,"nem","nem"
"D","20","HU","7045030436","2009","2","","","","","","E","",11,"nem","nem"
"D","20","HU","7049065847","2019","2","HU","7043035206","HU","7049041625","","E","",11,"nem","nem"
"D","20","HU","7049065780","2019","1","HU","7019112133","HU","7049048875","","k","",11,"nem","nem"
"D","20","HU","7019045613","2008","2","","","","","","B","",11,"nem","nem"
"D","20","HU","7019092095","2018","2","HU","7049041782","HU","7019112191","","x","",11,"nem","nem"
"D","20","HU","7019056020","2010","2","HU","7019052969","HU","7019053072","","B","",11,"nem","nem"
"D","20","HU","7019112427","2018","1","HU","7049041782","HU","7019123144","","k","",11,"nem","nem"
"D","2011","HU","7043017431","2010","1","HU","7011014268","HU","7009040620","","E","",11,"nem","nem"
"D","20","HU","7043037307","2019","1","HU","7043024208","HU","7043030537","","k","",11,"nem","nem"
"D","20","HU","7055025620","2012","2","HU","7045031242","HU","7031020375","","E","",11,"nem","nem"
"D","20","HU","7051041934","2016","1","HU","7019082647","HU","7051033364","","E","",11,"nem","nem"
"D","20","HU","7043037518","2017","2","HU","7050053497","HU","7043020808","","a","",11,"nem","nem"
"D","20","HU","7049057347","2017","1","HU","7043024240","HU","7049035031","","E","",11,"nem","nem"
"D","2013","HU","7043020853","2011","2","HU","7011014507","HU","7050017998","","E","",11,"nem","nem"
"D","20","HU","7019092561","2018","2","HU","7049041852","HU","7019122619","","x","",11,"nem","nem"
"D","20","HU","7031019872","2008","2","","","","","","B","",11,"nem","nem"
"D","2000","HU","7043023872","2013","2","HU","7011014507","HU","7043020837","","E","",11,"nem","nem"
"D","20","HU","7043024167","2014","2","HU","7011014507","HU","7043022912","","E","",11,"nem","nem"
"D","20","HU","7045030449","2009","2","","","","","","E","",11,"nem","nem"
"D","20","HU","7019056400","2011","1","HU","7019055991","HU","7019053155","","K","",11,"nem","nem"
"D","20","HU","7043040761","2018","1","HU","7050053497","HU","7043033569","","E","",11,"nem","nem"
"D","20","HU","7019112539","2018","1","HU","7049041782","HU","7019123199","","k","",11,"nem","nem"
"D","20","HU","7051036776","2014","1","HU","7019056327","HU","7051033393","","E","",11,"nem","nem"
"D","20","HU","7003051400","2011","1","HU","7045031242","HU","7055023079","","E","",11,"nem","nem"
"D","20","HU","7019088841","2019","1","HU","7019135213","HU","7019135198","","x","",11,"nem","nem"
"D","20","HU","7019094295","2018","1","HU","7049041849","HU","7019122804","","k","",11,"nem","nem"
"D","20","HU","7050009399","2003","2","HU","7059004366","HU","7059004379","","B","",11,"nem","nem"
"D","20","HU","7019137103","2018","2","HU","7019111749","HU","7019111637","","a","",11,"nem","nem"
"D","20","HU","7030049267","2011","1","HU","7030042190","HU","7010044934","","E","",11,"nem","nem"
"D","20","HU","7019060344","2010","1","HU","7019048364","HU","7024019485","","E","",11,"nem","nem"
"D","20","HU","7043041113","2019","2","HU","7050053497","HU","7043020808","","a","",11,"nem","nem"
"D","20","HU","7019056103","2010","1","HU","7019052969","HU","7019053030","","B","",11,"nem","nem"
"D","20","HU","7019092488","2018","2","HU","7049041849","HU","7019122763","","x","",11,"nem","nem"
"D","20","HU","7038021759","2011","2","HU","7038006057","HU","7008076350","","E","",11,"nem","nem"
"D","20","HU","7049066215","2019","2","HU","7049048820","HU","7049037682","","b","",11,"nem","nem"
"D","20","HU","7003051286","2010","1","","","HU","7055023079","","E","",11,"nem","nem"
"D","20","HU","7019088966","2019","1","HU","7049041782","HU","7019135341","","x","",11,"nem","nem"
"D","20","HU","7049061869","2018","1","HU","7050075550","HU","7049037710","","E","",11,"nem","nem"
"D","20","HU","7043025519","2014","1","HU","7036005834","HU","7003051442","","K","",11,"nem","nem"
"D","20","HU","7019127768","2016","1","HU","7019055991","HU","7019056330","","k","",11,"nem","nem"
"D","20","HU","7049061629","2018","1","HU","7019112133","HU","7049048565","","E","",11,"nem","nem"
"D","20","HU","7025026587","2012","1","HU","7038006057","HU","7008076350","","E","",11,"nem","nem"
"D","20","HU","7049041865","2016","1","HU","7043024240","HU","7049019664",8676061,"K","",11,"nem","nem"
"D","20","HU","7019094310","2018","1","HU","7049041852","HU","7019122862","","k","",11,"nem","nem"
"D","20","HU","7049066017","2019","1","HU","7043035206","HU","7049037653","","E","",11,"nem","nem"
"D","20","HU","7043033783","2016","2","HU","7050053497","HU","7043021234","","a","",11,"nem","nem"
"D","20","HU","7043026028","2014","1","HU","7045031242","HU","7031020375","","E","",11,"nem","nem"
"D","20","HU","7049066257","2019","1","HU","7049048820","HU","7049034999","","k","",11,"nem","nem"
"D","20","HU","7050095004","2018","2","HU","7019123579","HU","7025048567","","a","",11,"nem","nem"
"D","2002","HU","7019092389","2018","2","HU","7049041852","HU","7019122622","","E","",11,"nem","nem"
"D","20","HU","7026036129","2014","2","HU","7026032097","HU","7026031926","","E","",11,"nem","nem"
"D","20","HU","7043035475","2017","1","HU","7050053497","HU","7043024295","","k","",11,"nem","nem"
"D","20","HU","7031020531","2007","2","","","","","","E","",11,"nem","nem"
"D","20","HU","7043034065","2016","2","HU","7043024208","HU","7003051442","","a","",11,"nem","nem"
"D","201","HU","7050086657","2017","1","HU","7019083127","HU","7050063366","","E","",11,"nem","nem"
"D","2001","HU","7059007033","2014","1","HU","7011014507","HU","7009039888","","E","",11,"nem","nem"
"D","20","HU","7049065636","2019","2","HU","7043034755","HU","7049028181","","b","",11,"nem","nem"
"D","20","HU","7049048677","2016","1","HU","7049034506","HU","7049019721","","k","",11,"nem","nem"
"D","20","HU","7043023380","2012","1","HU","7011014507","HU","7004047705","","E","",11,"nem","nem"
"D","20","HU","7019066788","2011","1","HU","7019048380","HU","7019046490","","E","",11,"nem","nem"
"D","20","HU","7043036872","2017","1","HU","7019077137","HU","7043030425","","k","",11,"nem","nem"
"D","20","HU","7043033387","2016","2","HU","7019067622","HU","7043021135","","a","",11,"nem","nem"
"D","2001","HU","7025079725","2019","1","HU","7050063519","HU","7050085320","","E","",11,"nem","nem"
"D","20","HU","7019060258","2010","2","HU","7019048380","HU","7024020397","","b","",11,"nem","nem"
"D","20","HU","7043035529","2017","2","HU","7050053497","HU","7043023843","","a","",11,"nem","nem"
"D","20","HU","7019067507","2012","2","HU","7019048380","HU","7019060469","","E","",11,"nem","nem"
"D","20","HU","7049035114","2014","2","","","HU","7049019705","","E","",11,"nem","nem"
"D","20","HU","7043034078","2016","1","HU","7043024208","HU","7045030519","","k","",11,"nem","nem"
"D","20","HU","7049057277","2017","1","HU","7025048710","HU","7049035060","","k","",11,"nem","nem"
"D","20","HU","7030024284","2007","2","","","","","","E","",11,"nem","nem"
"D","20","HU","7043030566","2015","2","HU","7019077137","HU","7031019843","","b","",11,"nem","nem"
"D","20","HU","7043030045","2015","1","HU","7043025449","HU","7045030650","","E","",11,"nem","nem"
"D","20","HU","7019111794","2015","1","HU","7019079197","HU","7019046502","","k","",11,"nem","nem"
"D","20","HU","7019126981","2016","1","HU","7019055991","HU","7019076561","","k","",11,"nem","nem"
"D","20","HU","7019135648","2019","1","HU","7050087728","HU","7019111851","","E","",11,"nem","nem"
"D","20","HU","7019136876","2018","1","HU","7049041782","HU","7019079689","","k","",11,"nem","nem"
"D","20","HU","7031020445","2007","2","","","","","","E","",11,"nem","nem"
"D","20","HU","7030050377","2014","1","HU","7019067495","HU","7030037255","","E","",11,"nem","nem"
"D","20","HU","7019053027","2008","2","","","","","","B","",11,"nem","nem"
"D","20","HU","7050099772","2019","1","HU","7050087702","HU","7025030405","","E","",11,"nem","nem"
"D","20","HU","7019066634","2011","1","HU","7019048377","HU","7009011279","","E","",11,"nem","nem"
"D","20","HU","7043042002","2018","1","HU","7019123722","HU","7043030681","","k","",11,"nem","nem"
"D","2000","HU","7059006920","2014","1","HU","7019067622","HU","7043023054","","E","",11,"nem","nem"
"D","20","HU","7043040691","2018","1","HU","7019123722","HU","7043033259","","E","",11,"nem","nem"
"D","20","HU","7043030889","2015","2","HU","7019067622","HU","7043022912","","b","",11,"nem","nem"
"D","20","HU","7043023997","2013","1","HU","7011014507","HU","7004047705","","E","",11,"nem","nem"
"D","20","HU","7019056190","2011","1","HU","7019055920","HU","7019053113","","K","",11,"nem","nem"
"D","20","HU","7019067693","2012","2","HU","7019048380","HU","7019045668","","E","",11,"nem","nem"
"D","20","HU","7019137413","2018","1","HU","7019111749","HU","7019067408","","k","",11,"nem","nem"
"D","20","HU","7043033754","2016","2","HU","7011014507","HU","7043020808","","a","",11,"nem","nem"
"D","20","HU","7050094694","2018","1","HU","7019123269","HU","7050053525","","E","",11,"nem","nem"
"D","20","HU","7043036757","2019","2","HU","7043024240","HU","7043034388","","E","",11,"nem","nem"
"D","20","HU","7019045626","2008","2","","","","","","B","",11,"nem","nem"
"D","20","HU","7019094279","2018","1","HU","7049041852","HU","7019122792","","k","",11,"nem","nem"
"D","20","HU","7065016737","2019","1","HU","7019091656","HU","7049048664","","k","",11,"nem","nem"
"D","20","HU","7019127672","2016","1","HU","7019055991","HU","7019076008","","k","",11,"nem","nem"
"D","20","HU","7019083466","2013","1","HU","7030044556","HU","7003077851","","E","",11,"nem","nem"
"D","20","HU","7059006834","2014","1","HU","7019067622","HU","7043020402","","E","",11,"nem","nem"
"D","20","HU","7043037493","2017","1","HU","7050053497","HU","7043022912","","E","",11,"nem","nem"
"D","20","HU","7059006863","2014","1","HU","7019067622","HU","7043022884","","E","",11,"nem","nem"
"D","20","HU","7043023335","2012","2","HU","7011014507","HU","7043015570","","E","",11,"nem","nem"
"D","20","HU","7019127557","2016","1","HU","7019055991","HU","7019076644","","E","",11,"nem","nem"
"D","20","HU","7043023786","2013","1","HU","7011014507","HU","7043021135","","E","",11,"nem","nem"
"D","20","HU","7025080653","2019","1","HU","7025048710","HU","7050067836","","E","",11,"nem","nem"
"D","20","HU","7019053197","2008","2","","","","","","E","",11,"nem","nem"
"D","20","HU","7067030720","2018","1","HU","7019082973","HU","7019127065","","E","",11,"nem","nem"
"D","20","HU","7019066650","2011","1","HU","7019048377","HU","7019045671","","E","",11,"nem","nem"
"D","20","HU","7019088924","2019","1","HU","7050087728","HU","7019135297","","x","",11,"nem","nem"
"D","20","HU","7030024341","2007","2","","","","","","E","",11,"nem","nem"
"D","20","HU","7043035417","2017","2","HU","7050053497","HU","7043030904","","E","",11,"nem","nem"
"D","20","HU","7019135495","2019","1","HU","7049041782","HU","7019122987","","a","",11,"nem","nem"
"D","20","HU","7019127333","2016","1","HU","7019055991","HU","7003077554","","k","",11,"nem","nem"
"D","20","HU","7043033738","2016","1","HU","7050053497","HU","7043029836","","E","",11,"nem","nem"
"D","20","HU","7030070540","2014","1","HU","7019067495","HU","7030024718","","E","",11,"nem","nem"
"D","20","HU","7067030829","2019","2","HU","7019082973","HU","7019128194","","b","",11,"nem","nem"
"D","20","HU","7043042651","2019","1","HU","7019123722","HU","7043030904","","a","",11,"nem","nem"
"D","20","HU","7019088416","2019","2","HU","7049041849","HU","7019111765","","x","",11,"nem","nem"
"D","20","HU","7025036906","2013","1","HU","7038021270","HU","7038021366","","E","",11,"nem","nem"
"D","20","HU","7030049069","2011","2","HU","7030042190","HU","7030024338","","E","",11,"nem","nem"
"D","20","HU","7019066522","2011","1","HU","7019048377","HU","7019048335","","E","",11,"nem","nem"
"D","20","HU","7019088276","2019","1","HU","7050087728","HU","7019079311","","x","",11,"nem","nem"
"D","20","HU","7025079019","2018","1","HU","7050038401","HU","7050062576","","k","",11,"nem","nem"
"D","20","HU","7043036393","2017","2","HU","7043024208","HU","7043026073","","a","",11,"nem","nem"
"D","20","HU","7019079551","2013","1","HU","7019060542","HU","7019066803","","E","",11,"nem","nem"
"D","20","HU","7050086293","2017","1","HU","7019083127","HU","7050062646","","E","",11,"nem","nem"
"D","201","HU","7050087210","2018","1","HU","7019083127","HU","7050063209","","E","",11,"nem","nem"
"D","20","HU","7043020965","2011","1","HU","7011014507","HU","7050008088","","E","",11,"nem","nem"
"D","20","HU","7043042718","2019","1","HU","7019123722","HU","7043023926","","k","",11,"nem","nem"
"D","20","HU","7008078026","2002","2","","","","","","E","",11,"nem","nem"
"D","20","HU","7043023645","2013","1","HU","7011014507","HU","7043021164","","E","",11,"nem","nem"
"D","20","HU","7043044822","2019","1","HU","7019123722","HU","7043035574","","E","",11,"nem","nem"
"D","20","HU","7043037170","2019","1","HU","7043024208","HU","7043030508","","k","",11,"nem","nem"
"D","20","HU","7025080062","2019","1","HU","7025048710","HU","7050086660","","E","",11,"nem","nem"
"D","20","HU","7019083101","2015","2","HU","7019055991","HU","7019053030","","b","",11,"nem","nem"
"D","20","HU","7043024042","2013","1","HU","7011014507","HU","7043019280","","E","",11,"nem","nem"
"D","20","HU","7030025157","2007","2","","","","","","E","",11,"nem","nem"
"D","20","HU","7049062253","2018","2","HU","7019112133","HU","7049037682","","x","",11,"nem","nem"
"D","20","HU","7043025494","2014","1","HU","7036005834","HU","7045030650","","E","",11,"nem","nem"
"D","2001","HU","7043040857","2018","1","HU","7019123722","HU","7043023575","","E","",11,"nem","nem"
"D","20","HU","7019076532","2012","2","HU","7030044556","HU","7019056356","","E","",11,"nem","nem"
"D","20","HU","7043040774","2018","2","HU","7050053497","HU","7043033569","","E","",11,"nem","nem"
"D","20","HU","7065016740","2019","1","HU","7019091656","HU","7049048664","","k","",11,"nem","nem"
"D","20","HU","7049062323","2018","1","HU","7049048820","HU","7049019721","","E","",11,"nem","nem"
"D","20","HU","7049061786","2018","1","HU","7049048820","HU","7049034957","","E","",11,"nem","nem"
"D","20","HU","7025080059","2019","1","HU","7025048710","HU","7050086660","","E","",11,"nem","nem"
"D","20","HU","7019123876","2016","1","HU","7019088119","HU","7019067466","","a","",11,"nem","nem"
"D","20","HU","7019127445","2016","1","HU","7019055991","HU","7019077083","","E","",11,"nem","nem"
"D","20","HU","7019067536","2012","2","HU","7019048380","HU","7019045697","","E","",11,"nem","nem"
"D","20","HU","7049066088","2019","2","HU","7049048820","HU","7049057446","","E","",11,"nem","nem"
"D","20","HU","7019066100","2011","1","HU","7019052956","HU","7024020524","","E","",11,"nem","nem"
"D","20","HU","7043033808","2016","1","HU","7050053497","HU","7043020910","","k","",11,"nem","nem"
"D","20","HU","7043036591","2018","2","HU","7043024208","HU","7043026073","","a","",11,"nem","nem"
"D","20","HU","7049062589","2019","1","HU","7043035206","HU","7049041584","","E","",11,"nem","nem"
"D","20","HU","7019079746","2013","1","HU","7019060542","HU","7019067284","","E","",11,"nem","nem"
"D","20","HU","7019056260","2011","2","HU","7019052956","HU","7019053085","","b","",11,"nem","nem"
"D","20","HU","7019066551","2011","1","HU","7019048380","HU","7009011336","","E","",11,"nem","nem"
"D","20","HU","7043034177","2017","1","HU","7043024208","HU","7003051314","","E","",11,"nem","nem"
"D","20","HU","7019082522","2014","1","HU","7019055991","HU","7019077096","","E","",11,"nem","nem"
"D","20","HU","7019056187","2011","2","HU","7019055920","HU","7019053072","","E","",11,"nem","nem"
"D","2001","HU","7043030850","2015","1","HU","7011014507","HU","7043020840","","E","",11,"nem","nem"
"D","20","HU","7019076574","2012","2","HU","7019055991","HU","7019045725","","E","",11,"nem","nem"
"D","20","HU","7043030694","2015","1","HU","7011014507","HU","7043017163","","k","",11,"nem","nem"
"D","20","HU","7050087041","2018","1","HU","7050038401","HU","7050063494","","k","",11,"nem","nem"
"D","20","HU","7043034599","2016","1","HU","7019077137","HU","7031020375","","k","",11,"nem","nem"
"D","20","HU","7043034838","2016","1","HU","7019067622","HU","7043030678","","k","",11,"nem","nem"
"D","20","HU","7019091375","2014","1","HU","7025030450","HU","7028010648","","K","",11,"nem","nem"
"D","20","HU","7019079858","2013","1","HU","7019066410","HU","7028010648",1403596,"K","",11,"nem","nem"
"D","20","HU","7043034870","2016","1","HU","7019067622","HU","7043023559","","E","",11,"nem","nem"
"D","20","HU","7025037022","2014","1","HU","7038020873","HU","7025026769","","E","",11,"nem","nem"
"D","20","HU","7019077009","2012","2","HU","7030044556","HU","7019056257","","E","",11,"nem","nem"
"D","20","HU","7049048916","2016","1","HU","7043024240","HU","7049028181","","k","",11,"nem","nem"
"D","20","HU","7043036830","2017","1","HU","7019077137","HU","7043025692","","k","",11,"nem","nem"
"D","20","HU","7050099587","2019","1","HU","7050087702","HU","7050075419","","E","",11,"nem","nem"
"D","20","HU","7043043553","2019","1","HU","7050053497","HU","7043023591","","k","",11,"nem","nem"
"D","20","HU","7043042101","2018","1","HU","7019123722","HU","7043030706","","a","",11,"nem","nem"
"D","20","HU","7019091867","2018","1","HU","7019111749","HU","7019091289","","k","",11,"nem","nem"
"D","2000","HU","7043041803","2019","1","HU","7019123722","HU","7043024419","","k","",11,"nem","nem"
"D","20","HU","7043030368","2015","2","HU","7019077137","HU","7031020528","","b","",11,"nem","nem"
"D","20","HU","7019067859","2012","2","HU","7019048377","HU","7028018084","","E","",11,"nem","nem"
"D","20","HU","7049062196","2018","1","HU","7049048820","HU","7049041609","","E","",11,"nem","nem"
"D","20","HU","7043037521","2017","1","HU","7050053497","HU","7043029980","","E","",11,"nem","nem"
"D","20","HU","7019083198","2015","2","HU","7019055991","HU","7019083552","","E","",11,"nem","nem"
"D","20","HU","7043036913","2018","2","HU","7043024208","HU","7043030342","","a","",11,"nem","nem"
"D","20","HU","7043021010","2010","1","HU","7011014507","HU","7059004647","","B","",11,"nem","nem"
"D","20","HU","7019088388","2019","2","HU","7049041782","HU","7019092280","","x","",11,"nem","nem"
"D","20","HU","7043024154","2014","1","HU","7011014507","HU","7043019293","","E","",11,"nem","nem"
"D","20","HU","7025080442","2019","2","HU","7050063519","HU","7050078339","","E","",11,"nem","nem"
"D","20","HU","7043037208","2019","1","HU","7043024208","HU","7043030342","","k","",11,"nem","nem"
"D","20","HU","7067030717","2018","2","HU","7019082973","HU","7019127247",4739104,"b","",11,"nem","nem"
"D","20","HU","7043033824","2016","1","HU","7050053497","HU","7043024295","","k","",11,"nem","nem"
"D","20","HU","7050078847","2016","1","HU","7050063522","HU","7050062729","","x","",11,"nem","nem"
"D","20","HU","7043030652","2015","2","HU","7019067622","HU","7043021263","","x","",11,"nem","nem"
"D","20","HU","7019060414","2010","2","HU","7019048377","HU","7019045598","","b","",11,"nem","nem"
"D","20","HU","7043033530","2016","2","HU","7050053497","HU","7043023731","","E","",11,"nem","nem"
"D","20","HU","7049061872","2018","1","HU","7050075550","HU","7049037710","","E","",11,"nem","nem"
"D","2000","HU","7043033262","2016","1","HU","7050053497","HU","7043024419","","k","",11,"nem","nem"
"D","20","HU","7051036763","2014","1","HU","7019056327","HU","7051033393","","E","",11,"nem","nem"
"D","20","HU","7049062435","2019","1","HU","7043035206","HU","7049048635","","k","",11,"nem","nem"
"D","20","HU","7019066126","2011","2","HU","7019052956","HU","7019045770","","E","",11,"nem","nem"
"D","20","HU","7043035123","2016","2","HU","7050053497","HU","7043024196","","a","",11,"nem","nem"
"D","20","HU","7019079324","2013","1","HU","7019060542","HU","7019066423","","E","",11,"nem","nem"
"D","20","HU","7043022996","2012","2","HU","7011014507","HU","7059004465","","E","",11,"nem","nem"
"D","20","HU","7019123285","2016","1","HU","7019088119","HU","7019067763","","k","",11,"nem","nem"
"D","20","HU","7043037716","2017","2","HU","7019067622","HU","7043023054","","b","",11,"nem","nem"
"D","201","HU","7043017556","2010","1","HU","7011014507","HU","7043015752","","E","",11,"nem","nem"
"D","20","HU","7019088586","2019","2","HU","7019135213","HU","7019122875","","x","",11,"nem","nem"
"D","20","HU","7064000326","2000","2","","","HU","7064000058","","E","",11,"nem","nem"
"D","20","HU","7043037787","2017","1","HU","7050053497","HU","7043023690","","E","",11,"nem","nem"
"D","20","HU","7024020313","2007","2","","","","","","B","",11,"nem","nem"
"D","20","HU","7043037071","2018","2","HU","7043024208","HU","7031020317","","b","",11,"nem","nem"
"D","2001","HU","7043033345","2016","1","HU","7011014507","HU","7043020840","","E","",11,"nem","nem"
"D","20","HU","7049062480","2019","2","HU","7043035206","HU","7049037710","","E","",11,"nem","nem"
"D","20","HU","7019079254","2013","1","","","HU","7019046122","","E","",11,"nem","nem"
"D","20","HU","7050095158","2018","1","HU","7019123579","HU","7050075729","","k","",11,"nem","nem"
"D","20","HU","7029001427","2001","2","HU","7000062993","HU","7000030086","","B","",11,"nem","nem"
"D","20","HU","7025084462","2019","1","HU","7050038401","HU","7050086558","","E","",11,"nem","nem"
"D","20","HU","7049062042","2018","1","HU","7019112133","HU","7049048888","","E","",11,"nem","nem"
"D","20","HU","7003050904","2010","2","","","HU","7031020375","","E","",11,"nem","nem"
"D","20","HU","7019056091","2010","2","HU","7019052969","HU","7019053030","","B","",11,"nem","nem"
"D","20","HU","7019088304","2019","1","HU","7049041782","HU","7019091180","","x","",11,"nem","nem"
"D","20","HU","7049035127","2014","1","","","HU","7049019718","","E","",11,"nem","nem"
"D","20","HU","7043017457","2010","1","HU","7011014507","HU","7009039817","","E","",11,"nem","nem"
"D","20","HU","7019127234","2016","2","HU","7019055991","HU","7019053030","","b","",11,"nem","nem"
"D","20","HU","7043042789","2019","1","HU","7050053497","HU","7043030722","","k","",11,"nem","nem"
"D","20","HU","7043033486","2016","2","HU","7011014507","HU","7043021263","","a","",11,"nem","nem"
"D","20","HU","7051041947","2016","1","HU","7019082647","HU","7051033364","","E","",11,"nem","nem"
"D","20","HU","7067030915","2019","2","HU","7019082973","HU","7019128280",4739104,"x","",11,"nem","nem"
"D","20","HU","7049041795","2015","1","HU","7049034506","HU","7049022172","","E","",11,"nem","nem"
"D","20","HU","7025048611","2015","1","HU","7019088106","HU","7025030405","","E","",11,"nem","nem"
"D","20","HU","7019091502","2014","2","HU","7019067648","HU","7019060469","","a","",11,"nem","nem"
"D","20","HU","7043036728","2019","2","HU","7043024240","HU","7043030272","","b","",11,"nem","nem"
"D","20","HU","7043038113","2018","2","HU","7050053497","HU","7043034883","","E","",11,"nem","nem"
"D","20","HU","7043033712","2016","1","HU","7050053497","HU","7043023926","","k","",11,"nem","nem"
"D","20","HU","7043034036","2016","1","HU","7043024208","HU","7003051314","","k","",11,"nem","nem"
"D","20","HU","7043041069","2018","1","HU","7019123722","HU","7043022912","","E","",11,"nem","nem"
"D","20","HU","7030049746","2014","1","HU","7019067495","HU","7030059404","","E","",11,"nem","nem"
"D","201","HU","7030060639","2012","2","HU","7030048563","HU","7030037185","","E","",11,"nem","nem"
"D","20","HU","7043037349","2017","2","HU","7019067622","HU","7043023591","","a","",11,"nem","nem"
"D","20","HU","7049065793","2019","2","HU","7019112133","HU","7049048875","","b","",11,"nem","nem"
"D","2000","HU","7059007046","2014","1","HU","7011014507","HU","7043020811","","E","",11,"nem","nem"
"D","20","HU","7050077974","2016","1","HU","7050063522","HU","7050063212","","E","",11,"nem","nem"
"D","20","HU","7049062419","2019","1","HU","7043035206","HU","7049048693","","k","",11,"nem","nem"
"D","20","HU","7043034263","2016","1","HU","7043024208","HU","7031020164","","E","",11,"nem","nem"
"D","2001","HU","7025079572","2019","1","HU","7050063519","HU","7050078029","","E","",11,"nem","nem"
"D","20","HU","7019112568","2018","1","HU","7049041782","HU","7019123230","","k","",11,"nem","nem"
"D","20","HU","7043042114","2019","1","HU","7050053497","HU","7043024349","","k","",11,"nem","nem"
"D","20","HU","7019067440","2012","1","HU","7019048380","HU","7019046487","","E","",11,"nem","nem"
"D","20","HU","7050038414","2012","2","HU","7025030450","HU","7025030380","","E","",11,"nem","nem"
"D","20","HU","7043030371","2015","1","HU","7019077137","HU","7031019827","","E","",11,"nem","nem"
"D","20","HU","7003051356","2011","1","HU","7045031242","HU","7031020276","","E","",11,"nem","nem"
"D","20","HU","7019088346","2019","1","HU","7049041782","HU","7019091713","","x","",11,"nem","nem"
"D","20","HU","7025048736","2015","1","HU","7019088106","HU","7032011365","","k","",11,"nem","nem"
"D","20","HU","7038022099","2011","2","HU","7038006057","HU","7008077504","","E","",11,"nem","nem"
"D","20","HU","7025036881","2013","1","HU","7038021270","HU","7038021593","","E","",11,"nem","nem"
"D","20","HU","7019083370","2013","2","HU","7030044556","HU","7019053184","","E","",11,"nem","nem"
"D","20","HU","7019088883","2019","1","HU","7019135213","HU","7019135242","","x","",11,"nem","nem"
